#
# A fatal error has been detected by the Java Runtime Environment:
#
#  SIGSEGV (0xb) at pc=0x00007f18a9b67688, pid=21102, tid=0x00007f18496926c0
#
# JRE version: Java(TM) SE Runtime Environment (8.0_221-b11) (build 1.8.0_221-b11)
# Java VM: Java HotSpot(TM) 64-Bit Server VM (25.221-b11 mixed mode linux-amd64 compressed oops)
# Problematic frame:
# C  [libc.so.6+0xa7688]  __memmove_sse2_unaligned_erms+0x1c8
#
# Core dump written. Default location: /home/me/dev/projects/liferay-portal/modules/apps/segments/segments-service/core or core.21102
#
# If you would like to submit a bug report, please visit:
#   http://bugreport.java.com/bugreport/crash.jsp
# The crash happened outside the Java Virtual Machine in native code.
# See problematic frame for where to report the bug.
#

---------------  T H R E A D  ---------------

Current thread (0x00007f175400d800):  JavaThread "Execution worker Thread 10" [_thread_in_native, id=27317, stack(0x00007f1849593000,0x00007f1849693000)]

siginfo: si_signo: 11 (SIGSEGV), si_code: 2 (SEGV_ACCERR), si_addr: 0x00007f1870f01ff1

Registers:
RAX=0x00007f179013daf0, RBX=0x00007f169431b900, RCX=0x00007f1790148000, RDX=0x000000000000fd9c
RSP=0x00007f184968d9c8, RBP=0x00007f184968da40, RSI=0x00007f1870f01fe1, RDI=0x00007f179013daf0
R8 =0x0000000000000000, R9 =0x00007f179013daf0, R10=0x0000000000000003, R11=0x0000000000000001
R12=0x000000001128d4f6, R13=0x000000000000fd9c, R14=0x00007f17900767b0, R15=0x00007f1870ef7aa3
RIP=0x00007f18a9b67688, EFLAGS=0x0000000000010287, CSGSFS=0x002b000000000033, ERR=0x0000000000000004
  TRAPNO=0x000000000000000e

Top of Stack: (sp=0x00007f184968d9c8)
0x00007f184968d9c8:   00007f18a2811dba 0000000000000000
0x00007f184968d9d8:   00000007ade310c7 0000000000000000
0x00007f184968d9e8:   00007f180000ce86 00000000f2a4ce29
0x00007f184968d9f8:   00000000c192b32e 000000000000fd9c
0x00007f184968da08:   00000000ce8646bf 0000000000000024
0x00007f184968da18:   00007f169431ba10 0000000000000024
0x00007f184968da28:   000000008026b5d6 00007f169431b900
0x00007f184968da38:   00007f17d40a1390 00007f184968da90
0x00007f184968da48:   00007f18a28129fe 0100000500000024
0x00007f184968da58:   00007f184968dab0 0000005f00000000
0x00007f184968da68:   0000000000000024 00007f175400d9f8
0x00007f184968da78:   00007f184968df08 00007f184968dab0
0x00007f184968da88:   00007f169431b900 00007f184968def0
0x00007f184968da98:   00007f18a2803a75 00007f184968db60
0x00007f184968daa8:   00007f1800000001 464e492d4154454d
0x00007f184968dab8:   6372756f7365722f 492d4245572f7365
0x00007f184968dac8:   74636165722f464e 00007f00646c742e
0x00007f184968dad8:   00007f18938007a7 00007f180000000c
0x00007f184968dae8:   00007f18938007a7 00000005e2a5f9f0
0x00007f184968daf8:   00000007ae590098 0000000000001fa1
0x00007f184968db08:   00007f18902043d8 00007f184968dd40
0x00007f184968db18:   00007f184968dc00 00007f175400d800
0x00007f184968db28:   00007f175400d800 00007f184968dc00
0x00007f184968db38:   00007f184968de08 00007f180000000c
0x00007f184968db48:   00007f18902043d8 00007f175400d800
0x00007f184968db58:   00007f175400d800 0000000000000001
0x00007f184968db68:   00007f184968de00 00007f184968dc70
0x00007f184968db78:   00007f18a8c88529 00007f175400e1c8
0x00007f184968db88:   00000000000000d8 00007f184968dbc0
0x00007f184968db98:   00007f180000000c 00007f170000000d
0x00007f184968dba8:   00007f1790000090 00007f175400e118
0x00007f184968dbb8:   00007f179013dab0 00007f1790000030 

Instructions: (pc=0x00007f18a9b67688)
0x00007f18a9b67668:   10 44 16 f0 48 29 fe 48 83 e1 f0 48 01 ce 66 2e
0x00007f18a9b67678:   0f 1f 84 00 00 00 00 00 0f 10 4e 30 0f 10 56 20
0x00007f18a9b67688:   0f 10 5e 10 0f 10 26 48 83 c6 c0 0f 29 49 30 0f
0x00007f18a9b67698:   29 51 20 0f 29 59 10 0f 29 21 48 83 c1 c0 48 39 

Register to memory mapping:

RAX=0x00007f179013daf0 is an unknown value
RBX=0x00007f169431b900 is an unknown value
RCX=0x00007f1790148000 is an unknown value
RDX=0x000000000000fd9c is an unknown value
RSP=0x00007f184968d9c8 is pointing into the stack for thread: 0x00007f175400d800
RBP=0x00007f184968da40 is pointing into the stack for thread: 0x00007f175400d800
RSI=0x00007f1870f01fe1 is pointing into the stack for thread: 0x00007f172401f800
RDI=0x00007f179013daf0 is an unknown value
R8 =0x0000000000000000 is an unknown value
R9 =0x00007f179013daf0 is an unknown value
R10=0x0000000000000003 is an unknown value
R11=0x0000000000000001 is an unknown value
R12=0x000000001128d4f6 is an unknown value
R13=0x000000000000fd9c is an unknown value
R14=0x00007f17900767b0 is an unknown value
R15=0x00007f1870ef7aa3 is an unknown value


Stack: [0x00007f1849593000,0x00007f1849693000],  sp=0x00007f184968d9c8,  free space=1002k
Native frames: (J=compiled Java code, j=interpreted, Vv=VM code, C=native code)
C  [libc.so.6+0xa7688]  __memmove_sse2_unaligned_erms+0x1c8
C  [libzip.so+0x129fe]  ZIP_GetEntry2+0xde
C  [libzip.so+0x3a75]  Java_java_util_zip_ZipFile_getEntry+0x85
J 409  java.util.zip.ZipFile.getEntry(J[BZ)J (0 bytes) @ 0x00007f18939d9a9e [0x00007f18939d99c0+0xde]
J 11047 C2 java.util.zip.ZipFile.getEntry(Ljava/lang/String;)Ljava/util/zip/ZipEntry; (101 bytes) @ 0x00007f18950b5f60 [0x00007f18950b5be0+0x380]
J 42278 C2 sun.net.www.protocol.jar.JarURLConnection.connect()V (163 bytes) @ 0x00007f18965b1f68 [0x00007f18965b1800+0x768]
J 28476 C2 sun.net.www.protocol.jar.JarURLConnection.getInputStream()Ljava/io/InputStream; (97 bytes) @ 0x00007f1897bfdbf8 [0x00007f1897bfdbc0+0x38]
J 26732 C1 java.net.URL.openStream()Ljava/io/InputStream; (8 bytes) @ 0x00007f1898287d84 [0x00007f1898287ae0+0x2a4]
j  org.apache.tomcat.util.descriptor.tld.TldResourcePath.openStream()Ljava/io/InputStream;+28
j  org.apache.tomcat.util.descriptor.tld.TldParser.parse(Lorg/apache/tomcat/util/descriptor/tld/TldResourcePath;)Lorg/apache/tomcat/util/descriptor/tld/TaglibXml;+38
j  org.apache.jasper.servlet.TldScanner.parseTld(Lorg/apache/tomcat/util/descriptor/tld/TldResourcePath;)V+5
j  org.apache.jasper.servlet.TldScanner$TldScannerCallback.scan(Lorg/apache/tomcat/Jar;Ljava/lang/String;Z)V+76
j  org.apache.tomcat.util.scan.StandardJarScanner.process(Lorg/apache/tomcat/JarScanType;Lorg/apache/tomcat/JarScannerCallback;Ljava/net/URL;Ljava/lang/String;ZLjava/util/Deque;)V+93
j  org.apache.tomcat.util.scan.StandardJarScanner.processURLs(Lorg/apache/tomcat/JarScanType;Lorg/apache/tomcat/JarScannerCallback;Ljava/util/Set;ZLjava/util/Deque;)V+158
j  com.liferay.gradle.plugins.jasper.jspc.CompileJSPTask$1$1$1.processURLs(Lorg/apache/tomcat/JarScanType;Lorg/apache/tomcat/JarScannerCallback;Ljava/util/Set;ZLjava/util/Deque;)V+21
j  org.apache.tomcat.util.scan.StandardJarScanner.doScanClassPath(Lorg/apache/tomcat/JarScanType;Ljavax/servlet/ServletContext;Lorg/apache/tomcat/JarScannerCallback;Ljava/util/Set;)V+127
j  org.apache.tomcat.util.scan.StandardJarScanner.scan(Lorg/apache/tomcat/JarScanType;Ljavax/servlet/ServletContext;Lorg/apache/tomcat/JarScannerCallback;)V+413
j  org.apache.jasper.servlet.TldScanner.scanJars()V+26
j  com.liferay.gradle.plugins.jasper.jspc.CompileJSPTask$1$1.scanJars()V+21
j  org.apache.jasper.servlet.TldScanner.scan()V+15
j  org.apache.jasper.JspC.initServletContext(Ljava/lang/ClassLoader;)V+88
j  org.apache.jasper.JspC.execute()V+221
j  com.liferay.gradle.plugins.jasper.jspc.CompileJSPTask.compileJSP()V+46
v  ~StubRoutines::call_stub
V  [libjvm.so+0x68842b]  JavaCalls::call_helper(JavaValue*, methodHandle*, JavaCallArguments*, Thread*)+0xddb
V  [libjvm.so+0x999e55]  Reflection::invoke(instanceKlassHandle, methodHandle, Handle, bool, objArrayHandle, BasicType, objArrayHandle, bool, Thread*)+0xb65
V  [libjvm.so+0x99b796]  Reflection::invoke_method(oopDesc*, Handle, objArrayHandle, Thread*)+0x126
V  [libjvm.so+0x6fd472]  JVM_InvokeMethod+0x102
J 1937  sun.reflect.NativeMethodAccessorImpl.invoke0(Ljava/lang/reflect/Method;Ljava/lang/Object;[Ljava/lang/Object;)Ljava/lang/Object; (0 bytes) @ 0x00007f1893e8effd [0x00007f1893e8ef00+0xfd]
J 11153 C2 sun.reflect.NativeMethodAccessorImpl.invoke(Ljava/lang/Object;[Ljava/lang/Object;)Ljava/lang/Object; (104 bytes) @ 0x00007f18949448b4 [0x00007f1894944840+0x74]
J 9417 C2 org.gradle.internal.reflect.JavaMethod.invoke(Ljava/lang/Object;[Ljava/lang/Object;)Ljava/lang/Object; (74 bytes) @ 0x00007f18951d8c38 [0x00007f18951d8ba0+0x98]
J 34692 C1 org.gradle.api.internal.project.taskfactory.StandardTaskAction.doExecute(Lorg/gradle/api/Task;Ljava/lang/String;)V (21 bytes) @ 0x00007f1899648bb4 [0x00007f1899648620+0x594]
J 37248 C1 org.gradle.api.internal.project.taskfactory.StandardTaskAction.execute(Lorg/gradle/api/Task;)V (56 bytes) @ 0x00007f1895b3af54 [0x00007f1895b39840+0x1714]
J 38806 C1 org.gradle.api.internal.project.taskfactory.StandardTaskAction.execute(Ljava/lang/Object;)V (9 bytes) @ 0x00007f18970bf75c [0x00007f18970bf540+0x21c]
J 41570 C2 org.gradle.api.internal.tasks.execution.TaskExecution$3.run(Lorg/gradle/internal/operations/BuildOperationContext;)V (243 bytes) @ 0x00007f18958f6020 [0x00007f18958f5f60+0xc0]
J 13634 C2 org.gradle.internal.operations.DefaultBuildOperationRunner$1.execute(Lorg/gradle/internal/operations/BuildOperation;Lorg/gradle/internal/operations/BuildOperationContext;)V (10 bytes) @ 0x00007f1895d6ebc8 [0x00007f1895d6eb60+0x68]
J 13329 C2 org.gradle.internal.operations.DefaultBuildOperationRunner.run(Lorg/gradle/internal/operations/RunnableBuildOperation;)V (13 bytes) @ 0x00007f1895cd4df8 [0x00007f1895cd3680+0x1778]
J 41569 C2 org.gradle.api.internal.tasks.execution.TaskExecution.executeAction(Ljava/lang/String;Lorg/gradle/api/internal/TaskInternal;Lorg/gradle/api/internal/tasks/InputChangesAwareTaskAction;Lorg/gradle/internal/execution/history/changes/InputChangesInternal;Z)V (36 bytes) @ 0x00007f1896b23b20 [0x00007f1896b23a00+0x120]
J 34856 C1 org.gradle.api.internal.tasks.execution.TaskExecution.executeActions(Lorg/gradle/api/internal/TaskInternal;Lorg/gradle/internal/execution/history/changes/InputChangesInternal;)V (234 bytes) @ 0x00007f189756a034 [0x00007f1897568f80+0x10b4]
J 34854 C1 org.gradle.api.internal.tasks.execution.TaskExecution.executeWithPreviousOutputFiles(Lorg/gradle/internal/execution/history/changes/InputChangesInternal;)Lorg/gradle/internal/execution/UnitOfWork$WorkResult; (131 bytes) @ 0x00007f1899734344 [0x00007f1899733720+0xc24]
J 34849 C1 org.gradle.api.internal.tasks.execution.TaskExecution.execute(Lorg/gradle/internal/execution/UnitOfWork$ExecutionRequest;)Lorg/gradle/internal/execution/UnitOfWork$WorkOutput; (110 bytes) @ 0x00007f18997454d4 [0x00007f1899742f60+0x2574]
J 34847 C1 org.gradle.internal.execution.steps.ExecuteStep.executeInternal(Lorg/gradle/internal/execution/UnitOfWork;Lorg/gradle/internal/execution/steps/InputChangesContext;)Lorg/gradle/internal/execution/steps/Result; (78 bytes) @ 0x00007f1898c2411c [0x00007f1898c23c80+0x49c]
J 39179 C1 org.gradle.internal.execution.steps.ExecuteStep$1.call(Lorg/gradle/internal/operations/BuildOperationContext;)Ljava/lang/Object; (6 bytes) @ 0x00007f1894c8dabc [0x00007f1894c8d9a0+0x11c]
J 22698 C2 org.gradle.internal.operations.DefaultBuildOperationRunner$CallableBuildOperationWorker.execute(Lorg/gradle/internal/operations/BuildOperation;Lorg/gradle/internal/operations/BuildOperationContext;)V (10 bytes) @ 0x00007f189747f00c [0x00007f189747efa0+0x6c]
J 20441 C2 org.gradle.internal.operations.DefaultBuildOperationRunner.execute(Lorg/gradle/internal/operations/BuildOperation;Lorg/gradle/internal/operations/BuildOperationWorker;Lorg/gradle/internal/operations/BuildOperationState;)V (23 bytes) @ 0x00007f1896e11150 [0x00007f1896e10b80+0x5d0]
J 22699 C2 org.gradle.internal.operations.DefaultBuildOperationRunner.call(Lorg/gradle/internal/operations/CallableBuildOperation;)Ljava/lang/Object; (24 bytes) @ 0x00007f189748b520 [0x00007f189748b3c0+0x160]
J 39177 C1 org.gradle.internal.execution.steps.ExecuteStep.execute(Lorg/gradle/internal/execution/UnitOfWork;Lorg/gradle/internal/execution/steps/ChangingOutputsContext;)Lorg/gradle/internal/execution/steps/Result; (37 bytes) @ 0x00007f1899a2b5a4 [0x00007f1899a2b140+0x464]
J 39176 C1 org.gradle.internal.execution.steps.ExecuteStep.execute(Lorg/gradle/internal/execution/UnitOfWork;Lorg/gradle/internal/execution/steps/Context;)Lorg/gradle/internal/execution/steps/Result; (10 bytes) @ 0x00007f1895f1eeb4 [0x00007f1895f1ed40+0x174]
J 39180 C1 org.gradle.internal.execution.steps.RemovePreviousOutputsStep.execute(Lorg/gradle/internal/execution/UnitOfWork;Lorg/gradle/internal/execution/steps/ChangingOutputsContext;)Lorg/gradle/internal/execution/steps/Result; (63 bytes) @ 0x00007f1899b073cc [0x00007f1899b05460+0x1f6c]
J 34261 C1 org.gradle.internal.execution.steps.RemovePreviousOutputsStep.execute(Lorg/gradle/internal/execution/UnitOfWork;Lorg/gradle/internal/execution/steps/Context;)Lorg/gradle/internal/execution/steps/Result; (10 bytes) @ 0x00007f1899450074 [0x00007f189944ff00+0x174]
J 34258 C1 org.gradle.internal.execution.steps.CancelExecutionStep.execute(Lorg/gradle/internal/execution/UnitOfWork;Lorg/gradle/internal/execution/steps/Context;)Lorg/gradle/internal/execution/steps/Result; (168 bytes) @ 0x00007f1899450fc4 [0x00007f1899450a20+0x5a4]
J 33993 C1 org.gradle.internal.execution.steps.TimeoutStep.execute(Lorg/gradle/internal/execution/UnitOfWork;Lorg/gradle/internal/execution/steps/Context;)Lorg/gradle/internal/execution/steps/Result; (96 bytes) @ 0x00007f1895ea0a7c [0x00007f1895ea0320+0x75c]
J 33990 C1 org.gradle.internal.execution.steps.CreateOutputsStep.execute(Lorg/gradle/internal/execution/UnitOfWork;Lorg/gradle/internal/execution/steps/Context;)Lorg/gradle/internal/execution/steps/Result; (10 bytes) @ 0x00007f189748fbac [0x00007f189748f6c0+0x4ec]
J 38829 C1 org.gradle.internal.execution.steps.CaptureStateAfterExecutionStep.executeDelegateBroadcastingChanges(Lorg/gradle/internal/execution/UnitOfWork;Lorg/gradle/internal/execution/steps/InputChangesContext;)Lorg/gradle/internal/execution/steps/Result; (90 bytes) @ 0x00007f18997a49e4 [0x00007f18997a3520+0x14c4]
J 39202 C1 org.gradle.internal.execution.steps.CaptureStateAfterExecutionStep.execute(Lorg/gradle/internal/execution/UnitOfWork;Lorg/gradle/internal/execution/steps/InputChangesContext;)Lorg/gradle/internal/execution/steps/AfterExecutionResult; (43 bytes) @ 0x00007f18996d792c [0x00007f18996d7880+0xac]
J 38815 C1 org.gradle.internal.execution.steps.CaptureStateAfterExecutionStep.execute(Lorg/gradle/internal/execution/UnitOfWork;Lorg/gradle/internal/execution/steps/Context;)Lorg/gradle/internal/execution/steps/Result; (10 bytes) @ 0x00007f1894b73244 [0x00007f1894b730c0+0x184]
J 38814 C1 org.gradle.internal.execution.steps.ResolveInputChangesStep.execute(Lorg/gradle/internal/execution/UnitOfWork;Lorg/gradle/internal/execution/steps/Context;)Lorg/gradle/internal/execution/steps/Result; (10 bytes) @ 0x00007f18959926a4 [0x00007f1895991bc0+0xae4]
J 34016 C1 org.gradle.internal.execution.steps.BuildCacheStep.executeWithoutCache(Lorg/gradle/internal/execution/UnitOfWork;Lorg/gradle/internal/execution/steps/IncrementalChangesContext;)Lorg/gradle/internal/execution/steps/AfterExecutionResult; (15 bytes) @ 0x00007f18960ff774 [0x00007f18960ff700+0x74]
j  org.gradle.internal.execution.steps.BuildCacheStep.executeAndStoreInCache(Lorg/gradle/internal/execution/steps/BuildCacheStep$CacheableWork;Lorg/gradle/caching/BuildCacheKey;Lorg/gradle/internal/execution/steps/IncrementalChangesContext;)Lorg/gradle/internal/execution/steps/AfterExecutionResult;+37
j  org.gradle.internal.execution.steps.BuildCacheStep.lambda$executeWithCache$4(Lorg/gradle/internal/execution/steps/BuildCacheStep$CacheableWork;Lorg/gradle/caching/BuildCacheKey;Lorg/gradle/internal/execution/steps/IncrementalChangesContext;)Lorg/gradle/internal/execution/steps/AfterExecutionResult;+4
j  org.gradle.internal.execution.steps.BuildCacheStep$$Lambda$1098.get()Ljava/lang/Object;+16
J 39999 C2 org.gradle.internal.Try$Success.map(Ljava/util/function/Function;)Lorg/gradle/internal/Try; (14 bytes) @ 0x00007f1895fd7d5c [0x00007f1895fd7a40+0x31c]
J 35578 C1 org.gradle.internal.execution.steps.BuildCacheStep.executeWithCache(Lorg/gradle/internal/execution/UnitOfWork;Lorg/gradle/internal/execution/steps/IncrementalChangesContext;Lorg/gradle/caching/BuildCacheKey;Lorg/gradle/internal/execution/history/BeforeExecutionState;)Lorg/gradle/internal/execution/steps/AfterExecutionResult; (66 bytes) @ 0x00007f1894c6c5f4 [0x00007f1894c6b540+0x10b4]
J 41486 C2 org.gradle.internal.execution.steps.SkipUpToDateStep.executeBecause(Lorg/gradle/internal/execution/UnitOfWork;Lcom/google/common/collect/ImmutableList;Lorg/gradle/internal/execution/steps/IncrementalChangesContext;)Lorg/gradle/internal/execution/steps/UpToDateResult; (61 bytes) @ 0x00007f189a3c819c [0x00007f189a3c8060+0x13c]
J 36564 C1 org.gradle.internal.execution.steps.SkipUpToDateStep.execute(Lorg/gradle/internal/execution/UnitOfWork;Lorg/gradle/internal/execution/steps/IncrementalChangesContext;)Lorg/gradle/internal/execution/steps/UpToDateResult; (72 bytes) @ 0x00007f1899aa8a14 [0x00007f1899aa5f60+0x2ab4]
j  org.gradle.internal.execution.steps.SkipUpToDateStep.execute(Lorg/gradle/internal/execution/UnitOfWork;Lorg/gradle/internal/execution/steps/Context;)Lorg/gradle/internal/execution/steps/Result;+6
J 36546 C1 org.gradle.internal.execution.steps.ResolveChangesStep.execute(Lorg/gradle/internal/execution/UnitOfWork;Lorg/gradle/internal/execution/steps/CachingContext;)Lorg/gradle/internal/execution/steps/Result; (49 bytes) @ 0x00007f1899a74cfc [0x00007f1899a72a40+0x22bc]
j  org.gradle.internal.execution.steps.ResolveChangesStep.execute(Lorg/gradle/internal/execution/UnitOfWork;Lorg/gradle/internal/execution/steps/Context;)Lorg/gradle/internal/execution/steps/Result;+6
J 41579 C2 org.gradle.internal.execution.steps.ResolveCachingStateStep.execute(Lorg/gradle/internal/execution/UnitOfWork;Lorg/gradle/internal/execution/steps/Context;)Lorg/gradle/internal/execution/steps/Result; (10 bytes) @ 0x00007f18949b39f0 [0x00007f18949b2e00+0xbf0]
J 40232 C1 org.gradle.internal.execution.steps.ValidateStep.execute(Lorg/gradle/internal/execution/UnitOfWork;Lorg/gradle/internal/execution/steps/BeforeExecutionContext;)Lorg/gradle/internal/execution/steps/Result; (236 bytes) @ 0x00007f1896b2aba4 [0x00007f1896b25fa0+0x4c04]
J 36563 C1 org.gradle.internal.execution.steps.ValidateStep.execute(Lorg/gradle/internal/execution/UnitOfWork;Lorg/gradle/internal/execution/steps/Context;)Lorg/gradle/internal/execution/steps/Result; (10 bytes) @ 0x00007f1899a5ed44 [0x00007f1899a5ebc0+0x184]
J 40028 C2 org.gradle.internal.execution.steps.legacy.MarkSnapshottingInputsStartedStep.execute(Lorg/gradle/internal/execution/UnitOfWork;Lorg/gradle/internal/execution/steps/Context;)Lorg/gradle/internal/execution/steps/Result; (37 bytes) @ 0x00007f189a625a78 [0x00007f189a623160+0x2918]
J 40417 C2 org.gradle.internal.execution.steps.LoadPreviousExecutionStateStep.execute(Lorg/gradle/internal/execution/UnitOfWork;Lorg/gradle/internal/execution/steps/WorkspaceContext;)Lorg/gradle/internal/execution/steps/Result; (48 bytes) @ 0x00007f1893c7fee4 [0x00007f1893c7fa20+0x4c4]
J 40036 C2 org.gradle.api.internal.tasks.execution.TaskExecution$4.withWorkspace(Ljava/lang/String;Lorg/gradle/internal/execution/workspace/WorkspaceProvider$WorkspaceAction;)Ljava/lang/Object; (39 bytes) @ 0x00007f18991455d8 [0x00007f1899144fc0+0x618]
J 41530 C2 org.gradle.api.internal.tasks.execution.ExecuteActionsTaskExecuter.executeIfValid(Lorg/gradle/api/internal/TaskInternal;Lorg/gradle/api/internal/tasks/TaskStateInternal;Lorg/gradle/api/internal/tasks/TaskExecutionContext;Lorg/gradle/api/internal/tasks/execution/TaskExecution;)Lorg/gradle/api/internal/tasks/TaskExecuterResult; (95 bytes) @ 0x00007f189a480d44 [0x00007f189a480740+0x604]
J 35242 C2 org.gradle.api.internal.tasks.execution.FinalizePropertiesTaskExecuter.execute(Lorg/gradle/api/internal/TaskInternal;Lorg/gradle/api/internal/tasks/TaskStateInternal;Lorg/gradle/api/internal/tasks/TaskExecutionContext;)Lorg/gradle/api/internal/tasks/TaskExecuterResult; (168 bytes) @ 0x00007f18998ebf28 [0x00007f18998ebbc0+0x368]
J 35074 C2 org.gradle.api.internal.tasks.execution.CatchExceptionTaskExecuter.execute(Lorg/gradle/api/internal/TaskInternal;Lorg/gradle/api/internal/tasks/TaskStateInternal;Lorg/gradle/api/internal/tasks/TaskExecutionContext;)Lorg/gradle/api/internal/tasks/TaskExecuterResult; (33 bytes) @ 0x00007f1899805894 [0x00007f18998055e0+0x2b4]
J 35642 C2 org.gradle.api.internal.tasks.execution.EventFiringTaskExecuter$1.call(Lorg/gradle/internal/operations/BuildOperationContext;)Lorg/gradle/api/internal/tasks/TaskExecuterResult; (49 bytes) @ 0x00007f18973510e0 [0x00007f1897350560+0xb80]
J 36115 C2 org.gradle.api.internal.tasks.execution.EventFiringTaskExecuter$1.call(Lorg/gradle/internal/operations/BuildOperationContext;)Ljava/lang/Object; (6 bytes) @ 0x00007f1895f1d254 [0x00007f1895f1d220+0x34]
J 22698 C2 org.gradle.internal.operations.DefaultBuildOperationRunner$CallableBuildOperationWorker.execute(Lorg/gradle/internal/operations/BuildOperation;Lorg/gradle/internal/operations/BuildOperationContext;)V (10 bytes) @ 0x00007f189747f00c [0x00007f189747efa0+0x6c]
J 20441 C2 org.gradle.internal.operations.DefaultBuildOperationRunner.execute(Lorg/gradle/internal/operations/BuildOperation;Lorg/gradle/internal/operations/BuildOperationWorker;Lorg/gradle/internal/operations/BuildOperationState;)V (23 bytes) @ 0x00007f1896e11150 [0x00007f1896e10b80+0x5d0]
J 22699 C2 org.gradle.internal.operations.DefaultBuildOperationRunner.call(Lorg/gradle/internal/operations/CallableBuildOperation;)Ljava/lang/Object; (24 bytes) @ 0x00007f189748b520 [0x00007f189748b3c0+0x160]
J 33961 C2 org.gradle.internal.operations.DefaultBuildOperationExecutor.call(Lorg/gradle/internal/operations/CallableBuildOperation;)Ljava/lang/Object; (11 bytes) @ 0x00007f1893927328 [0x00007f18939272e0+0x48]
J 34927 C2 org.gradle.execution.taskgraph.DefaultTaskExecutionGraph$InvokeNodeExecutorsAction.execute(Lorg/gradle/execution/plan/Node;)V (85 bytes) @ 0x00007f18997981a4 [0x00007f1899797920+0x884]
J 41646 C2 org.gradle.internal.operations.CurrentBuildOperationRef.with(Lorg/gradle/internal/operations/BuildOperationRef;Ljava/lang/Runnable;)V (35 bytes) @ 0x00007f1894755dc0 [0x00007f1894755d00+0xc0]
J 34922 C2 org.gradle.execution.plan.DefaultPlanExecutor$ExecutorWorker.execute(Ljava/lang/Object;Lorg/gradle/execution/plan/WorkSource;Lorg/gradle/api/Action;)V (88 bytes) @ 0x00007f189977ae60 [0x00007f189977ad40+0x120]
J 35215 C1 org.gradle.execution.plan.DefaultPlanExecutor$ExecutorWorker.run()V (127 bytes) @ 0x00007f18998c5414 [0x00007f18998c45e0+0xe34]
J 22503 C2 org.gradle.internal.concurrent.AbstractManagedExecutor$1.run()V (57 bytes) @ 0x00007f18973ee980 [0x00007f18973ee800+0x180]
J 9554 C1 java.util.concurrent.ThreadPoolExecutor.runWorker(Ljava/util/concurrent/ThreadPoolExecutor$Worker;)V (225 bytes) @ 0x00007f18952810bc [0x00007f189527ffe0+0x10dc]
J 19273 C1 java.util.concurrent.ThreadPoolExecutor$Worker.run()V (9 bytes) @ 0x00007f189446b654 [0x00007f189446b540+0x114]
J 19272 C1 java.lang.Thread.run()V (17 bytes) @ 0x00007f189438ad54 [0x00007f189438ac00+0x154]
v  ~StubRoutines::call_stub
V  [libjvm.so+0x68842b]  JavaCalls::call_helper(JavaValue*, methodHandle*, JavaCallArguments*, Thread*)+0xddb
V  [libjvm.so+0x685cf3]  JavaCalls::call_virtual(JavaValue*, KlassHandle, Symbol*, Symbol*, JavaCallArguments*, Thread*)+0x263
V  [libjvm.so+0x6862b7]  JavaCalls::call_virtual(JavaValue*, Handle, KlassHandle, Symbol*, Symbol*, Thread*)+0x47
V  [libjvm.so+0x6f242c]  thread_entry(JavaThread*, Thread*)+0x6c
V  [libjvm.so+0xa7ba9b]  JavaThread::thread_main_inner()+0xdb
V  [libjvm.so+0xa7bda1]  JavaThread::run()+0x2d1
V  [libjvm.so+0x90d952]  java_start(Thread*)+0x102
C  [libc.so.6+0x8c947]  start_thread+0x2f7
...<more frames>...

Java frames: (J=compiled Java code, j=interpreted, Vv=VM code)
J 409  java.util.zip.ZipFile.getEntry(J[BZ)J (0 bytes) @ 0x00007f18939d9a28 [0x00007f18939d99c0+0x68]
J 11047 C2 java.util.zip.ZipFile.getEntry(Ljava/lang/String;)Ljava/util/zip/ZipEntry; (101 bytes) @ 0x00007f18950b5f60 [0x00007f18950b5be0+0x380]
J 42278 C2 sun.net.www.protocol.jar.JarURLConnection.connect()V (163 bytes) @ 0x00007f18965b1f68 [0x00007f18965b1800+0x768]
J 28476 C2 sun.net.www.protocol.jar.JarURLConnection.getInputStream()Ljava/io/InputStream; (97 bytes) @ 0x00007f1897bfdbf8 [0x00007f1897bfdbc0+0x38]
J 26732 C1 java.net.URL.openStream()Ljava/io/InputStream; (8 bytes) @ 0x00007f1898287d84 [0x00007f1898287ae0+0x2a4]
j  org.apache.tomcat.util.descriptor.tld.TldResourcePath.openStream()Ljava/io/InputStream;+28
j  org.apache.tomcat.util.descriptor.tld.TldParser.parse(Lorg/apache/tomcat/util/descriptor/tld/TldResourcePath;)Lorg/apache/tomcat/util/descriptor/tld/TaglibXml;+38
j  org.apache.jasper.servlet.TldScanner.parseTld(Lorg/apache/tomcat/util/descriptor/tld/TldResourcePath;)V+5
j  org.apache.jasper.servlet.TldScanner$TldScannerCallback.scan(Lorg/apache/tomcat/Jar;Ljava/lang/String;Z)V+76
j  org.apache.tomcat.util.scan.StandardJarScanner.process(Lorg/apache/tomcat/JarScanType;Lorg/apache/tomcat/JarScannerCallback;Ljava/net/URL;Ljava/lang/String;ZLjava/util/Deque;)V+93
j  org.apache.tomcat.util.scan.StandardJarScanner.processURLs(Lorg/apache/tomcat/JarScanType;Lorg/apache/tomcat/JarScannerCallback;Ljava/util/Set;ZLjava/util/Deque;)V+158
j  com.liferay.gradle.plugins.jasper.jspc.CompileJSPTask$1$1$1.processURLs(Lorg/apache/tomcat/JarScanType;Lorg/apache/tomcat/JarScannerCallback;Ljava/util/Set;ZLjava/util/Deque;)V+21
j  org.apache.tomcat.util.scan.StandardJarScanner.doScanClassPath(Lorg/apache/tomcat/JarScanType;Ljavax/servlet/ServletContext;Lorg/apache/tomcat/JarScannerCallback;Ljava/util/Set;)V+127
j  org.apache.tomcat.util.scan.StandardJarScanner.scan(Lorg/apache/tomcat/JarScanType;Ljavax/servlet/ServletContext;Lorg/apache/tomcat/JarScannerCallback;)V+413
j  org.apache.jasper.servlet.TldScanner.scanJars()V+26
j  com.liferay.gradle.plugins.jasper.jspc.CompileJSPTask$1$1.scanJars()V+21
j  org.apache.jasper.servlet.TldScanner.scan()V+15
j  org.apache.jasper.JspC.initServletContext(Ljava/lang/ClassLoader;)V+88
j  org.apache.jasper.JspC.execute()V+221
j  com.liferay.gradle.plugins.jasper.jspc.CompileJSPTask.compileJSP()V+46
v  ~StubRoutines::call_stub
J 1937  sun.reflect.NativeMethodAccessorImpl.invoke0(Ljava/lang/reflect/Method;Ljava/lang/Object;[Ljava/lang/Object;)Ljava/lang/Object; (0 bytes) @ 0x00007f1893e8ef87 [0x00007f1893e8ef00+0x87]
J 11153 C2 sun.reflect.NativeMethodAccessorImpl.invoke(Ljava/lang/Object;[Ljava/lang/Object;)Ljava/lang/Object; (104 bytes) @ 0x00007f18949448b4 [0x00007f1894944840+0x74]
J 9417 C2 org.gradle.internal.reflect.JavaMethod.invoke(Ljava/lang/Object;[Ljava/lang/Object;)Ljava/lang/Object; (74 bytes) @ 0x00007f18951d8c38 [0x00007f18951d8ba0+0x98]
J 34692 C1 org.gradle.api.internal.project.taskfactory.StandardTaskAction.doExecute(Lorg/gradle/api/Task;Ljava/lang/String;)V (21 bytes) @ 0x00007f1899648bb4 [0x00007f1899648620+0x594]
J 37248 C1 org.gradle.api.internal.project.taskfactory.StandardTaskAction.execute(Lorg/gradle/api/Task;)V (56 bytes) @ 0x00007f1895b3af54 [0x00007f1895b39840+0x1714]
J 38806 C1 org.gradle.api.internal.project.taskfactory.StandardTaskAction.execute(Ljava/lang/Object;)V (9 bytes) @ 0x00007f18970bf75c [0x00007f18970bf540+0x21c]
J 41570 C2 org.gradle.api.internal.tasks.execution.TaskExecution$3.run(Lorg/gradle/internal/operations/BuildOperationContext;)V (243 bytes) @ 0x00007f18958f6020 [0x00007f18958f5f60+0xc0]
J 13634 C2 org.gradle.internal.operations.DefaultBuildOperationRunner$1.execute(Lorg/gradle/internal/operations/BuildOperation;Lorg/gradle/internal/operations/BuildOperationContext;)V (10 bytes) @ 0x00007f1895d6ebc8 [0x00007f1895d6eb60+0x68]
J 13329 C2 org.gradle.internal.operations.DefaultBuildOperationRunner.run(Lorg/gradle/internal/operations/RunnableBuildOperation;)V (13 bytes) @ 0x00007f1895cd4df8 [0x00007f1895cd3680+0x1778]
J 41569 C2 org.gradle.api.internal.tasks.execution.TaskExecution.executeAction(Ljava/lang/String;Lorg/gradle/api/internal/TaskInternal;Lorg/gradle/api/internal/tasks/InputChangesAwareTaskAction;Lorg/gradle/internal/execution/history/changes/InputChangesInternal;Z)V (36 bytes) @ 0x00007f1896b23b20 [0x00007f1896b23a00+0x120]
J 34856 C1 org.gradle.api.internal.tasks.execution.TaskExecution.executeActions(Lorg/gradle/api/internal/TaskInternal;Lorg/gradle/internal/execution/history/changes/InputChangesInternal;)V (234 bytes) @ 0x00007f189756a034 [0x00007f1897568f80+0x10b4]
J 34854 C1 org.gradle.api.internal.tasks.execution.TaskExecution.executeWithPreviousOutputFiles(Lorg/gradle/internal/execution/history/changes/InputChangesInternal;)Lorg/gradle/internal/execution/UnitOfWork$WorkResult; (131 bytes) @ 0x00007f1899734344 [0x00007f1899733720+0xc24]
J 34849 C1 org.gradle.api.internal.tasks.execution.TaskExecution.execute(Lorg/gradle/internal/execution/UnitOfWork$ExecutionRequest;)Lorg/gradle/internal/execution/UnitOfWork$WorkOutput; (110 bytes) @ 0x00007f18997454d4 [0x00007f1899742f60+0x2574]
J 34847 C1 org.gradle.internal.execution.steps.ExecuteStep.executeInternal(Lorg/gradle/internal/execution/UnitOfWork;Lorg/gradle/internal/execution/steps/InputChangesContext;)Lorg/gradle/internal/execution/steps/Result; (78 bytes) @ 0x00007f1898c2411c [0x00007f1898c23c80+0x49c]
J 39179 C1 org.gradle.internal.execution.steps.ExecuteStep$1.call(Lorg/gradle/internal/operations/BuildOperationContext;)Ljava/lang/Object; (6 bytes) @ 0x00007f1894c8dabc [0x00007f1894c8d9a0+0x11c]
J 22698 C2 org.gradle.internal.operations.DefaultBuildOperationRunner$CallableBuildOperationWorker.execute(Lorg/gradle/internal/operations/BuildOperation;Lorg/gradle/internal/operations/BuildOperationContext;)V (10 bytes) @ 0x00007f189747f00c [0x00007f189747efa0+0x6c]
J 20441 C2 org.gradle.internal.operations.DefaultBuildOperationRunner.execute(Lorg/gradle/internal/operations/BuildOperation;Lorg/gradle/internal/operations/BuildOperationWorker;Lorg/gradle/internal/operations/BuildOperationState;)V (23 bytes) @ 0x00007f1896e11150 [0x00007f1896e10b80+0x5d0]
J 22699 C2 org.gradle.internal.operations.DefaultBuildOperationRunner.call(Lorg/gradle/internal/operations/CallableBuildOperation;)Ljava/lang/Object; (24 bytes) @ 0x00007f189748b520 [0x00007f189748b3c0+0x160]
J 39177 C1 org.gradle.internal.execution.steps.ExecuteStep.execute(Lorg/gradle/internal/execution/UnitOfWork;Lorg/gradle/internal/execution/steps/ChangingOutputsContext;)Lorg/gradle/internal/execution/steps/Result; (37 bytes) @ 0x00007f1899a2b5a4 [0x00007f1899a2b140+0x464]
J 39176 C1 org.gradle.internal.execution.steps.ExecuteStep.execute(Lorg/gradle/internal/execution/UnitOfWork;Lorg/gradle/internal/execution/steps/Context;)Lorg/gradle/internal/execution/steps/Result; (10 bytes) @ 0x00007f1895f1eeb4 [0x00007f1895f1ed40+0x174]
J 39180 C1 org.gradle.internal.execution.steps.RemovePreviousOutputsStep.execute(Lorg/gradle/internal/execution/UnitOfWork;Lorg/gradle/internal/execution/steps/ChangingOutputsContext;)Lorg/gradle/internal/execution/steps/Result; (63 bytes) @ 0x00007f1899b073cc [0x00007f1899b05460+0x1f6c]
J 34261 C1 org.gradle.internal.execution.steps.RemovePreviousOutputsStep.execute(Lorg/gradle/internal/execution/UnitOfWork;Lorg/gradle/internal/execution/steps/Context;)Lorg/gradle/internal/execution/steps/Result; (10 bytes) @ 0x00007f1899450074 [0x00007f189944ff00+0x174]
J 34258 C1 org.gradle.internal.execution.steps.CancelExecutionStep.execute(Lorg/gradle/internal/execution/UnitOfWork;Lorg/gradle/internal/execution/steps/Context;)Lorg/gradle/internal/execution/steps/Result; (168 bytes) @ 0x00007f1899450fc4 [0x00007f1899450a20+0x5a4]
J 33993 C1 org.gradle.internal.execution.steps.TimeoutStep.execute(Lorg/gradle/internal/execution/UnitOfWork;Lorg/gradle/internal/execution/steps/Context;)Lorg/gradle/internal/execution/steps/Result; (96 bytes) @ 0x00007f1895ea0a7c [0x00007f1895ea0320+0x75c]
J 33990 C1 org.gradle.internal.execution.steps.CreateOutputsStep.execute(Lorg/gradle/internal/execution/UnitOfWork;Lorg/gradle/internal/execution/steps/Context;)Lorg/gradle/internal/execution/steps/Result; (10 bytes) @ 0x00007f189748fbac [0x00007f189748f6c0+0x4ec]
J 38829 C1 org.gradle.internal.execution.steps.CaptureStateAfterExecutionStep.executeDelegateBroadcastingChanges(Lorg/gradle/internal/execution/UnitOfWork;Lorg/gradle/internal/execution/steps/InputChangesContext;)Lorg/gradle/internal/execution/steps/Result; (90 bytes) @ 0x00007f18997a49e4 [0x00007f18997a3520+0x14c4]
J 39202 C1 org.gradle.internal.execution.steps.CaptureStateAfterExecutionStep.execute(Lorg/gradle/internal/execution/UnitOfWork;Lorg/gradle/internal/execution/steps/InputChangesContext;)Lorg/gradle/internal/execution/steps/AfterExecutionResult; (43 bytes) @ 0x00007f18996d792c [0x00007f18996d7880+0xac]
J 38815 C1 org.gradle.internal.execution.steps.CaptureStateAfterExecutionStep.execute(Lorg/gradle/internal/execution/UnitOfWork;Lorg/gradle/internal/execution/steps/Context;)Lorg/gradle/internal/execution/steps/Result; (10 bytes) @ 0x00007f1894b73244 [0x00007f1894b730c0+0x184]
J 38814 C1 org.gradle.internal.execution.steps.ResolveInputChangesStep.execute(Lorg/gradle/internal/execution/UnitOfWork;Lorg/gradle/internal/execution/steps/Context;)Lorg/gradle/internal/execution/steps/Result; (10 bytes) @ 0x00007f18959926a4 [0x00007f1895991bc0+0xae4]
J 34016 C1 org.gradle.internal.execution.steps.BuildCacheStep.executeWithoutCache(Lorg/gradle/internal/execution/UnitOfWork;Lorg/gradle/internal/execution/steps/IncrementalChangesContext;)Lorg/gradle/internal/execution/steps/AfterExecutionResult; (15 bytes) @ 0x00007f18960ff774 [0x00007f18960ff700+0x74]
j  org.gradle.internal.execution.steps.BuildCacheStep.executeAndStoreInCache(Lorg/gradle/internal/execution/steps/BuildCacheStep$CacheableWork;Lorg/gradle/caching/BuildCacheKey;Lorg/gradle/internal/execution/steps/IncrementalChangesContext;)Lorg/gradle/internal/execution/steps/AfterExecutionResult;+37
j  org.gradle.internal.execution.steps.BuildCacheStep.lambda$executeWithCache$4(Lorg/gradle/internal/execution/steps/BuildCacheStep$CacheableWork;Lorg/gradle/caching/BuildCacheKey;Lorg/gradle/internal/execution/steps/IncrementalChangesContext;)Lorg/gradle/internal/execution/steps/AfterExecutionResult;+4
j  org.gradle.internal.execution.steps.BuildCacheStep$$Lambda$1098.get()Ljava/lang/Object;+16
J 39999 C2 org.gradle.internal.Try$Success.map(Ljava/util/function/Function;)Lorg/gradle/internal/Try; (14 bytes) @ 0x00007f1895fd7d5c [0x00007f1895fd7a40+0x31c]
J 35578 C1 org.gradle.internal.execution.steps.BuildCacheStep.executeWithCache(Lorg/gradle/internal/execution/UnitOfWork;Lorg/gradle/internal/execution/steps/IncrementalChangesContext;Lorg/gradle/caching/BuildCacheKey;Lorg/gradle/internal/execution/history/BeforeExecutionState;)Lorg/gradle/internal/execution/steps/AfterExecutionResult; (66 bytes) @ 0x00007f1894c6c5f4 [0x00007f1894c6b540+0x10b4]
J 41486 C2 org.gradle.internal.execution.steps.SkipUpToDateStep.executeBecause(Lorg/gradle/internal/execution/UnitOfWork;Lcom/google/common/collect/ImmutableList;Lorg/gradle/internal/execution/steps/IncrementalChangesContext;)Lorg/gradle/internal/execution/steps/UpToDateResult; (61 bytes) @ 0x00007f189a3c819c [0x00007f189a3c8060+0x13c]
J 36564 C1 org.gradle.internal.execution.steps.SkipUpToDateStep.execute(Lorg/gradle/internal/execution/UnitOfWork;Lorg/gradle/internal/execution/steps/IncrementalChangesContext;)Lorg/gradle/internal/execution/steps/UpToDateResult; (72 bytes) @ 0x00007f1899aa8a14 [0x00007f1899aa5f60+0x2ab4]
j  org.gradle.internal.execution.steps.SkipUpToDateStep.execute(Lorg/gradle/internal/execution/UnitOfWork;Lorg/gradle/internal/execution/steps/Context;)Lorg/gradle/internal/execution/steps/Result;+6
J 36546 C1 org.gradle.internal.execution.steps.ResolveChangesStep.execute(Lorg/gradle/internal/execution/UnitOfWork;Lorg/gradle/internal/execution/steps/CachingContext;)Lorg/gradle/internal/execution/steps/Result; (49 bytes) @ 0x00007f1899a74cfc [0x00007f1899a72a40+0x22bc]
j  org.gradle.internal.execution.steps.ResolveChangesStep.execute(Lorg/gradle/internal/execution/UnitOfWork;Lorg/gradle/internal/execution/steps/Context;)Lorg/gradle/internal/execution/steps/Result;+6
J 41579 C2 org.gradle.internal.execution.steps.ResolveCachingStateStep.execute(Lorg/gradle/internal/execution/UnitOfWork;Lorg/gradle/internal/execution/steps/Context;)Lorg/gradle/internal/execution/steps/Result; (10 bytes) @ 0x00007f18949b39f0 [0x00007f18949b2e00+0xbf0]
J 40232 C1 org.gradle.internal.execution.steps.ValidateStep.execute(Lorg/gradle/internal/execution/UnitOfWork;Lorg/gradle/internal/execution/steps/BeforeExecutionContext;)Lorg/gradle/internal/execution/steps/Result; (236 bytes) @ 0x00007f1896b2aba4 [0x00007f1896b25fa0+0x4c04]
J 36563 C1 org.gradle.internal.execution.steps.ValidateStep.execute(Lorg/gradle/internal/execution/UnitOfWork;Lorg/gradle/internal/execution/steps/Context;)Lorg/gradle/internal/execution/steps/Result; (10 bytes) @ 0x00007f1899a5ed44 [0x00007f1899a5ebc0+0x184]
J 40028 C2 org.gradle.internal.execution.steps.legacy.MarkSnapshottingInputsStartedStep.execute(Lorg/gradle/internal/execution/UnitOfWork;Lorg/gradle/internal/execution/steps/Context;)Lorg/gradle/internal/execution/steps/Result; (37 bytes) @ 0x00007f189a625a78 [0x00007f189a623160+0x2918]
J 40417 C2 org.gradle.internal.execution.steps.LoadPreviousExecutionStateStep.execute(Lorg/gradle/internal/execution/UnitOfWork;Lorg/gradle/internal/execution/steps/WorkspaceContext;)Lorg/gradle/internal/execution/steps/Result; (48 bytes) @ 0x00007f1893c7fee4 [0x00007f1893c7fa20+0x4c4]
J 40036 C2 org.gradle.api.internal.tasks.execution.TaskExecution$4.withWorkspace(Ljava/lang/String;Lorg/gradle/internal/execution/workspace/WorkspaceProvider$WorkspaceAction;)Ljava/lang/Object; (39 bytes) @ 0x00007f18991455d8 [0x00007f1899144fc0+0x618]
J 41530 C2 org.gradle.api.internal.tasks.execution.ExecuteActionsTaskExecuter.executeIfValid(Lorg/gradle/api/internal/TaskInternal;Lorg/gradle/api/internal/tasks/TaskStateInternal;Lorg/gradle/api/internal/tasks/TaskExecutionContext;Lorg/gradle/api/internal/tasks/execution/TaskExecution;)Lorg/gradle/api/internal/tasks/TaskExecuterResult; (95 bytes) @ 0x00007f189a480d44 [0x00007f189a480740+0x604]
J 35242 C2 org.gradle.api.internal.tasks.execution.FinalizePropertiesTaskExecuter.execute(Lorg/gradle/api/internal/TaskInternal;Lorg/gradle/api/internal/tasks/TaskStateInternal;Lorg/gradle/api/internal/tasks/TaskExecutionContext;)Lorg/gradle/api/internal/tasks/TaskExecuterResult; (168 bytes) @ 0x00007f18998ebf28 [0x00007f18998ebbc0+0x368]
J 35074 C2 org.gradle.api.internal.tasks.execution.CatchExceptionTaskExecuter.execute(Lorg/gradle/api/internal/TaskInternal;Lorg/gradle/api/internal/tasks/TaskStateInternal;Lorg/gradle/api/internal/tasks/TaskExecutionContext;)Lorg/gradle/api/internal/tasks/TaskExecuterResult; (33 bytes) @ 0x00007f1899805894 [0x00007f18998055e0+0x2b4]
J 35642 C2 org.gradle.api.internal.tasks.execution.EventFiringTaskExecuter$1.call(Lorg/gradle/internal/operations/BuildOperationContext;)Lorg/gradle/api/internal/tasks/TaskExecuterResult; (49 bytes) @ 0x00007f18973510e0 [0x00007f1897350560+0xb80]
J 36115 C2 org.gradle.api.internal.tasks.execution.EventFiringTaskExecuter$1.call(Lorg/gradle/internal/operations/BuildOperationContext;)Ljava/lang/Object; (6 bytes) @ 0x00007f1895f1d254 [0x00007f1895f1d220+0x34]
J 22698 C2 org.gradle.internal.operations.DefaultBuildOperationRunner$CallableBuildOperationWorker.execute(Lorg/gradle/internal/operations/BuildOperation;Lorg/gradle/internal/operations/BuildOperationContext;)V (10 bytes) @ 0x00007f189747f00c [0x00007f189747efa0+0x6c]
J 20441 C2 org.gradle.internal.operations.DefaultBuildOperationRunner.execute(Lorg/gradle/internal/operations/BuildOperation;Lorg/gradle/internal/operations/BuildOperationWorker;Lorg/gradle/internal/operations/BuildOperationState;)V (23 bytes) @ 0x00007f1896e11150 [0x00007f1896e10b80+0x5d0]
J 22699 C2 org.gradle.internal.operations.DefaultBuildOperationRunner.call(Lorg/gradle/internal/operations/CallableBuildOperation;)Ljava/lang/Object; (24 bytes) @ 0x00007f189748b520 [0x00007f189748b3c0+0x160]
J 33961 C2 org.gradle.internal.operations.DefaultBuildOperationExecutor.call(Lorg/gradle/internal/operations/CallableBuildOperation;)Ljava/lang/Object; (11 bytes) @ 0x00007f1893927328 [0x00007f18939272e0+0x48]
J 34927 C2 org.gradle.execution.taskgraph.DefaultTaskExecutionGraph$InvokeNodeExecutorsAction.execute(Lorg/gradle/execution/plan/Node;)V (85 bytes) @ 0x00007f18997981a4 [0x00007f1899797920+0x884]
J 41646 C2 org.gradle.internal.operations.CurrentBuildOperationRef.with(Lorg/gradle/internal/operations/BuildOperationRef;Ljava/lang/Runnable;)V (35 bytes) @ 0x00007f1894755dc0 [0x00007f1894755d00+0xc0]
J 34922 C2 org.gradle.execution.plan.DefaultPlanExecutor$ExecutorWorker.execute(Ljava/lang/Object;Lorg/gradle/execution/plan/WorkSource;Lorg/gradle/api/Action;)V (88 bytes) @ 0x00007f189977ae60 [0x00007f189977ad40+0x120]
J 35215 C1 org.gradle.execution.plan.DefaultPlanExecutor$ExecutorWorker.run()V (127 bytes) @ 0x00007f18998c5414 [0x00007f18998c45e0+0xe34]
J 22503 C2 org.gradle.internal.concurrent.AbstractManagedExecutor$1.run()V (57 bytes) @ 0x00007f18973ee980 [0x00007f18973ee800+0x180]
J 9554 C1 java.util.concurrent.ThreadPoolExecutor.runWorker(Ljava/util/concurrent/ThreadPoolExecutor$Worker;)V (225 bytes) @ 0x00007f18952810bc [0x00007f189527ffe0+0x10dc]
J 19273 C1 java.util.concurrent.ThreadPoolExecutor$Worker.run()V (9 bytes) @ 0x00007f189446b654 [0x00007f189446b540+0x114]
J 19272 C1 java.lang.Thread.run()V (17 bytes) @ 0x00007f189438ad54 [0x00007f189438ac00+0x154]
v  ~StubRoutines::call_stub

---------------  P R O C E S S  ---------------

Java Threads: ( => current thread )
  0x00007f179011e800 JavaThread "Unconstrained build operations Thread 67" [_thread_blocked, id=27984, stack(0x00007f1870000000,0x00007f1870100000)]
  0x00007f179011d800 JavaThread "Unconstrained build operations Thread 66" [_thread_blocked, id=27983, stack(0x00007f1870200000,0x00007f1870300000)]
  0x00007f179011c000 JavaThread "Unconstrained build operations Thread 65" [_thread_blocked, id=27982, stack(0x00007f1870300000,0x00007f1870400000)]
  0x00007f179011b000 JavaThread "Unconstrained build operations Thread 64" [_thread_blocked, id=27981, stack(0x00007f1870400000,0x00007f1870500000)]
  0x00007f179011a000 JavaThread "Unconstrained build operations Thread 63" [_thread_blocked, id=27980, stack(0x00007f1870500000,0x00007f1870600000)]
  0x00007f1790118800 JavaThread "Unconstrained build operations Thread 62" [_thread_blocked, id=27979, stack(0x00007f1870900000,0x00007f1870a00000)]
  0x00007f1790117800 JavaThread "Unconstrained build operations Thread 61" [_thread_blocked, id=27978, stack(0x00007f1870a00000,0x00007f1870b00000)]
  0x00007f17900d3800 JavaThread "Unconstrained build operations Thread 60" [_thread_blocked, id=27977, stack(0x00007f1870b00000,0x00007f1870c00000)]
  0x00007f1790084800 JavaThread "Unconstrained build operations Thread 59" [_thread_blocked, id=27976, stack(0x00007f1871000000,0x00007f1871100000)]
  0x00007f1768017000 JavaThread "Unconstrained build operations Thread 58" [_thread_blocked, id=27975, stack(0x00007f1871100000,0x00007f1871200000)]
  0x00007f1768015800 JavaThread "Unconstrained build operations Thread 57" [_thread_blocked, id=27974, stack(0x00007f1871200000,0x00007f1871300000)]
  0x00007f1768014800 JavaThread "Unconstrained build operations Thread 56" [_thread_blocked, id=27973, stack(0x00007f1871300000,0x00007f1871400000)]
  0x00007f1768013800 JavaThread "Unconstrained build operations Thread 55" [_thread_blocked, id=27972, stack(0x00007f185b100000,0x00007f185b200000)]
  0x00007f1768012800 JavaThread "Unconstrained build operations Thread 54" [_thread_blocked, id=27971, stack(0x00007f185b000000,0x00007f185b100000)]
  0x00007f1778086800 JavaThread "Unconstrained build operations Thread 53" [_thread_blocked, id=27970, stack(0x00007f1861e43000,0x00007f1861f43000)]
  0x00007f1778085800 JavaThread "Unconstrained build operations Thread 52" [_thread_blocked, id=27969, stack(0x00007f1862043000,0x00007f1862143000)]
  0x00007f1778085000 JavaThread "Unconstrained build operations Thread 51" [_thread_blocked, id=27968, stack(0x00007f185b600000,0x00007f185b700000)]
  0x00007f1778084800 JavaThread "Unconstrained build operations Thread 50" [_thread_blocked, id=27967, stack(0x00007f185b800000,0x00007f185b900000)]
  0x00007f17980c0800 JavaThread "Unconstrained build operations Thread 49" [_thread_blocked, id=27454, stack(0x00007f1871600000,0x00007f1871700000)]
  0x00007f17980bf800 JavaThread "Unconstrained build operations Thread 48" [_thread_blocked, id=27453, stack(0x00007f1871700000,0x00007f1871800000)]
  0x00007f179806b000 JavaThread "Unconstrained build operations Thread 47" [_thread_blocked, id=27445, stack(0x00007f1871800000,0x00007f1871900000)]
  0x00007f1798069800 JavaThread "Unconstrained build operations Thread 46" [_thread_blocked, id=27444, stack(0x00007f1871900000,0x00007f1871a00000)]
  0x00007f1798068800 JavaThread "Unconstrained build operations Thread 45" [_thread_blocked, id=27443, stack(0x00007f1871a00000,0x00007f1871b00000)]
  0x00007f1798067800 JavaThread "Unconstrained build operations Thread 44" [_thread_blocked, id=27442, stack(0x00007f1871b00000,0x00007f1871c00000)]
  0x00007f1798066000 JavaThread "Unconstrained build operations Thread 43" [_thread_blocked, id=27441, stack(0x00007f1872000000,0x00007f1872100000)]
  0x00007f1798065000 JavaThread "Unconstrained build operations Thread 42" [_thread_blocked, id=27440, stack(0x00007f1872100000,0x00007f1872200000)]
  0x00007f1798064800 JavaThread "Unconstrained build operations Thread 41" [_thread_blocked, id=27439, stack(0x00007f1872200000,0x00007f1872300000)]
  0x00007f1798063800 JavaThread "Unconstrained build operations Thread 40" [_thread_blocked, id=27438, stack(0x00007f1872300000,0x00007f1872400000)]
  0x00007f1798063000 JavaThread "Unconstrained build operations Thread 39" [_thread_blocked, id=27437, stack(0x00007f1872400000,0x00007f1872500000)]
  0x00007f1798062800 JavaThread "Unconstrained build operations Thread 38" [_thread_blocked, id=27436, stack(0x00007f1872500000,0x00007f1872600000)]
  0x00007f1798053000 JavaThread "Unconstrained build operations Thread 37" [_thread_blocked, id=27435, stack(0x00007f1872800000,0x00007f1872900000)]
  0x00007f175c063800 JavaThread "Unconstrained build operations Thread 36" [_thread_blocked, id=27434, stack(0x00007f1872900000,0x00007f1872a00000)]
  0x00007f175c032000 JavaThread "Unconstrained build operations Thread 35" [_thread_blocked, id=27433, stack(0x00007f1872f00000,0x00007f1873000000)]
  0x00007f179801a800 JavaThread "Unconstrained build operations Thread 34" [_thread_blocked, id=27424, stack(0x00007f1873100000,0x00007f1873200000)]
  0x00007f1798019800 JavaThread "Unconstrained build operations Thread 33" [_thread_blocked, id=27423, stack(0x00007f1873900000,0x00007f1873a00000)]
  0x00007f179809f800 JavaThread "Unconstrained build operations Thread 32" [_thread_blocked, id=27422, stack(0x00007f1873c00000,0x00007f1873d00000)]
  0x00007f176c020800 JavaThread "Build operations Thread 8" [_thread_blocked, id=27421, stack(0x00007f1873d00000,0x00007f1873e00000)]
  0x00007f176c020000 JavaThread "Build operations Thread 7" [_thread_blocked, id=27420, stack(0x00007f1873f00000,0x00007f1874000000)]
  0x00007f176c01f000 JavaThread "Build operations Thread 6" [_thread_blocked, id=27419, stack(0x00007f1878000000,0x00007f1878100000)]
  0x00007f176c01e800 JavaThread "Build operations Thread 5" [_thread_blocked, id=27418, stack(0x00007f1878600000,0x00007f1878700000)]
  0x00007f176c01d800 JavaThread "Build operations Thread 4" [_thread_blocked, id=27417, stack(0x00007f1878800000,0x00007f1878900000)]
  0x00007f176c0a7800 JavaThread "Build operations Thread 3" [_thread_blocked, id=27416, stack(0x00007f1878900000,0x00007f1878a00000)]
  0x00007f176c0a7000 JavaThread "Build operations Thread 2" [_thread_blocked, id=27415, stack(0x00007f1879100000,0x00007f1879200000)]
  0x00007f176c0a6800 JavaThread "Build operations" [_thread_blocked, id=27414, stack(0x00007f1879200000,0x00007f1879300000)]
  0x00007f176c0a5800 JavaThread "/127.0.0.1:44057 to /127.0.0.1:59392 workers Thread 5" [_thread_in_native, id=27384, stack(0x00007f1879300000,0x00007f1879400000)]
  0x00007f176c0a5000 JavaThread "/127.0.0.1:44057 to /127.0.0.1:59392 workers Thread 4" [_thread_blocked, id=27383, stack(0x00007f1879a3e000,0x00007f1879b3e000)]
  0x00007f176c0a3000 JavaThread "/127.0.0.1:44057 to /127.0.0.1:59392 workers Thread 3" [_thread_blocked, id=27382, stack(0x00007f187a000000,0x00007f187a100000)]
  0x00007f17fc002800 JavaThread "/127.0.0.1:44057 to /127.0.0.1:59392 workers Thread 2" [_thread_blocked, id=27381, stack(0x00007f187a100000,0x00007f187a200000)]
  0x00007f17fc001800 JavaThread "/127.0.0.1:44057 to /127.0.0.1:59392 workers" [_thread_blocked, id=27380, stack(0x00007f187a300000,0x00007f187a400000)]
  0x00007f176c095800 JavaThread "Incoming local TCP Connector on port 44057" [_thread_blocked, id=27356, stack(0x00007f187a600000,0x00007f187a700000)]
  0x00007f176c093000 JavaThread "Unconstrained build operations Thread 31" [_thread_blocked, id=27355, stack(0x00007f187ad00000,0x00007f187ae00000)]
  0x00007f175405d000 JavaThread "Unconstrained build operations Thread 30" [_thread_blocked, id=27354, stack(0x00007f187b200000,0x00007f187b300000)]
  0x00007f175405c000 JavaThread "Unconstrained build operations Thread 29" [_thread_blocked, id=27353, stack(0x00007f187b600000,0x00007f187b700000)]
  0x00007f175405a800 JavaThread "Unconstrained build operations Thread 28" [_thread_blocked, id=27352, stack(0x00007f187b700000,0x00007f187b800000)]
  0x00007f1754058800 JavaThread "Unconstrained build operations Thread 27" [_thread_blocked, id=27351, stack(0x00007f187b900000,0x00007f187ba00000)]
  0x00007f1754057800 JavaThread "Unconstrained build operations Thread 26" [_thread_blocked, id=27350, stack(0x00007f187ba00000,0x00007f187bb00000)]
  0x00007f176c013800 JavaThread "Unconstrained build operations Thread 25" [_thread_blocked, id=27349, stack(0x00007f187bb00000,0x00007f187bc00000)]
  0x00007f1790092000 JavaThread "Unconstrained build operations Thread 24" [_thread_blocked, id=27334, stack(0x00007f187bd00000,0x00007f187be00000)]
  0x00007f1790091000 JavaThread "Unconstrained build operations Thread 23" [_thread_blocked, id=27333, stack(0x00007f187be00000,0x00007f187bf00000)]
  0x00007f1790090000 JavaThread "Unconstrained build operations Thread 22" [_thread_blocked, id=27332, stack(0x00007f1880000000,0x00007f1880100000)]
  0x00007f179008d800 JavaThread "Unconstrained build operations Thread 21" [_thread_blocked, id=27331, stack(0x00007f1880900000,0x00007f1880a00000)]
  0x00007f179008c800 JavaThread "Unconstrained build operations Thread 20" [_thread_blocked, id=27330, stack(0x00007f1882b00000,0x00007f1882c00000)]
  0x00007f1790053800 JavaThread "Unconstrained build operations Thread 19" [_thread_blocked, id=27329, stack(0x00007f1883100000,0x00007f1883200000)]
  0x00007f175c01a800 JavaThread "Unconstrained build operations Thread 18" [_thread_blocked, id=27328, stack(0x00007f1883200000,0x00007f1883300000)]
  0x00007f175c019800 JavaThread "Unconstrained build operations Thread 17" [_thread_blocked, id=27327, stack(0x00007f1883900000,0x00007f1883a00000)]
  0x00007f175c003800 JavaThread "Cache worker for execution history cache (/home/me/dev/projects/liferay-portal/modules/.gradle/8.5/executionHistory)" [_thread_blocked, id=27319, stack(0x00007f1883d00000,0x00007f1883e00000)]
  0x00007f175400e800 JavaThread "Execution worker Thread 11" [_thread_blocked, id=27318, stack(0x00007f18880fc000,0x00007f18881fc000)]
=>0x00007f175400d800 JavaThread "Execution worker Thread 10" [_thread_in_native, id=27317, stack(0x00007f1849593000,0x00007f1849693000)]
  0x00007f175400c800 JavaThread "Execution worker Thread 9" [_thread_blocked, id=27316, stack(0x00007f185a100000,0x00007f185a200000)]
  0x00007f175400b800 JavaThread "Execution worker Thread 8" [_thread_blocked, id=27315, stack(0x00007f1863400000,0x00007f1863500000)]
  0x00007f175400a000 JavaThread "Execution worker Thread 7" [_thread_blocked, id=27314, stack(0x00007f1859c00000,0x00007f1859d00000)]
  0x00007f1754009000 JavaThread "Execution worker Thread 6" [_thread_blocked, id=27313, stack(0x00007f1859f00000,0x00007f185a000000)]
  0x00007f1754008000 JavaThread "Execution worker Thread 5" [_thread_blocked, id=27312, stack(0x00007f1859e00000,0x00007f1859f00000)]
  0x00007f1754007000 JavaThread "Execution worker Thread 4" [_thread_blocked, id=27311, stack(0x00007f1862b00000,0x00007f1862c00000)]
  0x00007f1754005800 JavaThread "Execution worker Thread 3" [_thread_blocked, id=27310, stack(0x00007f1859a00000,0x00007f1859b00000)]
  0x00007f1754004800 JavaThread "Execution worker Thread 2" [_thread_blocked, id=27309, stack(0x00007f1859b00000,0x00007f1859c00000)]
  0x00007f1754003800 JavaThread "Execution worker" [_thread_blocked, id=27308, stack(0x00007f1861443000,0x00007f1861543000)]
  0x00007f1637fb5000 JavaThread "included builds" [_thread_blocked, id=27307, stack(0x00007f1859d00000,0x00007f1859e00000)]
  0x00007f1637f7d000 JavaThread "Unconstrained build operations Thread 16" [_thread_blocked, id=27284, stack(0x00007f1860d43000,0x00007f1860e43000)]
  0x00007f1637f0d000 JavaThread "Unconstrained build operations Thread 15" [_thread_blocked, id=27283, stack(0x00007f1862500000,0x00007f1862600000)]
  0x00007f1637ed5000 JavaThread "Unconstrained build operations Thread 14" [_thread_blocked, id=27282, stack(0x00007f1860186000,0x00007f1860286000)]
  0x00007f1637eab800 JavaThread "Unconstrained build operations Thread 13" [_thread_blocked, id=27281, stack(0x00007f187b800000,0x00007f187b900000)]
  0x00007f1637f99000 JavaThread "Cache worker for Build Output Cleanup Cache (/home/me/dev/projects/liferay-portal/modules/.gradle/buildOutputCleanup)" [_thread_blocked, id=27272, stack(0x00007f1871c00000,0x00007f1871d00000)]
  0x00007f1634859000 JavaThread "Cache worker for dependencies-accessors (/home/me/dev/projects/liferay-portal/modules/.gradle/8.5/dependencies-accessors)" [_thread_blocked, id=27263, stack(0x00007f1872e00000,0x00007f1872f00000)]
  0x00007f1637e9d800 JavaThread "Unconstrained build operations Thread 12" [_thread_blocked, id=27255, stack(0x00007f1862700000,0x00007f1862800000)]
  0x00007f1637b22800 JavaThread "Unconstrained build operations Thread 11" [_thread_blocked, id=27254, stack(0x00007f1861c43000,0x00007f1861d43000)]
  0x00007f17cf901000 JavaThread "Unconstrained build operations Thread 10" [_thread_blocked, id=27253, stack(0x00007f1860c43000,0x00007f1860d43000)]
  0x00007f16348aa000 JavaThread "Unconstrained build operations Thread 9" [_thread_blocked, id=27252, stack(0x00007f1871d00000,0x00007f1871e00000)]
  0x00007f17cf909800 JavaThread "Unconstrained build operations Thread 8" [_thread_blocked, id=27251, stack(0x00007f1861d43000,0x00007f1861e43000)]
  0x00007f17cf9d2800 JavaThread "Unconstrained build operations Thread 7" [_thread_blocked, id=27250, stack(0x00007f1860843000,0x00007f1860943000)]
  0x00007f17cd1f7800 JavaThread "Unconstrained build operations Thread 6" [_thread_blocked, id=27249, stack(0x00007f185a000000,0x00007f185a100000)]
  0x00007f1637ec7000 JavaThread "Unconstrained build operations Thread 5" [_thread_blocked, id=27248, stack(0x00007f1849900000,0x00007f1849a00000)]
  0x00007f1634606000 JavaThread "Unconstrained build operations Thread 4" [_thread_blocked, id=27247, stack(0x00007f1849700000,0x00007f1849800000)]
  0x00007f16361a9800 JavaThread "Unconstrained build operations Thread 3" [_thread_blocked, id=27246, stack(0x00007f1862d00000,0x00007f1862e00000)]
  0x00007f17cf8e5000 JavaThread "Unconstrained build operations Thread 2" [_thread_blocked, id=27245, stack(0x00007f187a700000,0x00007f187a800000)]
  0x00007f1635903800 JavaThread "Unconstrained build operations" [_thread_blocked, id=27244, stack(0x00007f1863900000,0x00007f1863a00000)]
  0x00007f17cf8e7800 JavaThread "Cache worker for cache directory md-rule (/home/me/dev/projects/liferay-portal/.gradle/caches/8.5/md-rule)" [_thread_blocked, id=27243, stack(0x00007f1863a00000,0x00007f1863b00000)]
  0x00007f163486f000 JavaThread "Cache worker for cache directory md-supplier (/home/me/dev/projects/liferay-portal/.gradle/caches/8.5/md-supplier)" [_thread_blocked, id=27242, stack(0x00007f1863c00000,0x00007f1863d00000)]
  0x00007f1635a0a800 JavaThread "Cache worker for file hash cache (/home/me/dev/projects/liferay-portal/modules/.gradle/8.5/fileHashes)" [_thread_blocked, id=27241, stack(0x00007f1862900000,0x00007f1862a00000)]
  0x00007f1635b74000 JavaThread "Cache worker for checksums cache (/home/me/dev/projects/liferay-portal/modules/.gradle/8.5/checksums)" [_thread_blocked, id=27240, stack(0x00007f1862a00000,0x00007f1862b00000)]
  0x00007f1634892800 JavaThread "File watcher consumer" daemon [_thread_blocked, id=27239, stack(0x00007f187bf00000,0x00007f187c000000)]
  0x00007f1635a6e000 JavaThread "File watcher server" daemon [_thread_in_native, id=27238, stack(0x00007f1862600000,0x00007f1862700000)]
  0x00007f17cf8eb800 JavaThread "Daemon client event forwarder" [_thread_blocked, id=27235, stack(0x00007f1873e00000,0x00007f1873f00000)]
  0x00007f163487a800 JavaThread "Stdin handler" [_thread_blocked, id=27234, stack(0x00007f1878700000,0x00007f1878800000)]
  0x00007f17cd177800 JavaThread "Asynchronous log dispatcher for DefaultDaemonConnection: socket connection from /127.0.0.1:36223 to /127.0.0.1:58410" [_thread_blocked, id=27233, stack(0x00007f187bc00000,0x00007f187bd00000)]
  0x00007f17e0004000 JavaThread "Cancel handler" [_thread_blocked, id=27232, stack(0x00007f1870800000,0x00007f1870900000)]
  0x00007f17e000a800 JavaThread "Handler for socket connection from /127.0.0.1:36223 to /127.0.0.1:58410" [_thread_in_native, id=27231, stack(0x00007f187a200000,0x00007f187a300000)]
  0x00007f1724002000 JavaThread "Exec process Thread 21" [_thread_blocked, id=26465, stack(0x00007f185b900000,0x00007f185ba00000)]
  0x00007f1724040800 JavaThread "Exec process Thread 20" [_thread_blocked, id=26464, stack(0x00007f185ba00000,0x00007f185bb00000)]
  0x00007f172401f800 JavaThread "process reaper" daemon [_thread_blocked, id=26463, stack(0x00007f1870eff000,0x00007f1870f38000)]
  0x00007f16c040b000 JavaThread "Exec process Thread 19" [_thread_in_native, id=26461, stack(0x00007f185a900000,0x00007f185aa00000)]
  0x00007f169407d800 JavaThread "/127.0.0.1:46807 to /127.0.0.1:42460 workers Thread 5" [_thread_in_native, id=25463, stack(0x00007f185a400000,0x00007f185a500000)]
  0x00007f169407b800 JavaThread "/127.0.0.1:46807 to /127.0.0.1:42460 workers Thread 4" [_thread_blocked, id=25462, stack(0x00007f185a500000,0x00007f185a600000)]
  0x00007f169406a800 JavaThread "/127.0.0.1:46807 to /127.0.0.1:42460 workers Thread 3" [_thread_blocked, id=25460, stack(0x00007f185a600000,0x00007f185a700000)]
  0x00007f1694069800 JavaThread "/127.0.0.1:46807 to /127.0.0.1:42460 workers Thread 2" [_thread_blocked, id=25459, stack(0x00007f185a700000,0x00007f185a800000)]
  0x00007f1694068800 JavaThread "/127.0.0.1:46807 to /127.0.0.1:42460 workers" [_thread_blocked, id=25458, stack(0x00007f185a800000,0x00007f185a900000)]
  0x00007f1694035800 JavaThread "Cache worker for Java compile cache (/home/me/dev/projects/liferay-portal/.gradle/caches/8.5/javaCompile)" [_thread_blocked, id=25423, stack(0x00007f185ac00000,0x00007f185ad00000)]
  0x00007f16780a2800 JavaThread "Exec process Thread 18" [_thread_blocked, id=25137, stack(0x00007f185ad00000,0x00007f185ae00000)]
  0x00007f16780a1800 JavaThread "Exec process Thread 17" [_thread_in_native, id=25136, stack(0x00007f185ae00000,0x00007f185af00000)]
  0x00007f1678006000 JavaThread "process reaper" daemon [_thread_in_native, id=25135, stack(0x00007f1860002000,0x00007f186003b000)]
  0x00007f16c0129000 JavaThread "Exec process Thread 16" [_thread_in_native, id=25126, stack(0x00007f185af00000,0x00007f185b000000)]
  0x00007f17d40b7800 JavaThread "Exec process Thread 13" [_thread_in_native, id=25116, stack(0x00007f185b410000,0x00007f185b510000)]
  0x00007f1648136800 JavaThread "Exec process Thread 11" [_thread_blocked, id=24922, stack(0x00007f185b700000,0x00007f185b800000)]
  0x00007f179004e800 JavaThread "Exec process Thread 7" [_thread_blocked, id=24871, stack(0x00007f185bb00000,0x00007f185bc00000)]
  0x00007f179005c000 JavaThread "process reaper" daemon [_thread_in_native, id=24806, stack(0x00007f1883076000,0x00007f18830af000)]
  0x00007f1637f29000 JavaThread "included builds" [_thread_blocked, id=24758, stack(0x00007f1870100000,0x00007f1870200000)]
  0x00007f17ce389000 JavaThread "Memory manager" [_thread_blocked, id=21261, stack(0x00007f187ac00000,0x00007f187ad00000)]
  0x00007f17cdc62800 JavaThread "jar transforms Thread 12" [_thread_blocked, id=21244, stack(0x00007f187b300000,0x00007f187b400000)]
  0x00007f17cdc61000 JavaThread "jar transforms Thread 11" [_thread_blocked, id=21243, stack(0x00007f187b400000,0x00007f187b500000)]
  0x00007f17cdc5f000 JavaThread "jar transforms Thread 10" [_thread_blocked, id=21242, stack(0x00007f187b500000,0x00007f187b600000)]
  0x00007f17cdc2c000 JavaThread "jar transforms Thread 9" [_thread_blocked, id=21230, stack(0x00007f1880100000,0x00007f1880200000)]
  0x00007f17cdc2a800 JavaThread "jar transforms Thread 8" [_thread_blocked, id=21229, stack(0x00007f1880200000,0x00007f1880300000)]
  0x00007f17cdc1d800 JavaThread "jar transforms Thread 7" [_thread_blocked, id=21228, stack(0x00007f1880300000,0x00007f1880400000)]
  0x00007f17cdc1c800 JavaThread "jar transforms Thread 6" [_thread_blocked, id=21227, stack(0x00007f1880400000,0x00007f1880500000)]
  0x00007f17cdc0c800 JavaThread "jar transforms Thread 5" [_thread_blocked, id=21226, stack(0x00007f1880500000,0x00007f1880600000)]
  0x00007f17cdbb8000 JavaThread "jar transforms Thread 4" [_thread_blocked, id=21225, stack(0x00007f1880600000,0x00007f1880700000)]
  0x00007f17cdba8800 JavaThread "jar transforms Thread 3" [_thread_blocked, id=21224, stack(0x00007f1880700000,0x00007f1880800000)]
  0x00007f17cdba6800 JavaThread "jar transforms Thread 2" [_thread_blocked, id=21223, stack(0x00007f1880800000,0x00007f1880900000)]
  0x00007f17cd77b800 JavaThread "jar transforms" [_thread_blocked, id=21182, stack(0x00007f1881c00000,0x00007f1881d00000)]
  0x00007f17cd69b000 JavaThread "Cache worker for execution history cache (/home/me/dev/projects/liferay-portal/.gradle/caches/8.5/executionHistory)" [_thread_blocked, id=21174, stack(0x00007f1881d00000,0x00007f1881e00000)]
  0x00007f17cd63b800 JavaThread "Cache worker for file content cache (/home/me/dev/projects/liferay-portal/.gradle/caches/8.5/fileContent)" [_thread_blocked, id=21170, stack(0x00007f1882900000,0x00007f1882a00000)]
  0x00007f17cc9ae000 JavaThread "Cache worker for file hash cache (/home/me/dev/projects/liferay-portal/.gradle/caches/8.5/fileHashes)" [_thread_blocked, id=21148, stack(0x00007f1883300000,0x00007f1883400000)]
  0x00007f17cc4c1000 JavaThread "File lock request listener" [_thread_in_native, id=21147, stack(0x00007f1883700000,0x00007f1883800000)]
  0x00007f17cc3e7000 JavaThread "Cache worker for journal cache (/home/me/dev/projects/liferay-portal/.gradle/caches/journal-1)" [_thread_blocked, id=21146, stack(0x00007f1883800000,0x00007f1883900000)]
  0x00007f17e0009000 JavaThread "Daemon worker" [_thread_blocked, id=21140, stack(0x00007f1883f00000,0x00007f1884000000)]
  0x00007f17ec02c000 JavaThread "Daemon" [_thread_blocked, id=21137, stack(0x00007f1888500000,0x00007f1888600000)]
  0x00007f18a58e8800 JavaThread "Daemon periodic checks" [_thread_blocked, id=21136, stack(0x00007f1888b00000,0x00007f1888c00000)]
  0x00007f18a58c2000 JavaThread "Incoming local TCP Connector on port 36223" [_thread_in_native, id=21135, stack(0x00007f1888ea4000,0x00007f1888fa4000)]
  0x00007f18a583d000 JavaThread "Daemon health stats" [_thread_blocked, id=21134, stack(0x00007f1888fa9000,0x00007f18890a9000)]
  0x00007f18a42f0000 JavaThread "Service Thread" daemon [_thread_blocked, id=21125, stack(0x00007f18896fc000,0x00007f18897fc000)]
  0x00007f18a42e5000 JavaThread "C1 CompilerThread3" daemon [_thread_blocked, id=21124, stack(0x00007f18897fd000,0x00007f18898fd000)]
  0x00007f18a42e2800 JavaThread "C2 CompilerThread2" daemon [_thread_blocked, id=21123, stack(0x00007f18898fe000,0x00007f18899fe000)]
  0x00007f18a42e0800 JavaThread "C2 CompilerThread1" daemon [_thread_blocked, id=21122, stack(0x00007f18899ff000,0x00007f1889aff000)]
  0x00007f18a42de800 JavaThread "C2 CompilerThread0" daemon [_thread_blocked, id=21121, stack(0x00007f1889b00000,0x00007f1889c00000)]
  0x00007f18a4250800 JavaThread "Signal Dispatcher" daemon [_thread_blocked, id=21120, stack(0x00007f1889ee2000,0x00007f1889fe2000)]
  0x00007f18a421c000 JavaThread "Finalizer" daemon [_thread_blocked, id=21119, stack(0x00007f1889fe2000,0x00007f188a0e2000)]
  0x00007f18a4217800 JavaThread "Reference Handler" daemon [_thread_blocked, id=21118, stack(0x00007f188a0e2000,0x00007f188a1e2000)]
  0x00007f18a400b000 JavaThread "main" [_thread_blocked, id=21104, stack(0x00007f18a961f000,0x00007f18a971f000)]

Other Threads:
  0x00007f18a420d800 VMThread [stack: 0x00007f188a1e3000,0x00007f188a2e3000] [id=21117]
  0x00007f18a42f2800 WatcherThread [stack: 0x00007f18895fc000,0x00007f18896fc000] [id=21126]

VM state:not at safepoint (normal execution)

VM Mutex/Monitor currently owned by a thread: None

heap address: 0x00000005e0800000, size: 8192 MB, Compressed Oops mode: Zero based, Oop shift amount: 3
Narrow klass base: 0x00000007e0800000, Narrow klass shift: 0
Compressed class space size: 1073741824 Address: 0x00000007e0800000

Heap:
 PSYoungGen      total 1966080K, used 1332976K [0x0000000760800000, 0x00000007e0800000, 0x00000007e0800000)
  eden space 1835008K, 69% used [0x0000000760800000,0x00000007ae6a6328,0x00000007d0800000)
  from space 131072K, 43% used [0x00000007d8800000,0x00000007dbf15d28,0x00000007e0800000)
  to   space 131072K, 0% used [0x00000007d0800000,0x00000007d0800000,0x00000007d8800000)
 ParOldGen       total 6291456K, used 4942513K [0x00000005e0800000, 0x0000000760800000, 0x0000000760800000)
  object space 6291456K, 78% used [0x00000005e0800000,0x000000070e2ac6c8,0x0000000760800000)
 Metaspace       used 144903K, capacity 178696K, committed 184960K, reserved 1206272K
  class space    used 21313K, capacity 26362K, committed 27520K, reserved 1048576K

Card table byte_map: [0x00007f1892600000,0x00007f1893601000] byte_map_base: 0x00007f188f6fc000

Marking Bits: (ParMarkBitMap*) 0x00007f18a95cbd80
 Begin Bits: [0x00007f1849a00000, 0x00007f1851a00000)
 End Bits:   [0x00007f1851a00000, 0x00007f1859a00000)

Polling page: 0x00007f18a9cb8000

CodeCache: size=245760Kb used=118152Kb max_used=118168Kb free=127607Kb
 bounds [0x00007f1893800000, 0x00007f189ac30000, 0x00007f18a2800000]
 total_blobs=30824 nmethods=29969 adapters=764
 compilation: enabled

Compilation events (10 events):
Event: 387.914 Thread 0x00007f18a42e5000 nmethod 42892 0x00007f1899fd5650 code [0x00007f1899fd57e0, 0x00007f1899fd5a78]
Event: 387.914 Thread 0x00007f18a42e5000 42907       3       com.sun.org.apache.xerces.internal.impl.dtd.DTDGrammar::endGroup (88 bytes)
Event: 387.914 Thread 0x00007f18a42e5000 nmethod 42907 0x00007f189ac06510 code [0x00007f189ac066a0, 0x00007f189ac069a8]
Event: 387.914 Thread 0x00007f18a42e5000 42910   !   3       sun.reflect.GeneratedMethodAccessor1016::invoke (66 bytes)
Event: 387.915 Thread 0x00007f18a42e5000 nmethod 42910 0x00007f189ac05710 code [0x00007f189ac05900, 0x00007f189ac06108]
Event: 387.915 Thread 0x00007f18a42e5000 42903       1       com.sun.org.apache.xerces.internal.impl.dtd.XMLDTDDescription::getRootName (5 bytes)
Event: 387.915 Thread 0x00007f18a42e5000 nmethod 42903 0x00007f189abd3bd0 code [0x00007f189abd3d20, 0x00007f189abd3e30]
Event: 387.915 Thread 0x00007f18a42e5000 42911       3       com.sun.org.apache.xerces.internal.util.URI::<init> (52 bytes)
Event: 387.916 Thread 0x00007f18a42e5000 nmethod 42911 0x00007f189ac05210 code [0x00007f189ac05380, 0x00007f189ac05608]
Event: 387.916 Thread 0x00007f18a42e2800 nmethod 42909 0x00007f189ac23b10 code [0x00007f189ac23cc0, 0x00007f189ac241c8]

GC Heap History (10 events):
Event: 331.605 GC heap before
{Heap before GC invocations=120 (full 2):
 PSYoungGen      total 1966080K, used 1848368K [0x0000000760800000, 0x00000007e0800000, 0x00000007e0800000)
  eden space 1835008K, 100% used [0x0000000760800000,0x00000007d0800000,0x00000007d0800000)
  from space 131072K, 10% used [0x00000007d0800000,0x00000007d150c020,0x00000007d8800000)
  to   space 131072K, 0% used [0x00000007d8800000,0x00000007d8800000,0x00000007e0800000)
 ParOldGen       total 6291456K, used 4615754K [0x00000005e0800000, 0x0000000760800000, 0x0000000760800000)
  object space 6291456K, 73% used [0x00000005e0800000,0x00000006fa392a00,0x0000000760800000)
 Metaspace       used 144171K, capacity 177472K, committed 183936K, reserved 1206272K
  class space    used 21166K, capacity 26124K, committed 27264K, reserved 1048576K
Event: 331.707 GC heap after
Heap after GC invocations=120 (full 2):
 PSYoungGen      total 1966080K, used 52368K [0x0000000760800000, 0x00000007e0800000, 0x00000007e0800000)
  eden space 1835008K, 0% used [0x0000000760800000,0x0000000760800000,0x00000007d0800000)
  from space 131072K, 39% used [0x00000007d8800000,0x00000007dbb24318,0x00000007e0800000)
  to   space 131072K, 0% used [0x00000007d0800000,0x00000007d0800000,0x00000007d8800000)
 ParOldGen       total 6291456K, used 4622176K [0x00000005e0800000, 0x0000000760800000, 0x0000000760800000)
  object space 6291456K, 73% used [0x00000005e0800000,0x00000006fa9d8338,0x0000000760800000)
 Metaspace       used 144171K, capacity 177472K, committed 183936K, reserved 1206272K
  class space    used 21166K, capacity 26124K, committed 27264K, reserved 1048576K
}
Event: 332.700 GC heap before
{Heap before GC invocations=121 (full 2):
 PSYoungGen      total 1966080K, used 1887376K [0x0000000760800000, 0x00000007e0800000, 0x00000007e0800000)
  eden space 1835008K, 100% used [0x0000000760800000,0x00000007d0800000,0x00000007d0800000)
  from space 131072K, 39% used [0x00000007d8800000,0x00000007dbb24318,0x00000007e0800000)
  to   space 131072K, 0% used [0x00000007d0800000,0x00000007d0800000,0x00000007d8800000)
 ParOldGen       total 6291456K, used 4622176K [0x00000005e0800000, 0x0000000760800000, 0x0000000760800000)
  object space 6291456K, 73% used [0x00000005e0800000,0x00000006fa9d8338,0x0000000760800000)
 Metaspace       used 144171K, capacity 177472K, committed 183936K, reserved 1206272K
  class space    used 21166K, capacity 26124K, committed 27264K, reserved 1048576K
Event: 332.836 GC heap after
Heap after GC invocations=121 (full 2):
 PSYoungGen      total 1966080K, used 80458K [0x0000000760800000, 0x00000007e0800000, 0x00000007e0800000)
  eden space 1835008K, 0% used [0x0000000760800000,0x0000000760800000,0x00000007d0800000)
  from space 131072K, 61% used [0x00000007d0800000,0x00000007d5692890,0x00000007d8800000)
  to   space 131072K, 0% used [0x00000007d8800000,0x00000007d8800000,0x00000007e0800000)
 ParOldGen       total 6291456K, used 4662827K [0x00000005e0800000, 0x0000000760800000, 0x0000000760800000)
  object space 6291456K, 74% used [0x00000005e0800000,0x00000006fd18adb8,0x0000000760800000)
 Metaspace       used 144171K, capacity 177472K, committed 183936K, reserved 1206272K
  class space    used 21166K, capacity 26124K, committed 27264K, reserved 1048576K
}
Event: 334.423 GC heap before
{Heap before GC invocations=122 (full 2):
 PSYoungGen      total 1966080K, used 1915466K [0x0000000760800000, 0x00000007e0800000, 0x00000007e0800000)
  eden space 1835008K, 100% used [0x0000000760800000,0x00000007d0800000,0x00000007d0800000)
  from space 131072K, 61% used [0x00000007d0800000,0x00000007d5692890,0x00000007d8800000)
  to   space 131072K, 0% used [0x00000007d8800000,0x00000007d8800000,0x00000007e0800000)
 ParOldGen       total 6291456K, used 4662849K [0x00000005e0800000, 0x0000000760800000, 0x0000000760800000)
  object space 6291456K, 74% used [0x00000005e0800000,0x00000006fd190600,0x0000000760800000)
 Metaspace       used 144171K, capacity 177472K, committed 183936K, reserved 1206272K
  class space    used 21166K, capacity 26124K, committed 27264K, reserved 1048576K
Event: 334.536 GC heap after
Heap after GC invocations=122 (full 2):
 PSYoungGen      total 1966080K, used 3211K [0x0000000760800000, 0x00000007e0800000, 0x00000007e0800000)
  eden space 1835008K, 0% used [0x0000000760800000,0x0000000760800000,0x00000007d0800000)
  from space 131072K, 2% used [0x00000007d8800000,0x00000007d8b22d30,0x00000007e0800000)
  to   space 131072K, 0% used [0x00000007d0800000,0x00000007d0800000,0x00000007d8800000)
 ParOldGen       total 6291456K, used 4724128K [0x00000005e0800000, 0x0000000760800000, 0x0000000760800000)
  object space 6291456K, 75% used [0x00000005e0800000,0x0000000700d683a0,0x0000000760800000)
 Metaspace       used 144171K, capacity 177472K, committed 183936K, reserved 1206272K
  class space    used 21166K, capacity 26124K, committed 27264K, reserved 1048576K
}
Event: 351.132 GC heap before
{Heap before GC invocations=123 (full 2):
 PSYoungGen      total 1966080K, used 1838219K [0x0000000760800000, 0x00000007e0800000, 0x00000007e0800000)
  eden space 1835008K, 100% used [0x0000000760800000,0x00000007d0800000,0x00000007d0800000)
  from space 131072K, 2% used [0x00000007d8800000,0x00000007d8b22d30,0x00000007e0800000)
  to   space 131072K, 0% used [0x00000007d0800000,0x00000007d0800000,0x00000007d8800000)
 ParOldGen       total 6291456K, used 4724133K [0x00000005e0800000, 0x0000000760800000, 0x0000000760800000)
  object space 6291456K, 75% used [0x00000005e0800000,0x0000000700d697b0,0x0000000760800000)
 Metaspace       used 144705K, capacity 178356K, committed 184704K, reserved 1206272K
  class space    used 21291K, capacity 26340K, committed 27520K, reserved 1048576K
Event: 351.297 GC heap after
Heap after GC invocations=123 (full 2):
 PSYoungGen      total 1966080K, used 131068K [0x0000000760800000, 0x00000007e0800000, 0x00000007e0800000)
  eden space 1835008K, 0% used [0x0000000760800000,0x0000000760800000,0x00000007d0800000)
  from space 131072K, 99% used [0x00000007d0800000,0x00000007d87ff3b0,0x00000007d8800000)
  to   space 131072K, 0% used [0x00000007d8800000,0x00000007d8800000,0x00000007e0800000)
 ParOldGen       total 6291456K, used 4811755K [0x00000005e0800000, 0x0000000760800000, 0x0000000760800000)
  object space 6291456K, 76% used [0x00000005e0800000,0x00000007062fad10,0x0000000760800000)
 Metaspace       used 144705K, capacity 178356K, committed 184704K, reserved 1206272K
  class space    used 21291K, capacity 26340K, committed 27520K, reserved 1048576K
}
Event: 357.510 GC heap before
{Heap before GC invocations=124 (full 2):
 PSYoungGen      total 1966080K, used 1966033K [0x0000000760800000, 0x00000007e0800000, 0x00000007e0800000)
  eden space 1835008K, 99% used [0x0000000760800000,0x00000007d07f51b0,0x00000007d0800000)
  from space 131072K, 99% used [0x00000007d0800000,0x00000007d87ff3b0,0x00000007d8800000)
  to   space 131072K, 0% used [0x00000007d8800000,0x00000007d8800000,0x00000007e0800000)
 ParOldGen       total 6291456K, used 4811755K [0x00000005e0800000, 0x0000000760800000, 0x0000000760800000)
  object space 6291456K, 76% used [0x00000005e0800000,0x00000007062fad10,0x0000000760800000)
 Metaspace       used 144835K, capacity 178528K, committed 184704K, reserved 1206272K
  class space    used 21311K, capacity 26358K, committed 27520K, reserved 1048576K
Event: 357.650 GC heap after
Heap after GC invocations=124 (full 2):
 PSYoungGen      total 1966080K, used 56407K [0x0000000760800000, 0x00000007e0800000, 0x00000007e0800000)
  eden space 1835008K, 0% used [0x0000000760800000,0x0000000760800000,0x00000007d0800000)
  from space 131072K, 43% used [0x00000007d8800000,0x00000007dbf15d28,0x00000007e0800000)
  to   space 131072K, 0% used [0x00000007d0800000,0x00000007d0800000,0x00000007d8800000)
 ParOldGen       total 6291456K, used 4942513K [0x00000005e0800000, 0x0000000760800000, 0x0000000760800000)
  object space 6291456K, 78% used [0x00000005e0800000,0x000000070e2ac6c8,0x0000000760800000)
 Metaspace       used 144835K, capacity 178528K, committed 184704K, reserved 1206272K
  class space    used 21311K, capacity 26358K, committed 27520K, reserved 1048576K
}

Deoptimization events (10 events):
Event: 383.935 Thread 0x00007f175c003800 Uncommon trap: reason=unstable_if action=reinterpret pc=0x00007f1899858de0 method=org.gradle.internal.snapshot.impl.SnapshotSerializer.write(Lorg/gradle/internal/serialize/Encoder;Lorg/gradle/internal/snapshot/ValueSnapshot;)V @ 232
Event: 383.935 Thread 0x00007f175c003800 Uncommon trap: reason=class_check action=maybe_recompile pc=0x00007f189a07cad0 method=org.gradle.internal.execution.history.impl.DefaultPreviousExecutionStateSerializer.writeSnapshots(Lorg/gradle/internal/serialize/Encoder;Lcom/google/common/collect/Immut
Event: 384.008 Thread 0x00007f175400e800 Uncommon trap: reason=unstable_if action=reinterpret pc=0x00007f189a965d54 method=org.gradle.internal.fingerprint.impl.DefaultFileSystemLocationFingerprint.equals(Ljava/lang/Object;)Z @ 40
Event: 384.008 Thread 0x00007f175400e800 Uncommon trap: reason=unstable_if action=reinterpret pc=0x00007f189ab78c70 method=java.util.HashMap$Node.equals(Ljava/lang/Object;)Z @ 48
Event: 384.008 Thread 0x00007f175400e800 Uncommon trap: reason=unstable_if action=reinterpret pc=0x00007f18944c6cb0 method=java.util.HashMap$Node.equals(Ljava/lang/Object;)Z @ 48
Event: 384.008 Thread 0x00007f175400e800 Uncommon trap: reason=bimorphic action=maybe_recompile pc=0x00007f1897bbc95c method=com.google.common.collect.AbstractMapBasedMultimap$WrappedCollection.removeIfEmpty()V @ 21
Event: 387.088 Thread 0x00007f175400b800 Uncommon trap: reason=unstable_if action=reinterpret pc=0x00007f1899c122e0 method=java.util.HashMap.compute(Ljava/lang/Object;Ljava/util/function/BiFunction;)Ljava/lang/Object; @ 132
Event: 387.157 Thread 0x00007f175400b800 Uncommon trap: reason=bimorphic action=maybe_recompile pc=0x00007f1897bbc95c method=com.google.common.collect.AbstractMapBasedMultimap$WrappedCollection.removeIfEmpty()V @ 21
Event: 387.767 Thread 0x00007f175400d800 Uncommon trap: reason=class_check action=maybe_recompile pc=0x00007f18958c979c method=org.gradle.internal.execution.history.impl.DefaultOverlappingOutputDetector$OverlappingOutputsDetectingVisitor.visitEntry(Lorg/gradle/internal/snapshot/FileSystemLocatio
Event: 387.795 Thread 0x00007f175400d800 Uncommon trap: reason=class_check action=maybe_recompile pc=0x00007f189a2a7360 method=com.sun.org.apache.xerces.internal.impl.XMLEntityManager.setProperty(Ljava/lang/String;Ljava/lang/Object;)V @ 102

Classes redefined (0 events):
No events

Internal exceptions (10 events):
Event: 387.509 Thread 0x00007f175400e800 Exception <a 'sun/nio/fs/UnixException'> (0x00000007a044f220) thrown at [/HUDSON/workspace/8-2-build-linux-amd64/jdk8u221/13320/hotspot/src/share/vm/prims/jni.cpp, line 710]
Event: 387.526 Thread 0x00007f175400e800 Exception <a 'sun/nio/fs/UnixException'> (0x00000007a06df5d0) thrown at [/HUDSON/workspace/8-2-build-linux-amd64/jdk8u221/13320/hotspot/src/share/vm/prims/jni.cpp, line 710]
Event: 387.558 Thread 0x00007f175400e800 Exception <a 'sun/nio/fs/UnixException'> (0x00000007a2f50018) thrown at [/HUDSON/workspace/8-2-build-linux-amd64/jdk8u221/13320/hotspot/src/share/vm/prims/jni.cpp, line 710]
Event: 387.582 Thread 0x00007f175400b800 Exception <a 'sun/nio/fs/UnixException'> (0x00000007a3520310) thrown at [/HUDSON/workspace/8-2-build-linux-amd64/jdk8u221/13320/hotspot/src/share/vm/prims/jni.cpp, line 710]
Event: 387.607 Thread 0x00007f1754009000 Exception <a 'sun/nio/fs/UnixException'> (0x00000007a5794470) thrown at [/HUDSON/workspace/8-2-build-linux-amd64/jdk8u221/13320/hotspot/src/share/vm/prims/jni.cpp, line 710]
Event: 387.794 Thread 0x00007f175400d800 Exception <a 'java/io/FileNotFoundException'> (0x00000007ac04b998) thrown at [/HUDSON/workspace/8-2-build-linux-amd64/jdk8u221/13320/hotspot/src/share/vm/prims/jni.cpp, line 710]
Event: 387.794 Thread 0x00007f175400d800 Exception <a 'java/io/FileNotFoundException'> (0x00000007ac04fbd0) thrown at [/HUDSON/workspace/8-2-build-linux-amd64/jdk8u221/13320/hotspot/src/share/vm/prims/jni.cpp, line 710]
Event: 387.794 Thread 0x00007f175400d800 Exception <a 'java/io/FileNotFoundException'> (0x00000007ac051f68) thrown at [/HUDSON/workspace/8-2-build-linux-amd64/jdk8u221/13320/hotspot/src/share/vm/prims/jni.cpp, line 710]
Event: 387.801 Thread 0x00007f175400d800 Exception <a 'java/io/FileNotFoundException'> (0x00000007ac253af8) thrown at [/HUDSON/workspace/8-2-build-linux-amd64/jdk8u221/13320/hotspot/src/share/vm/prims/jni.cpp, line 710]
Event: 387.801 Thread 0x00007f175400d800 Exception <a 'java/io/FileNotFoundException'> (0x00000007ac2560e0) thrown at [/HUDSON/workspace/8-2-build-linux-amd64/jdk8u221/13320/hotspot/src/share/vm/prims/jni.cpp, line 710]

Events (10 events):
Event: 387.795 Thread 0x00007f175400d800 DEOPT PACKING pc=0x00007f189a2a7360 sp=0x00007f184968e2d0
Event: 387.795 Thread 0x00007f175400d800 DEOPT UNPACKING pc=0x00007f189384573a sp=0x00007f184968e220 mode 2
Event: 387.795 Thread 0x00007f18a42e5000 flushing nmethod 0x00007f1897c89910
Event: 387.805 Thread 0x00007f18a42e5000 flushing nmethod 0x00007f18989eb390
Event: 387.809 Thread 0x00007f18a42e5000 flushing nmethod 0x00007f189930b510
Event: 387.809 Thread 0x00007f18a42e5000 flushing nmethod 0x00007f189948aa10
Event: 387.812 Thread 0x00007f18a42e5000 flushing nmethod 0x00007f1899c98fd0
Event: 387.813 Thread 0x00007f18a42e5000 flushing nmethod 0x00007f1899fd1150
Event: 387.814 Thread 0x00007f18a42e5000 flushing nmethod 0x00007f189a3db1d0
Event: 387.815 Thread 0x00007f18a42e5000 flushing nmethod 0x00007f189a5b6190


Dynamic libraries:
00400000-00401000 r-xp 00000000 fd:01 3355586824                         /opt/java/jdk1.8.0_221/bin/java
00600000-00601000 r--p 00000000 fd:01 3355586824                         /opt/java/jdk1.8.0_221/bin/java
00601000-00602000 rw-p 00001000 fd:01 3355586824                         /opt/java/jdk1.8.0_221/bin/java
01315000-01336000 rw-p 00000000 00:00 0                                  [heap]
5e0800000-7e22e0000 rw-p 00000000 00:00 0 
7e22e0000-820800000 ---p 00000000 00:00 0 
7f162c000000-7f162d0cb000 rw-p 00000000 00:00 0 
7f162d0cb000-7f1630000000 ---p 00000000 00:00 0 
7f1634000000-7f1638000000 rw-p 00000000 00:00 0 
7f163c000000-7f163c113000 rw-p 00000000 00:00 0 
7f163c113000-7f1640000000 ---p 00000000 00:00 0 
7f1640000000-7f1640021000 rw-p 00000000 00:00 0 
7f1640021000-7f1644000000 ---p 00000000 00:00 0 
7f1648000000-7f1648182000 rw-p 00000000 00:00 0 
7f1648182000-7f164c000000 ---p 00000000 00:00 0 
7f164c000000-7f164c0e0000 rw-p 00000000 00:00 0 
7f164c0e0000-7f1650000000 ---p 00000000 00:00 0 
7f1654000000-7f1654021000 rw-p 00000000 00:00 0 
7f1654021000-7f1658000000 ---p 00000000 00:00 0 
7f1658000000-7f165802b000 rw-p 00000000 00:00 0 
7f165802b000-7f165c000000 ---p 00000000 00:00 0 
7f1660000000-7f1660021000 rw-p 00000000 00:00 0 
7f1660021000-7f1664000000 ---p 00000000 00:00 0 
7f1664000000-7f1664021000 rw-p 00000000 00:00 0 
7f1664021000-7f1668000000 ---p 00000000 00:00 0 
7f166c000000-7f166c021000 rw-p 00000000 00:00 0 
7f166c021000-7f1670000000 ---p 00000000 00:00 0 
7f1670000000-7f167007c000 rw-p 00000000 00:00 0 
7f167007c000-7f1674000000 ---p 00000000 00:00 0 
7f1678000000-7f1678275000 rw-p 00000000 00:00 0 
7f1678275000-7f167c000000 ---p 00000000 00:00 0 
7f167c000000-7f167c021000 rw-p 00000000 00:00 0 
7f167c021000-7f1680000000 ---p 00000000 00:00 0 
7f1684000000-7f168405d000 rw-p 00000000 00:00 0 
7f168405d000-7f1688000000 ---p 00000000 00:00 0 
7f1688000000-7f1688569000 rw-p 00000000 00:00 0 
7f1688569000-7f168c000000 ---p 00000000 00:00 0 
7f1690000000-7f16906ca000 rw-p 00000000 00:00 0 
7f16906ca000-7f1694000000 ---p 00000000 00:00 0 
7f1694000000-7f1694b0c000 rw-p 00000000 00:00 0 
7f1694b0c000-7f1698000000 ---p 00000000 00:00 0 
7f169c000000-7f169c30c000 rw-p 00000000 00:00 0 
7f169c30c000-7f16a0000000 ---p 00000000 00:00 0 
7f16a0000000-7f16a08e3000 rw-p 00000000 00:00 0 
7f16a08e3000-7f16a4000000 ---p 00000000 00:00 0 
7f16a8000000-7f16a88aa000 rw-p 00000000 00:00 0 
7f16a88aa000-7f16ac000000 ---p 00000000 00:00 0 
7f16ac000000-7f16ac836000 rw-p 00000000 00:00 0 
7f16ac836000-7f16b0000000 ---p 00000000 00:00 0 
7f16b4000000-7f16b47ac000 rw-p 00000000 00:00 0 
7f16b47ac000-7f16b8000000 ---p 00000000 00:00 0 
7f16b8000000-7f16b88dc000 rw-p 00000000 00:00 0 
7f16b88dc000-7f16bc000000 ---p 00000000 00:00 0 
7f16c0000000-7f16c0a1c000 rw-p 00000000 00:00 0 
7f16c0a1c000-7f16c4000000 ---p 00000000 00:00 0 
7f16c4000000-7f16c4137000 rw-p 00000000 00:00 0 
7f16c4137000-7f16c8000000 ---p 00000000 00:00 0 
7f16cc000000-7f16cc138000 rw-p 00000000 00:00 0 
7f16cc138000-7f16d0000000 ---p 00000000 00:00 0 
7f16d0000000-7f16d0021000 rw-p 00000000 00:00 0 
7f16d0021000-7f16d4000000 ---p 00000000 00:00 0 
7f16d8000000-7f16d805c000 rw-p 00000000 00:00 0 
7f16d805c000-7f16dc000000 ---p 00000000 00:00 0 
7f16dc000000-7f16dc029000 rw-p 00000000 00:00 0 
7f16dc029000-7f16e0000000 ---p 00000000 00:00 0 
7f16e4000000-7f16e4021000 rw-p 00000000 00:00 0 
7f16e4021000-7f16e8000000 ---p 00000000 00:00 0 
7f16e8000000-7f16e802e000 rw-p 00000000 00:00 0 
7f16e802e000-7f16ec000000 ---p 00000000 00:00 0 
7f16f0000000-7f16f0033000 rw-p 00000000 00:00 0 
7f16f0033000-7f16f4000000 ---p 00000000 00:00 0 
7f16f4000000-7f16f4021000 rw-p 00000000 00:00 0 
7f16f4021000-7f16f8000000 ---p 00000000 00:00 0 
7f16fc000000-7f16fc021000 rw-p 00000000 00:00 0 
7f16fc021000-7f1700000000 ---p 00000000 00:00 0 
7f1700000000-7f1700021000 rw-p 00000000 00:00 0 
7f1700021000-7f1704000000 ---p 00000000 00:00 0 
7f1708000000-7f17080dc000 rw-p 00000000 00:00 0 
7f17080dc000-7f170c000000 ---p 00000000 00:00 0 
7f170c000000-7f170c24e000 rw-p 00000000 00:00 0 
7f170c24e000-7f1710000000 ---p 00000000 00:00 0 
7f1714000000-7f171424f000 rw-p 00000000 00:00 0 
7f171424f000-7f1718000000 ---p 00000000 00:00 0 
7f1718000000-7f171839a000 rw-p 00000000 00:00 0 
7f171839a000-7f171c000000 ---p 00000000 00:00 0 
7f1720000000-7f172006d000 rw-p 00000000 00:00 0 
7f172006d000-7f1724000000 ---p 00000000 00:00 0 
7f1724000000-7f1724106000 rw-p 00000000 00:00 0 
7f1724106000-7f1728000000 ---p 00000000 00:00 0 
7f172c000000-7f172c12d000 rw-p 00000000 00:00 0 
7f172c12d000-7f1730000000 ---p 00000000 00:00 0 
7f1730000000-7f1730021000 rw-p 00000000 00:00 0 
7f1730021000-7f1734000000 ---p 00000000 00:00 0 
7f1738000000-7f1738034000 rw-p 00000000 00:00 0 
7f1738034000-7f173c000000 ---p 00000000 00:00 0 
7f173c000000-7f173c021000 rw-p 00000000 00:00 0 
7f173c021000-7f1740000000 ---p 00000000 00:00 0 
7f1744000000-7f1744128000 rw-p 00000000 00:00 0 
7f1744128000-7f1748000000 ---p 00000000 00:00 0 
7f1748000000-7f1748021000 rw-p 00000000 00:00 0 
7f1748021000-7f174c000000 ---p 00000000 00:00 0 
7f1750000000-7f1750021000 rw-p 00000000 00:00 0 
7f1750021000-7f1754000000 ---p 00000000 00:00 0 
7f1754000000-7f17540fd000 rw-p 00000000 00:00 0 
7f17540fd000-7f1758000000 ---p 00000000 00:00 0 
7f175c000000-7f175c11d000 rw-p 00000000 00:00 0 
7f175c11d000-7f1760000000 ---p 00000000 00:00 0 
7f1760000000-7f1760142000 rw-p 00000000 00:00 0 
7f1760142000-7f1764000000 ---p 00000000 00:00 0 
7f1768000000-7f176803b000 rw-p 00000000 00:00 0 
7f176803b000-7f176c000000 ---p 00000000 00:00 0 
7f176c000000-7f176c159000 rw-p 00000000 00:00 0 
7f176c159000-7f1770000000 ---p 00000000 00:00 0 
7f1774000000-7f1774093000 rw-p 00000000 00:00 0 
7f1774093000-7f1778000000 ---p 00000000 00:00 0 
7f1778000000-7f17782ce000 rw-p 00000000 00:00 0 
7f17782ce000-7f177c000000 ---p 00000000 00:00 0 
7f1780000000-7f17800f3000 rw-p 00000000 00:00 0 
7f17800f3000-7f1784000000 ---p 00000000 00:00 0 
7f1784000000-7f17841a5000 rw-p 00000000 00:00 0 
7f17841a5000-7f1788000000 ---p 00000000 00:00 0 
7f178c000000-7f178c0eb000 rw-p 00000000 00:00 0 
7f178c0eb000-7f1790000000 ---p 00000000 00:00 0 
7f1790000000-7f17904ce000 rw-p 00000000 00:00 0 
7f17904ce000-7f1794000000 ---p 00000000 00:00 0 
7f1798000000-7f1798269000 rw-p 00000000 00:00 0 
7f1798269000-7f179c000000 ---p 00000000 00:00 0 
7f179c000000-7f179c1af000 rw-p 00000000 00:00 0 
7f179c1af000-7f17a0000000 ---p 00000000 00:00 0 
7f17a4000000-7f17a4046000 rw-p 00000000 00:00 0 
7f17a4046000-7f17a8000000 ---p 00000000 00:00 0 
7f17a8000000-7f17a8021000 rw-p 00000000 00:00 0 
7f17a8021000-7f17ac000000 ---p 00000000 00:00 0 
7f17b0000000-7f17b0021000 rw-p 00000000 00:00 0 
7f17b0021000-7f17b4000000 ---p 00000000 00:00 0 
7f17b4000000-7f17b4021000 rw-p 00000000 00:00 0 
7f17b4021000-7f17b8000000 ---p 00000000 00:00 0 
7f17bc000000-7f17bc04c000 rw-p 00000000 00:00 0 
7f17bc04c000-7f17c0000000 ---p 00000000 00:00 0 
7f17c0000000-7f17c0021000 rw-p 00000000 00:00 0 
7f17c0021000-7f17c4000000 ---p 00000000 00:00 0 
7f17c8000000-7f17c843f000 rw-p 00000000 00:00 0 
7f17c843f000-7f17cc000000 ---p 00000000 00:00 0 
7f17cc000000-7f17cfffa000 rw-p 00000000 00:00 0 
7f17cfffa000-7f17d0000000 ---p 00000000 00:00 0 
7f17d4000000-7f17d46d9000 rw-p 00000000 00:00 0 
7f17d46d9000-7f17d8000000 ---p 00000000 00:00 0 
7f17d8000000-7f17d802b000 rw-p 00000000 00:00 0 
7f17d802b000-7f17dc000000 ---p 00000000 00:00 0 
7f17e0000000-7f17e0021000 rw-p 00000000 00:00 0 
7f17e0021000-7f17e4000000 ---p 00000000 00:00 0 
7f17e4000000-7f17e4021000 rw-p 00000000 00:00 0 
7f17e4021000-7f17e8000000 ---p 00000000 00:00 0 
7f17ec000000-7f17ec069000 rw-p 00000000 00:00 0 
7f17ec069000-7f17f0000000 ---p 00000000 00:00 0 
7f17f0000000-7f17f0021000 rw-p 00000000 00:00 0 
7f17f0021000-7f17f4000000 ---p 00000000 00:00 0 
7f17f8000000-7f17f8021000 rw-p 00000000 00:00 0 
7f17f8021000-7f17fc000000 ---p 00000000 00:00 0 
7f17fc000000-7f17fc021000 rw-p 00000000 00:00 0 
7f17fc021000-7f1800000000 ---p 00000000 00:00 0 
7f1804000000-7f18056a1000 rw-p 00000000 00:00 0 
7f18056a1000-7f1808000000 ---p 00000000 00:00 0 
7f1808000000-7f180a34e000 rw-p 00000000 00:00 0 
7f180a34e000-7f180c000000 ---p 00000000 00:00 0 
7f1810000000-7f1811d06000 rw-p 00000000 00:00 0 
7f1811d06000-7f1814000000 ---p 00000000 00:00 0 
7f1814000000-7f1816212000 rw-p 00000000 00:00 0 
7f1816212000-7f1818000000 ---p 00000000 00:00 0 
7f181c000000-7f181c021000 rw-p 00000000 00:00 0 
7f181c021000-7f1820000000 ---p 00000000 00:00 0 
7f1820000000-7f1820021000 rw-p 00000000 00:00 0 
7f1820021000-7f1824000000 ---p 00000000 00:00 0 
7f1828000000-7f1828021000 rw-p 00000000 00:00 0 
7f1828021000-7f182c000000 ---p 00000000 00:00 0 
7f182c000000-7f182c779000 rw-p 00000000 00:00 0 
7f182c779000-7f1830000000 ---p 00000000 00:00 0 
7f1834000000-7f1834021000 rw-p 00000000 00:00 0 
7f1834021000-7f1838000000 ---p 00000000 00:00 0 
7f183c000000-7f183c023000 rw-p 00000000 00:00 0 
7f183c023000-7f1840000000 ---p 00000000 00:00 0 
7f1844000000-7f1844021000 rw-p 00000000 00:00 0 
7f1844021000-7f1848000000 ---p 00000000 00:00 0 
7f1848a00000-7f1848bc0000 rw-p 00000000 00:00 0 
7f1848bc0000-7f1848c00000 ---p 00000000 00:00 0 
7f1849200000-7f1849400000 rw-p 00000000 00:00 0 
7f18494d6000-7f18494ef000 r--s 00177000 fd:01 471717381                  /home/me/dev/projects/liferay-portal/.gradle/caches/modules-2/files-2.1/com.fasterxml.jackson.core/jackson-databind/2.16.1/2a16efeb840c45af1e2f31753dfe76795278b73/jackson-databind-2.16.1.jar
7f1849593000-7f1849596000 ---p 00000000 00:00 0 
7f1849596000-7f1849693000 rw-p 00000000 00:00 0 
7f184969b000-7f184969d000 r--s 00002000 fd:01 2684962532                 /home/me/dev/projects/liferay-portal/tools/sdk/dist/com.liferay.product.navigation.control.menu.api-12.0.1.jar
7f184969d000-7f184969f000 r--s 00002000 fd:01 2684971561                 /home/me/dev/projects/liferay-portal/tools/sdk/dist/com.liferay.portlet.display.template.api-4.4.1.jar
7f18496b7000-7f18496b9000 r--s 00000000 fd:01 2684959261                 /home/me/dev/projects/liferay-portal/tools/sdk/dist/com.liferay.portal.configuration.module.configuration.api-1.1.1.jar
7f18496b9000-7f18496bb000 r--s 00002000 fd:01 2684970477                 /home/me/dev/projects/liferay-portal/tools/sdk/dist/com.liferay.mentions.api-7.0.3.jar
7f18496bb000-7f18496c1000 r--s 0002a000 fd:01 2684978003                 /home/me/dev/projects/liferay-portal/tools/sdk/dist/com.liferay.layout.api-50.2.1.jar
7f18496c1000-7f18496c7000 r--s 0003d000 fd:01 2684971562                 /home/me/dev/projects/liferay-portal/tools/sdk/dist/com.liferay.journal.api-37.2.0.jar
7f18496c7000-7f18496ce000 r--s 0001d000 fd:01 2684959496                 /home/me/dev/projects/liferay-portal/tools/sdk/dist/com.liferay.info.api-37.3.1.jar
7f1849700000-7f1849703000 ---p 00000000 00:00 0 
7f1849703000-7f1849800000 rw-p 00000000 00:00 0 
7f1849900000-7f1849903000 ---p 00000000 00:00 0 
7f1849903000-7f1849a00000 rw-p 00000000 00:00 0 
7f1849a00000-7f1859a00000 rw-p 00000000 00:00 0 
7f1859a00000-7f1859a03000 ---p 00000000 00:00 0 
7f1859a03000-7f1859b00000 rw-p 00000000 00:00 0 
7f1859b00000-7f1859b03000 ---p 00000000 00:00 0 
7f1859b03000-7f1859c00000 rw-p 00000000 00:00 0 
7f1859c00000-7f1859c03000 ---p 00000000 00:00 0 
7f1859c03000-7f1859d00000 rw-p 00000000 00:00 0 
7f1859d00000-7f1859d03000 ---p 00000000 00:00 0 
7f1859d03000-7f1859e00000 rw-p 00000000 00:00 0 
7f1859e00000-7f1859e03000 ---p 00000000 00:00 0 
7f1859e03000-7f1859f00000 rw-p 00000000 00:00 0 
7f1859f00000-7f1859f03000 ---p 00000000 00:00 0 
7f1859f03000-7f185a000000 rw-p 00000000 00:00 0 
7f185a000000-7f185a003000 ---p 00000000 00:00 0 
7f185a003000-7f185a100000 rw-p 00000000 00:00 0 
7f185a100000-7f185a103000 ---p 00000000 00:00 0 
7f185a103000-7f185a200000 rw-p 00000000 00:00 0 
7f185a200000-7f185a400000 rw-p 00000000 00:00 0 
7f185a400000-7f185a403000 ---p 00000000 00:00 0 
7f185a403000-7f185a500000 rw-p 00000000 00:00 0 
7f185a500000-7f185a503000 ---p 00000000 00:00 0 
7f185a503000-7f185a600000 rw-p 00000000 00:00 0 
7f185a600000-7f185a603000 ---p 00000000 00:00 0 
7f185a603000-7f185a700000 rw-p 00000000 00:00 0 
7f185a700000-7f185a703000 ---p 00000000 00:00 0 
7f185a703000-7f185a800000 rw-p 00000000 00:00 0 
7f185a800000-7f185a803000 ---p 00000000 00:00 0 
7f185a803000-7f185a900000 rw-p 00000000 00:00 0 
7f185a900000-7f185a903000 ---p 00000000 00:00 0 
7f185a903000-7f185aa00000 rw-p 00000000 00:00 0 
7f185aa00000-7f185ac00000 rw-p 00000000 00:00 0 
7f185ac00000-7f185ac03000 ---p 00000000 00:00 0 
7f185ac03000-7f185ad00000 rw-p 00000000 00:00 0 
7f185ad00000-7f185ad03000 ---p 00000000 00:00 0 
7f185ad03000-7f185ae00000 rw-p 00000000 00:00 0 
7f185ae00000-7f185ae03000 ---p 00000000 00:00 0 
7f185ae03000-7f185af00000 rw-p 00000000 00:00 0 
7f185af00000-7f185af03000 ---p 00000000 00:00 0 
7f185af03000-7f185b000000 rw-p 00000000 00:00 0 
7f185b000000-7f185b003000 ---p 00000000 00:00 0 
7f185b003000-7f185b100000 rw-p 00000000 00:00 0 
7f185b100000-7f185b103000 ---p 00000000 00:00 0 
7f185b103000-7f185b200000 rw-p 00000000 00:00 0 
7f185b200000-7f185b400000 rw-p 00000000 00:00 0 
7f185b401000-7f185b405000 r--s 00025000 fd:01 2684959539                 /home/me/dev/projects/liferay-portal/tools/sdk/dist/com.liferay.layout.page.template.api-29.1.1.jar
7f185b405000-7f185b410000 r--s 000fb000 fd:01 2684979609                 /home/me/dev/projects/liferay-portal/tools/sdk/dist/com.liferay.headless.delivery.api-49.20.0.jar
7f185b410000-7f185b413000 ---p 00000000 00:00 0 
7f185b413000-7f185b510000 rw-p 00000000 00:00 0 
7f185b511000-7f185b513000 r--s 00009000 fd:01 2684961237                 /home/me/dev/projects/liferay-portal/tools/sdk/dist/com.liferay.layout.utility.page.api-8.2.1.jar
7f185b523000-7f185b524000 r--s 00000000 fd:01 2684959548                 /home/me/dev/projects/liferay-portal/tools/sdk/dist/com.liferay.portal.aop.api-3.0.6.jar
7f185b524000-7f185b52a000 r--s 0003a000 fd:01 2684972757                 /home/me/dev/projects/liferay-portal/tools/sdk/dist/com.liferay.fragment.api-51.0.0.jar
7f185b52a000-7f185b52f000 r--s 00013000 fd:01 2684972747                 /home/me/dev/projects/liferay-portal/tools/sdk/dist/com.liferay.document.library.api-25.1.1.jar
7f185b536000-7f185b542000 r--s 0010a000 fd:01 2685053786                 /home/me/dev/projects/liferay-portal/tools/sdk/dist/com.liferay.segments.service-3.0.108.jar
7f185b542000-7f185b55b000 r--s 000c5000 fd:01 2684970616                 /home/me/dev/projects/liferay-portal/tools/sdk/dist/com.liferay.dynamic.data.mapping.api-33.1.0.jar
7f185b575000-7f185b600000 r--s 00584000 fd:01 1611259534                 /home/me/dev/projects/liferay-portal/.m2/com/liferay/portal/com.liferay.portal.kernel/155.0.0-SNAPSHOT/com.liferay.portal.kernel-155.0.0-SNAPSHOT.jar
7f185b600000-7f185b603000 ---p 00000000 00:00 0 
7f185b603000-7f185b700000 rw-p 00000000 00:00 0 
7f185b700000-7f185b703000 ---p 00000000 00:00 0 
7f185b703000-7f185b800000 rw-p 00000000 00:00 0 
7f185b800000-7f185b803000 ---p 00000000 00:00 0 
7f185b803000-7f185b900000 rw-p 00000000 00:00 0 
7f185b900000-7f185b903000 ---p 00000000 00:00 0 
7f185b903000-7f185ba00000 rw-p 00000000 00:00 0 
7f185ba00000-7f185ba03000 ---p 00000000 00:00 0 
7f185ba03000-7f185bb00000 rw-p 00000000 00:00 0 
7f185bb00000-7f185bb03000 ---p 00000000 00:00 0 
7f185bb03000-7f185bc00000 rw-p 00000000 00:00 0 
7f185c000000-7f185c050000 rw-p 00000000 00:00 0 
7f185c050000-7f1860000000 ---p 00000000 00:00 0 
7f1860002000-7f1860005000 ---p 00000000 00:00 0 
7f1860005000-7f186003b000 rw-p 00000000 00:00 0 
7f1860186000-7f1860189000 ---p 00000000 00:00 0 
7f1860189000-7f1860286000 rw-p 00000000 00:00 0 
7f1860586000-7f1860587000 r--s 00001000 fd:01 2684959510                 /home/me/dev/projects/liferay-portal/tools/sdk/dist/com.liferay.learn.api-3.1.4.jar
7f1860587000-7f1860589000 r--s 00000000 fd:01 2684972769                 /home/me/dev/projects/liferay-portal/tools/sdk/dist/com.liferay.layout.content.page.editor.api-6.0.1.jar
7f186058b000-7f186058c000 r--s 00000000 fd:01 2684970471                 /home/me/dev/projects/liferay-portal/tools/sdk/dist/com.liferay.layout.page.template.admin.api-2.0.6.jar
7f186058c000-7f186058e000 r--s 00005000 fd:01 2684970583                 /home/me/dev/projects/liferay-portal/tools/sdk/dist/com.liferay.item.selector.criteria.api-11.3.1.jar
7f18605a6000-7f186060a000 r--s 00b1c000 fd:01 1478633281                 /home/me/dev/projects/liferay-portal/.m2/com/liferay/portal/com.liferay.portal.impl/109.1.0-SNAPSHOT/com.liferay.portal.impl-109.1.0-SNAPSHOT.jar
7f186060a000-7f186060d000 ---p 00000000 00:00 0 
7f186060d000-7f1860643000 rw-p 00000000 00:00 0 
7f1860843000-7f1860846000 ---p 00000000 00:00 0 
7f1860846000-7f1860943000 rw-p 00000000 00:00 0 
7f1860c43000-7f1860c46000 ---p 00000000 00:00 0 
7f1860c46000-7f1860d43000 rw-p 00000000 00:00 0 
7f1860d43000-7f1860d46000 ---p 00000000 00:00 0 
7f1860d46000-7f1860e43000 rw-p 00000000 00:00 0 
7f1861443000-7f1861446000 ---p 00000000 00:00 0 
7f1861446000-7f1861543000 rw-p 00000000 00:00 0 
7f1861c43000-7f1861c46000 ---p 00000000 00:00 0 
7f1861c46000-7f1861d43000 rw-p 00000000 00:00 0 
7f1861d43000-7f1861d46000 ---p 00000000 00:00 0 
7f1861d46000-7f1861e43000 rw-p 00000000 00:00 0 
7f1861e43000-7f1861e46000 ---p 00000000 00:00 0 
7f1861e46000-7f1861f43000 rw-p 00000000 00:00 0 
7f1862043000-7f1862046000 ---p 00000000 00:00 0 
7f1862046000-7f1862143000 rw-p 00000000 00:00 0 
7f186214c000-7f186214e000 r--s 00003000 fd:01 2684970495                 /home/me/dev/projects/liferay-portal/tools/sdk/dist/com.liferay.item.selector.api-6.8.1.jar
7f186214e000-7f1862153000 r--s 00013000 fd:01 2684972764                 /home/me/dev/projects/liferay-portal/tools/sdk/dist/com.liferay.adaptive.media.image.api-14.0.2.jar
7f186215f000-7f1862161000 r--s 00000000 fd:01 2684970606                 /home/me/dev/projects/liferay-portal/tools/sdk/dist/com.liferay.info.collection.provider.item.selector.api-2.1.1.jar
7f1862161000-7f1862169000 r--s 00086000 fd:01 471717379                  /home/me/dev/projects/liferay-portal/.gradle/caches/modules-2/files-2.1/com.fasterxml.jackson.core/jackson-core/2.16.1/9456bb3cdd0f79f91a5f730a1b1bb041a380c91f/jackson-core-2.16.1.jar
7f186216a000-7f1862170000 r--s 00031000 fd:01 2684959521                 /home/me/dev/projects/liferay-portal/tools/sdk/dist/com.liferay.segments.api-27.0.1.jar
7f1862173000-7f1862174000 r--s 00000000 fd:01 2684970582                 /home/me/dev/projects/liferay-portal/tools/sdk/dist/com.liferay.layout.item.selector.api-6.0.1.jar
7f1862174000-7f1862176000 r--s 00002000 fd:01 2684977996                 /home/me/dev/projects/liferay-portal/tools/sdk/dist/com.liferay.fragment.entry.processor.api-10.1.2.jar
7f1862193000-7f18621a9000 r--s 00687000 fd:01 479691489                  /home/me/dev/projects/liferay-portal/.gradle/caches/jars-9/3da480c99a0265e1743106f5d23ba6f0/ecj-3.26.0.jar
7f18621a9000-7f18621ac000 ---p 00000000 00:00 0 
7f18621ac000-7f18621e2000 rw-p 00000000 00:00 0 
7f18621e2000-7f18621e7000 r--s 00084000 fd:01 71030834                   /opt/java/jdk1.8.0_221/jre/lib/jfr.jar
7f18621e7000-7f18621e8000 r--s 00001000 fd:01 2684959523                 /home/me/dev/projects/liferay-portal/tools/sdk/dist/com.liferay.layout.display.page.api-5.1.1.jar
7f18621ea000-7f18621eb000 r--s 00000000 fd:01 471715956                  /home/me/dev/projects/liferay-portal/.gradle/caches/modules-2/files-2.1/javax.inject/javax.inject/1/6975da39a7040257bd51d21a231b76c915872d38/javax.inject-1.jar
7f18621eb000-7f1862200000 r--s 001c7000 fd:01 2684970443                 /home/me/dev/projects/liferay-portal/tools/sdk/dist/com.liferay.frontend.taglib.clay-15.1.2.jar (deleted)
7f1862500000-7f1862503000 ---p 00000000 00:00 0 
7f1862503000-7f1862600000 rw-p 00000000 00:00 0 
7f1862600000-7f1862603000 ---p 00000000 00:00 0 
7f1862603000-7f1862700000 rw-p 00000000 00:00 0 
7f1862700000-7f1862703000 ---p 00000000 00:00 0 
7f1862703000-7f1862800000 rw-p 00000000 00:00 0 
7f1862900000-7f1862903000 ---p 00000000 00:00 0 
7f1862903000-7f1862a00000 rw-p 00000000 00:00 0 
7f1862a00000-7f1862a03000 ---p 00000000 00:00 0 
7f1862a03000-7f1862b00000 rw-p 00000000 00:00 0 
7f1862b00000-7f1862b03000 ---p 00000000 00:00 0 
7f1862b03000-7f1862c00000 rw-p 00000000 00:00 0 
7f1862d00000-7f1862d03000 ---p 00000000 00:00 0 
7f1862d03000-7f1862e00000 rw-p 00000000 00:00 0 
7f1863400000-7f1863403000 ---p 00000000 00:00 0 
7f1863403000-7f1863500000 rw-p 00000000 00:00 0 
7f1863900000-7f1863903000 ---p 00000000 00:00 0 
7f1863903000-7f1863a00000 rw-p 00000000 00:00 0 
7f1863a00000-7f1863a03000 ---p 00000000 00:00 0 
7f1863a03000-7f1863b00000 rw-p 00000000 00:00 0 
7f1863c00000-7f1863c03000 ---p 00000000 00:00 0 
7f1863c03000-7f1863d00000 rw-p 00000000 00:00 0 
7f1864000000-7f1864021000 rw-p 00000000 00:00 0 
7f1864021000-7f1868000000 ---p 00000000 00:00 0 
7f1868600000-7f18687c0000 rw-p 00000000 00:00 0 
7f18687c0000-7f18689c0000 rw-p 00000000 00:00 0 
7f18689c0000-7f1868bc0000 rw-p 00000000 00:00 0 
7f1868bc0000-7f1868dc0000 rw-p 00000000 00:00 0 
7f1868dc0000-7f1868fc0000 rw-p 00000000 00:00 0 
7f1868fc0000-7f18691c0000 rw-p 00000000 00:00 0 
7f18691c0000-7f18693c0000 rw-p 00000000 00:00 0 
7f18693c0000-7f18695c0000 rw-p 00000000 00:00 0 
7f18695c0000-7f18697c0000 rw-p 00000000 00:00 0 
7f18697c0000-7f18699c0000 rw-p 00000000 00:00 0 
7f18699c0000-7f1869bc0000 rw-p 00000000 00:00 0 
7f1869bc0000-7f1869dc0000 rw-p 00000000 00:00 0 
7f1869dc0000-7f1869fc0000 rw-p 00000000 00:00 0 
7f1869fc0000-7f186a1c0000 rw-p 00000000 00:00 0 
7f186a1c0000-7f186a3c0000 rw-p 00000000 00:00 0 
7f186a3c0000-7f186a5c0000 rw-p 00000000 00:00 0 
7f186a5c0000-7f186a7c0000 rw-p 00000000 00:00 0 
7f186a7c0000-7f186a9c0000 rw-p 00000000 00:00 0 
7f186a9c0000-7f186abc0000 rw-p 00000000 00:00 0 
7f186abc0000-7f186adc0000 rw-p 00000000 00:00 0 
7f186adc0000-7f186afc0000 rw-p 00000000 00:00 0 
7f186afc0000-7f186b1c0000 rw-p 00000000 00:00 0 
7f186b1c0000-7f186b3c0000 rw-p 00000000 00:00 0 
7f186b3c0000-7f186b5c0000 rw-p 00000000 00:00 0 
7f186b5c0000-7f186b7c0000 rw-p 00000000 00:00 0 
7f186b7c0000-7f186b9c0000 rw-p 00000000 00:00 0 
7f186b9c0000-7f186bbc0000 rw-p 00000000 00:00 0 
7f186bbc0000-7f186bdc0000 rw-p 00000000 00:00 0 
7f186bdc0000-7f186bfc0000 rw-p 00000000 00:00 0 
7f186bfc0000-7f186c021000 rw-p 00000000 00:00 0 
7f186c021000-7f1870003000 ---p 00000000 00:00 0 
7f1870003000-7f1870100000 rw-p 00000000 00:00 0 
7f1870100000-7f1870103000 ---p 00000000 00:00 0 
7f1870103000-7f1870200000 rw-p 00000000 00:00 0 
7f1870200000-7f1870203000 ---p 00000000 00:00 0 
7f1870203000-7f1870300000 rw-p 00000000 00:00 0 
7f1870300000-7f1870303000 ---p 00000000 00:00 0 
7f1870303000-7f1870400000 rw-p 00000000 00:00 0 
7f1870400000-7f1870403000 ---p 00000000 00:00 0 
7f1870403000-7f1870500000 rw-p 00000000 00:00 0 
7f1870500000-7f1870503000 ---p 00000000 00:00 0 
7f1870503000-7f1870600000 rw-p 00000000 00:00 0 
7f1870600000-7f1870800000 rw-p 00000000 00:00 0 
7f1870800000-7f1870803000 ---p 00000000 00:00 0 
7f1870803000-7f1870900000 rw-p 00000000 00:00 0 
7f1870900000-7f1870903000 ---p 00000000 00:00 0 
7f1870903000-7f1870a00000 rw-p 00000000 00:00 0 
7f1870a00000-7f1870a03000 ---p 00000000 00:00 0 
7f1870a03000-7f1870b00000 rw-p 00000000 00:00 0 
7f1870b00000-7f1870b03000 ---p 00000000 00:00 0 
7f1870b03000-7f1870c00000 rw-p 00000000 00:00 0 
7f1870c00000-7f1870c38000 r-xp 00000000 fd:01 1811992131                 /opt/java/jdk1.8.0_221/jre/lib/amd64/libsunec.so
7f1870c38000-7f1870e37000 ---p 00038000 fd:01 1811992131                 /opt/java/jdk1.8.0_221/jre/lib/amd64/libsunec.so
7f1870e37000-7f1870e3c000 r--p 00037000 fd:01 1811992131                 /opt/java/jdk1.8.0_221/jre/lib/amd64/libsunec.so
7f1870e3c000-7f1870e3e000 rw-p 0003c000 fd:01 1811992131                 /opt/java/jdk1.8.0_221/jre/lib/amd64/libsunec.so
7f1870e3e000-7f1870e3f000 r--s 00002000 fd:01 479691457                  /home/me/dev/projects/liferay-portal/.gradle/caches/jars-9/53f06a49447a7dab6fb98d5b2563fbf1/tomcat-api-9.0.97.jar
7f1870e3f000-7f1870e42000 r--s 0001c000 fd:01 2684961231                 /home/me/dev/projects/liferay-portal/tools/sdk/dist/com.liferay.asset.list.api-18.1.4.jar
7f1870e42000-7f1870e45000 r--s 00051000 fd:01 479691485                  /home/me/dev/projects/liferay-portal/.gradle/caches/jars-9/82971a6d023be73d2e8038a6fea1ccbe/tomcat-jasper-el-9.0.97.jar
7f1870e45000-7f1870e47000 r--s 00010000 fd:01 471715957                  /home/me/dev/projects/liferay-portal/.gradle/caches/modules-2/files-2.1/javax.el/javax.el-api/3.0.0/60a59edc89f93d57541da31ee1c83428ab1cdcb3/javax.el-api-3.0.0.jar
7f1870e47000-7f1870e4b000 r--s 00010000 fd:01 471717754                  /home/me/dev/projects/liferay-portal/.gradle/caches/modules-2/files-2.1/com.fasterxml.jackson.core/jackson-annotations/2.16.1/fd441d574a71e7d10a4f73de6609f881d8cdfeec/jackson-annotations-2.16.1.jar
7f1870e4b000-7f1870e4f000 r--s 0000e000 fd:01 471715949                  /home/me/dev/projects/liferay-portal/.gradle/caches/modules-2/files-2.1/javax.enterprise/cdi-api/1.2/53bba91dc3968adf411e076df020cf207283d7dc/cdi-api-1.2.jar
7f1870e4f000-7f1870e59000 r--s 000cd000 fd:01 940026071                  /home/me/dev/bundles/master/tomcat-9.0.97/webapps/ROOT/WEB-INF/shielded-container-lib/util-taglib.jar
7f1870e59000-7f1870e5a000 r--s 00005000 fd:01 471715958                  /home/me/dev/projects/liferay-portal/.gradle/caches/modules-2/files-2.1/javax.interceptor/javax.interceptor-api/1.2/a5c058610aebacc1eb89c89e8fde2a978090e374/javax.interceptor-api-1.2.jar
7f1870e5a000-7f1870e5b000 r--s 00007000 fd:01 479689036                  /home/me/dev/projects/liferay-portal/.gradle/caches/modules-2/files-2.1/javax.servlet.jsp.jstl/javax.servlet.jsp.jstl-api/1.2.1/f072f63ab1689e885ac40c221df3e6bb3e64a84a/javax.servlet.jsp.jstl-api-1.2.1.jar
7f1870e5b000-7f1870e5c000 r--s 00000000 fd:01 2684970470                 /home/me/dev/projects/liferay-portal/tools/sdk/dist/com.liferay.layout.admin.api-4.3.1.jar
7f1870e5c000-7f1870e5e000 r--s 00028000 fd:01 479691486                  /home/me/dev/projects/liferay-portal/.gradle/caches/jars-9/9f57dced0dc2a21831f44a4dcbc80e38/tomcat-el-api-9.0.97.jar
7f1870e5e000-7f1870e60000 r--s 00004000 fd:01 2684750030                 /home/me/dev/projects/liferay-portal/tools/sdk/dist/com.liferay.petra.sql.dsl.api-7.0.2.jar
7f1870e60000-7f1870e63000 r--s 0000b000 fd:01 2684750021                 /home/me/dev/projects/liferay-portal/tools/sdk/dist/com.liferay.osgi.service.tracker.collections-8.1.1.jar
7f1870e79000-7f1870e7b000 r--s 00014000 fd:01 479691484                  /home/me/dev/projects/liferay-portal/.gradle/caches/jars-9/facd1b6454815e855ed7734fc4751af3/tomcat-juli-9.0.97.jar
7f1870e7b000-7f1870e7c000 r--s 00000000 fd:01 2684970623                 /home/me/dev/projects/liferay-portal/tools/sdk/dist/com.liferay.info.list.provider.item.selector.api-3.0.5.jar
7f1870e7c000-7f1870e7d000 r--s 00001000 fd:01 2684749656                 /home/me/dev/projects/liferay-portal/tools/sdk/dist/com.liferay.petra.reflect-7.1.1.jar
7f1870e7d000-7f1870e7e000 r--s 00000000 fd:01 2684995918                 /home/me/dev/projects/liferay-portal/tools/sdk/dist/com.liferay.info.field.item.selector.api-1.0.2.jar
7f1870e8e000-7f1870e92000 r--s 00068000 fd:01 479691461                  /home/me/dev/projects/liferay-portal/.gradle/caches/jars-9/9f1d3da67b2b1af07ae728f9a9c84a42/tomcat-util-9.0.97.jar
7f1870e92000-7f1870e95000 r--s 00024000 fd:01 479691481                  /home/me/dev/projects/liferay-portal/.gradle/caches/jars-9/60618da94f3b1cc6715bf42d3bd62650/tomcat-servlet-api-9.0.97.jar
7f1870e95000-7f1870e9c000 r--s 000a2000 fd:01 2684970588                 /home/me/dev/projects/liferay-portal/tools/sdk/dist/com.liferay.frontend.taglib-13.7.1.jar
7f1870e9d000-7f1870ea3000 r--s 00065000 fd:01 471716267                  /home/me/dev/projects/liferay-portal/.gradle/caches/modules-2/files-2.1/org.jsoup/jsoup/1.15.3/f6e1d8a8819f854b681c8eaa57fd59a42329e10c/jsoup-1.15.3.jar
7f1870ea3000-7f1870ea6000 r--s 0000f000 fd:01 2684961234                 /home/me/dev/projects/liferay-portal/tools/sdk/dist/com.liferay.style.book.api-9.1.1.jar
7f1870ea6000-7f1870ea8000 r--s 00001000 fd:01 2684959567                 /home/me/dev/projects/liferay-portal/tools/sdk/dist/com.liferay.configuration.admin.api-4.3.1.jar
7f1870ea8000-7f1870eb0000 r--s 000a2000 fd:01 483725270                  /home/me/dev/projects/liferay-portal/.gradle/caches/jars-9/f4b58b995a3040200bac3c69de2b6820/javax.servlet.jsp.jstl-1.2.3.jar
7f1870eb0000-7f1870eb3000 r--s 00017000 fd:01 2684996114                 /home/me/dev/projects/liferay-portal/tools/sdk/dist/com.liferay.product.navigation.taglib-6.0.77.jar
7f1870eb3000-7f1870eb8000 r--s 00052000 fd:01 2684979124                 /home/me/dev/projects/liferay-portal/tools/sdk/dist/com.liferay.layout.taglib-16.1.27.jar
7f1870eb8000-7f1870ebc000 r--s 00038000 fd:01 471717717                  /home/me/dev/projects/liferay-portal/.gradle/caches/modules-2/files-2.1/org.apache.felix/org.apache.felix.http.servlet-api/1.1.2/729b198186769f214c66b320e76f72e53a3ce67d/org.apache.felix.http.servlet-api-1.1.2.jar
7f1870ec5000-7f1870ec6000 r--s 00001000 fd:01 2684961233                 /home/me/dev/projects/liferay-portal/tools/sdk/dist/com.liferay.frontend.token.definition.api-6.0.1.jar
7f1870ec6000-7f1870ecb000 r--s 0006b000 fd:01 479691460                  /home/me/dev/projects/liferay-portal/.gradle/caches/jars-9/1df202eea07c46eef93167d5bf72a48f/tomcat-util-scan-9.0.97.jar
7f1870ecb000-7f1870ece000 r--s 00026000 fd:01 2684959273                 /home/me/dev/projects/liferay-portal/tools/sdk/dist/com.liferay.portal.configuration.metatype.api-6.4.3.jar
7f1870ece000-7f1870ecf000 r--s 00000000 fd:01 2684978011                 /home/me/dev/projects/liferay-portal/tools/sdk/dist/com.liferay.fragment.collection.filter.api-2.0.2.jar
7f1870ecf000-7f1870ed0000 r--s 00000000 fd:01 2684971571                 /home/me/dev/projects/liferay-portal/tools/sdk/dist/com.liferay.asset.info.display.api-6.0.8.jar
7f1870ed0000-7f1870ed1000 r--s 00002000 fd:01 2684750018                 /home/me/dev/projects/liferay-portal/tools/sdk/dist/com.liferay.petra.function-5.7.3.jar
7f1870ed1000-7f1870ed2000 r--s 00001000 fd:01 2684959267                 /home/me/dev/projects/liferay-portal/tools/sdk/dist/com.liferay.upload.api-5.1.2.jar
7f1870ed2000-7f1870ed3000 r--s 00001000 fd:01 2684959520                 /home/me/dev/projects/liferay-portal/tools/sdk/dist/com.liferay.staging.api-8.0.3.jar
7f1870ed8000-7f1870edb000 r--s 0000a000 fd:01 2684971573                 /home/me/dev/projects/liferay-portal/tools/sdk/dist/com.liferay.asset.display.page.api-16.2.4.jar
7f1870edb000-7f1870ede000 r--s 0001c000 fd:01 479691459                  /home/me/dev/projects/liferay-portal/.gradle/caches/jars-9/08eddab5ef47b00393f9faf3a7327483/tomcat-jsp-api-9.0.97.jar
7f1870ede000-7f1870ee0000 r--s 00003000 fd:01 2684971559                 /home/me/dev/projects/liferay-portal/tools/sdk/dist/com.liferay.asset.api-9.0.6.jar
7f1870ee0000-7f1870ee4000 r--s 00017000 fd:01 482600055                  /home/me/dev/projects/liferay-portal/.gradle/caches/modules-2/files-2.1/javax.portlet/portlet-api/3.0.1/700cf73d7fdc71780dac9ee13e0eb903e2636346/portlet-api-3.0.1.jar
7f1870ee4000-7f1870ee5000 r--s 00000000 fd:01 2684996130                 /home/me/dev/projects/liferay-portal/tools/sdk/dist/com.liferay.site.navigation.item.selector.api-4.0.7.jar
7f1870ee5000-7f1870ee7000 r--s 00003000 fd:01 2684749654                 /home/me/dev/projects/liferay-portal/tools/sdk/dist/com.liferay.petra.lang-5.2.2.jar
7f1870ee7000-7f1870ee8000 r--s 00003000 fd:01 2684959517                 /home/me/dev/projects/liferay-portal/tools/sdk/dist/com.liferay.frontend.editor.taglib-4.1.7.jar
7f1870eed000-7f1870eee000 r--s 00000000 fd:01 2684970597                 /home/me/dev/projects/liferay-portal/tools/sdk/dist/com.liferay.asset.categories.item.selector.api-1.0.15.jar
7f1870eee000-7f1870ef0000 r--s 00009000 fd:01 2684972772                 /home/me/dev/projects/liferay-portal/tools/sdk/dist/com.liferay.adaptive.media.content.transformer.api-6.1.2.jar
7f1870ef0000-7f1870ef2000 r--s 0000b000 fd:01 471715927                  /home/me/dev/projects/liferay-portal/.gradle/caches/modules-2/files-2.1/javax.servlet.jsp/javax.servlet.jsp-api/2.3.1/95c630902565feda8155eb32d46064ef348435fc/javax.servlet.jsp-api-2.3.1.jar
7f1870ef2000-7f1870ef6000 r--s 0000e000 fd:01 471717390                  /home/me/dev/projects/liferay-portal/.gradle/caches/modules-2/files-2.1/com.liferay/biz.aQute.bnd.annotation/4.2.0.LIFERAY-PATCHED-2/407165daea83e40ba2aa85ac2d383b669c55c467/biz.aQute.bnd.annotation-4.2.0.LIFERAY-PATCHED-2.jar
7f1870ef7000-7f1870ef8000 r--s 00001000 fd:01 2684959280                 /home/me/dev/projects/liferay-portal/tools/sdk/dist/com.liferay.frontend.taglib.react-6.0.3.jar
7f1870ef8000-7f1870ef9000 r--s 00004000 fd:01 2684750023                 /home/me/dev/projects/liferay-portal/tools/sdk/dist/com.liferay.petra.string-5.3.6.jar
7f1870ef9000-7f1870efb000 r--s 00009000 fd:01 471724021                  /home/me/dev/projects/liferay-portal/.gradle/caches/modules-2/files-2.1/org.osgi/org.osgi.service.component.annotations/1.4.0/18380195e7e657494471cf4cabcafb762f63c9a8/org.osgi.service.component.annotations-1.4.0.jar
7f1870eff000-7f1870f02000 ---p 00000000 00:00 0 
7f1870f02000-7f1870f38000 rw-p 00000000 00:00 0 
7f1870f38000-7f1870f39000 r--s 00001000 fd:01 470443887                  /home/me/dev/projects/liferay-portal/.gradle/caches/jars-9/1d4ce80d69e72a06592e43434142af92/proj.jar
7f1870f39000-7f1870f3a000 r--s 00002000 fd:01 470443885                  /home/me/dev/projects/liferay-portal/.gradle/caches/jars-9/2e9b4e0c7370f7ad310c81972a306f31/proj.jar
7f1870f3a000-7f1870f3b000 r--s 00002000 fd:01 470443883                  /home/me/dev/projects/liferay-portal/.gradle/caches/jars-9/50b83ddbc3a395ee94a4ef302dd044ab/proj.jar
7f1870f3b000-7f1870f3c000 r--s 00002000 fd:01 470443881                  /home/me/dev/projects/liferay-portal/.gradle/caches/jars-9/f45efd80ca53e20aa9d6cf028b4d7702/proj.jar
7f1870f3c000-7f1870f3d000 r--s 00002000 fd:01 470443879                  /home/me/dev/projects/liferay-portal/.gradle/caches/jars-9/acf20d387e6d4dd52ce4243943a4d455/proj.jar
7f1870f3d000-7f1870f3e000 r--s 00002000 fd:01 470443877                  /home/me/dev/projects/liferay-portal/.gradle/caches/jars-9/b4e90d8c9b134ff3eb5f538e59ff5d32/proj.jar
7f1870f3e000-7f1870f3f000 r--s 00002000 fd:01 470443875                  /home/me/dev/projects/liferay-portal/.gradle/caches/jars-9/b7866fec9e5f204b0bd595c3fb3e0e2b/proj.jar
7f1870f3f000-7f1870f40000 r--s 00002000 fd:01 471723980                  /home/me/dev/projects/liferay-portal/.gradle/caches/jars-9/c9c9eaedbe32e67bef92d3b0a763cd7f/proj.jar
7f1870f40000-7f1870f41000 r--s 00001000 fd:01 471723978                  /home/me/dev/projects/liferay-portal/.gradle/caches/jars-9/6121ff9bc05c09807e53d5633b238f33/proj.jar
7f1870f41000-7f1870f42000 r--s 00002000 fd:01 471723976                  /home/me/dev/projects/liferay-portal/.gradle/caches/jars-9/f40654d75b6c6ac3b79ebd1c3e0c579e/proj.jar
7f1870f42000-7f1870f43000 r--s 00002000 fd:01 471723972                  /home/me/dev/projects/liferay-portal/.gradle/caches/jars-9/c3174bf0c1e63f82a6bf2191b69c9562/proj.jar
7f1870f43000-7f1870f44000 r--s 00001000 fd:01 471723970                  /home/me/dev/projects/liferay-portal/.gradle/caches/jars-9/a800101311521912ce183a317a85e865/proj.jar
7f1870f44000-7f1870f45000 r--s 00002000 fd:01 471726783                  /home/me/dev/projects/liferay-portal/.gradle/caches/jars-9/ab0b547732a14e63cf703a0a3a68dbe3/proj.jar
7f1870f45000-7f1870f46000 r--s 00002000 fd:01 471726781                  /home/me/dev/projects/liferay-portal/.gradle/caches/jars-9/4c95d905633500c8df8671d47cc5d0f5/proj.jar
7f1870f46000-7f1870f47000 r--s 00001000 fd:01 471726777                  /home/me/dev/projects/liferay-portal/.gradle/caches/jars-9/555c10da9135a735d2d2481ecc9f8e8a/proj.jar
7f1870f47000-7f1870f48000 r--s 00002000 fd:01 471726775                  /home/me/dev/projects/liferay-portal/.gradle/caches/jars-9/6bd0dd6646c02871f864e8c9429205b5/proj.jar
7f1870f48000-7f1870f49000 r--s 00002000 fd:01 471726773                  /home/me/dev/projects/liferay-portal/.gradle/caches/jars-9/db02141add6d20e119159d75bead2155/proj.jar
7f1870f49000-7f1870f4a000 r--s 00001000 fd:01 471726771                  /home/me/dev/projects/liferay-portal/.gradle/caches/jars-9/1aafea4cee90580b39238716aad2bc13/proj.jar
7f1870f4a000-7f1870f4b000 r--s 00002000 fd:01 471726769                  /home/me/dev/projects/liferay-portal/.gradle/caches/jars-9/d1a3208255d1073dc11224596b9b68e8/proj.jar
7f1870f4b000-7f1870f4c000 r--s 00002000 fd:01 471726767                  /home/me/dev/projects/liferay-portal/.gradle/caches/jars-9/45c2874d7815e0d36889b93c5ddbe88b/proj.jar
7f1870f4c000-7f1870f4d000 r--s 00001000 fd:01 471726765                  /home/me/dev/projects/liferay-portal/.gradle/caches/jars-9/f88f927039c7901ccdc72fd7f97a7764/proj.jar
7f1870f4d000-7f1870f4e000 r--s 00002000 fd:01 471726760                  /home/me/dev/projects/liferay-portal/.gradle/caches/jars-9/44c7f2be4b6dd67034ccefd71d3b20b3/proj.jar
7f1870f4e000-7f1870f4f000 r--s 00002000 fd:01 471726758                  /home/me/dev/projects/liferay-portal/.gradle/caches/jars-9/8f69d400e6ffcbb18597a47351613231/proj.jar
7f1870f4f000-7f1870f50000 r--s 00001000 fd:01 471726756                  /home/me/dev/projects/liferay-portal/.gradle/caches/jars-9/267456096c5a7685bb6a3e87e8bf067b/proj.jar
7f1870f50000-7f1870f51000 r--s 00002000 fd:01 471726754                  /home/me/dev/projects/liferay-portal/.gradle/caches/jars-9/db48bcf61a9bf2b22576c22d700d80e0/proj.jar
7f1870f51000-7f1870f52000 r--s 00002000 fd:01 471726752                  /home/me/dev/projects/liferay-portal/.gradle/caches/jars-9/72a9fcad065ebde703cce587f6d3ea3a/proj.jar
7f1870f52000-7f1870f53000 r--s 00001000 fd:01 471726750                  /home/me/dev/projects/liferay-portal/.gradle/caches/jars-9/d532f7f444361fce26577ba9f983d60d/proj.jar
7f1870f53000-7f1870f54000 r--s 00002000 fd:01 471726748                  /home/me/dev/projects/liferay-portal/.gradle/caches/jars-9/78a2a3927adc26858db6d88c4b4485cf/proj.jar
7f1870f54000-7f1870f55000 r--s 00002000 fd:01 471726746                  /home/me/dev/projects/liferay-portal/.gradle/caches/jars-9/622268684b290521b34a8cf017f166c9/proj.jar
7f1870f55000-7f1870f56000 r--s 00001000 fd:01 471726744                  /home/me/dev/projects/liferay-portal/.gradle/caches/jars-9/467bfd73d876f49e9a80a6a5e63da8a1/proj.jar
7f1870f56000-7f1870f57000 r--s 00002000 fd:01 471726742                  /home/me/dev/projects/liferay-portal/.gradle/caches/jars-9/9d752f2548fde0e8961feacade3d4b35/proj.jar
7f1870f57000-7f1870f58000 r--s 00002000 fd:01 471726740                  /home/me/dev/projects/liferay-portal/.gradle/caches/jars-9/b231ea4eed9fc87779a52fb708d21d5a/proj.jar
7f1870f58000-7f1870f59000 r--s 00001000 fd:01 471726738                  /home/me/dev/projects/liferay-portal/.gradle/caches/jars-9/8f300f7e783b097a514c3cd19e00a323/proj.jar
7f1870f59000-7f1870f5a000 r--s 00002000 fd:01 471726736                  /home/me/dev/projects/liferay-portal/.gradle/caches/jars-9/c3bf05008d0d140384b94169f2919afd/proj.jar
7f1870f5a000-7f1870f5b000 r--s 00002000 fd:01 471726734                  /home/me/dev/projects/liferay-portal/.gradle/caches/jars-9/75f00b670667e36c2baaa7544d6cc315/proj.jar
7f1870f5b000-7f1870f5c000 r--s 00001000 fd:01 471726732                  /home/me/dev/projects/liferay-portal/.gradle/caches/jars-9/58dbe956b9328b35c24eadbebe6f8dea/proj.jar
7f1870f5c000-7f1870f5d000 r--s 00002000 fd:01 471726730                  /home/me/dev/projects/liferay-portal/.gradle/caches/jars-9/b5130bc8582d2bf605f024b5b757c69f/proj.jar
7f1870f5d000-7f1870f5e000 r--s 00002000 fd:01 471726728                  /home/me/dev/projects/liferay-portal/.gradle/caches/jars-9/1c00f8761f0711bb1cea31ea6428f6b6/proj.jar
7f1870f5e000-7f1870f5f000 r--s 00001000 fd:01 471726726                  /home/me/dev/projects/liferay-portal/.gradle/caches/jars-9/2d201a1056e1af2cab397c8db92386f7/proj.jar
7f1870f5f000-7f1870f60000 r--s 00002000 fd:01 471726723                  /home/me/dev/projects/liferay-portal/.gradle/caches/jars-9/b0c5245a324d5a3bdf7b07c10ec30b1d/proj.jar
7f1870f60000-7f1870f61000 r--s 00002000 fd:01 471726721                  /home/me/dev/projects/liferay-portal/.gradle/caches/jars-9/852dffddea8361be249590261a580f13/proj.jar
7f1870f61000-7f1870f62000 r--s 00001000 fd:01 471736638                  /home/me/dev/projects/liferay-portal/.gradle/caches/jars-9/d512c514b155bad1dc1380d1535f8295/proj.jar
7f1870f62000-7f1870f63000 r--s 00002000 fd:01 471736636                  /home/me/dev/projects/liferay-portal/.gradle/caches/jars-9/e887427916baa42f76e2e37c45ff33e1/proj.jar
7f1870f63000-7f1870f64000 r--s 00001000 fd:01 471736634                  /home/me/dev/projects/liferay-portal/.gradle/caches/jars-9/e74640cf076fa5dd5a65ebad85292f98/proj.jar
7f1870f64000-7f1870f65000 r--s 00001000 fd:01 471736632                  /home/me/dev/projects/liferay-portal/.gradle/caches/jars-9/1558b0954316ee2d0356bb6d40fb3fc0/proj.jar
7f1870f65000-7f1870f66000 r--s 00004000 fd:01 470443873                  /home/me/dev/projects/liferay-portal/.gradle/caches/jars-9/13d1e83a288484f8a263858edcd13c4e/proj.jar
7f1870f66000-7f1870f67000 r--s 0000c000 fd:01 484248030                  /home/me/dev/projects/liferay-portal/.gradle/caches/jars-9/e24e5cb4a102dd91e6fa813c7b69e625/com.liferay.gradle.plugins.wsdl.builder-3.0.4.jar
7f1870f67000-7f1870f68000 r--s 00002000 fd:01 470443871                  /home/me/dev/projects/liferay-portal/.gradle/caches/jars-9/4a03d4c3e2fb61ac76199f8f208e7f3d/proj.jar
7f1870f68000-7f1870f69000 r--s 00001000 fd:01 470443869                  /home/me/dev/projects/liferay-portal/.gradle/caches/jars-9/8e466fdafa8b02ea57c3b15d656dc70e/proj.jar
7f1870f69000-7f1870f6a000 r--s 00003000 fd:01 470443867                  /home/me/dev/projects/liferay-portal/.gradle/caches/jars-9/133f702403f05b5accff6ad806b7547b/proj.jar
7f1870f6a000-7f1870f6b000 r--s 00001000 fd:01 470443865                  /home/me/dev/projects/liferay-portal/.gradle/caches/jars-9/9db953eb29a094fcb3e6697c2acae372/proj.jar
7f1870f6b000-7f1870f6c000 r--s 00002000 fd:01 470443863                  /home/me/dev/projects/liferay-portal/.gradle/caches/jars-9/d34e8239647f498670445d03da189bf1/proj.jar
7f1870f6c000-7f1870f6d000 r--s 00001000 fd:01 470443861                  /home/me/dev/projects/liferay-portal/.gradle/caches/jars-9/cbe44f647a37178dd39e37949019b3b0/proj.jar
7f1870f6d000-7f1870f6e000 r--s 00002000 fd:01 470443859                  /home/me/dev/projects/liferay-portal/.gradle/caches/jars-9/4a6de7c7a86eafe0d090296727d0f436/proj.jar
7f1870f6e000-7f1870f6f000 r--s 00002000 fd:01 470443854                  /home/me/dev/projects/liferay-portal/.gradle/caches/jars-9/d209f87c4009fdc5113a00c144ef3a7d/proj.jar
7f1870f6f000-7f1870f70000 r--s 00002000 fd:01 470443852                  /home/me/dev/projects/liferay-portal/.gradle/caches/jars-9/9e241cde7f260319747ccb716b729137/proj.jar
7f1870f70000-7f1870f71000 r--s 00002000 fd:01 470443850                  /home/me/dev/projects/liferay-portal/.gradle/caches/jars-9/5d5869d79059540555d1fd3c6fc96249/proj.jar
7f1870f71000-7f1870f72000 r--s 00004000 fd:01 470443848                  /home/me/dev/projects/liferay-portal/.gradle/caches/jars-9/80d8cc5457697b7a797c78c5f57da9f1/proj.jar
7f1870f72000-7f1870f73000 r--s 00002000 fd:01 470443846                  /home/me/dev/projects/liferay-portal/.gradle/caches/jars-9/837b122f4c051a6b6a6c1d16be9d5363/proj.jar
7f1870f73000-7f1870f74000 r--s 00001000 fd:01 470443844                  /home/me/dev/projects/liferay-portal/.gradle/caches/jars-9/3c6807397ac8a1107b9e9d2517e364a3/proj.jar
7f1870f74000-7f1870f75000 r--s 00002000 fd:01 470443842                  /home/me/dev/projects/liferay-portal/.gradle/caches/jars-9/5adf247f535979047179b8f2ad40db7a/proj.jar
7f1870f75000-7f1870f76000 r--s 00001000 fd:01 470443840                  /home/me/dev/projects/liferay-portal/.gradle/caches/jars-9/ffc52c438c5c1b77d02266ca4458f646/proj.jar
7f1870f76000-7f1870f77000 r--s 00004000 fd:01 470444924                  /home/me/dev/projects/liferay-portal/.gradle/caches/jars-9/f27296ce0167ae8e8c93757c392f9107/proj.jar
7f1870f77000-7f1870f78000 r--s 00002000 fd:01 470444922                  /home/me/dev/projects/liferay-portal/.gradle/caches/jars-9/942462c3a5ad00e837b1a47f3593d2e7/proj.jar
7f1870f78000-7f1870f79000 r--s 00002000 fd:01 470444920                  /home/me/dev/projects/liferay-portal/.gradle/caches/jars-9/5de71a2e2bdf8a1cf2c925c53313cf7b/proj.jar
7f1870f79000-7f1870f7a000 r--s 00002000 fd:01 470444918                  /home/me/dev/projects/liferay-portal/.gradle/caches/jars-9/dee3ce93afd336a061e44f7c4c8b4512/proj.jar
7f1870f7a000-7f1870f7b000 r--s 00003000 fd:01 470444916                  /home/me/dev/projects/liferay-portal/.gradle/caches/jars-9/d64cf955aeae312ce3e65aac59e5f9f7/proj.jar
7f1870f7b000-7f1870f7c000 r--s 00001000 fd:01 470444914                  /home/me/dev/projects/liferay-portal/.gradle/caches/jars-9/f13b0fc344e3878ec9282f49805800bf/proj.jar
7f1870f7c000-7f1870f7d000 r--s 00004000 fd:01 470444912                  /home/me/dev/projects/liferay-portal/.gradle/caches/jars-9/23d69a4d82f645fa11d95188e998b2d4/proj.jar
7f1870f7d000-7f1870f7e000 r--s 00002000 fd:01 470444910                  /home/me/dev/projects/liferay-portal/.gradle/caches/jars-9/5d035e8dc5b32fbf667059a03efd7890/proj.jar
7f1870f7e000-7f1870f7f000 r--s 00002000 fd:01 470444908                  /home/me/dev/projects/liferay-portal/.gradle/caches/jars-9/a6f317b1677d4815015d3c295053ba43/proj.jar
7f1870f7f000-7f1870f80000 r--s 00002000 fd:01 470444906                  /home/me/dev/projects/liferay-portal/.gradle/caches/jars-9/788b3f47cb79bce51fc9912924ebd4ab/proj.jar
7f1870f80000-7f1870f81000 r--s 00001000 fd:01 470444904                  /home/me/dev/projects/liferay-portal/.gradle/caches/jars-9/f3c9929b226a1c6a64d1746f2ff7a8d1/proj.jar
7f1870f81000-7f1870f82000 r--s 00002000 fd:01 470444902                  /home/me/dev/projects/liferay-portal/.gradle/caches/jars-9/62eff8ce8240e9ec8c19c2b529a1f30c/proj.jar
7f1870f82000-7f1870f83000 r--s 00002000 fd:01 470444900                  /home/me/dev/projects/liferay-portal/.gradle/caches/jars-9/a3fd226c22a8b414f9f49f1b00fb0273/proj.jar
7f1870f83000-7f1870f84000 r--s 00002000 fd:01 470444895                  /home/me/dev/projects/liferay-portal/.gradle/caches/jars-9/fa378e00eaa665959e701eea523b531f/proj.jar
7f1870f84000-7f1870f85000 r--s 00002000 fd:01 470444893                  /home/me/dev/projects/liferay-portal/.gradle/caches/jars-9/5bd2e9471fe0e96e246e1d913f34108b/proj.jar
7f1870f85000-7f1870f86000 r--s 00003000 fd:01 470444889                  /home/me/dev/projects/liferay-portal/.gradle/caches/jars-9/c5c2979ffbe1d7845247bb5534a89b68/proj.jar
7f1870f86000-7f1870f88000 r--s 00001000 fd:01 470444887                  /home/me/dev/projects/liferay-portal/.gradle/caches/jars-9/03c438845f6f52cd2dfbd59a76361cc5/proj.jar
7f1870f88000-7f1870f89000 r--s 00002000 fd:01 470444885                  /home/me/dev/projects/liferay-portal/.gradle/caches/jars-9/e26ace5dade8e000cc621d87c2b9dd77/proj.jar
7f1870f89000-7f1870f8a000 r--s 00003000 fd:01 470444882                  /home/me/dev/projects/liferay-portal/.gradle/caches/jars-9/7616ae15e5b6ce8370893441803c07ad/proj.jar
7f1870f8a000-7f1870f8b000 r--s 00002000 fd:01 470444878                  /home/me/dev/projects/liferay-portal/.gradle/caches/jars-9/2963619dd58f2795d0345c5e5e9d15ac/proj.jar
7f1870f8b000-7f1870f8c000 r--s 00002000 fd:01 470444876                  /home/me/dev/projects/liferay-portal/.gradle/caches/jars-9/66906678862027fc7209a3f71a4b7ebb/proj.jar
7f1870f8c000-7f1870f8d000 r--s 00002000 fd:01 470444867                  /home/me/dev/projects/liferay-portal/.gradle/caches/jars-9/2b4fa4283f6b695c1cd21dc1d0f3f645/proj.jar
7f1870f8d000-7f1870f8e000 r--s 00001000 fd:01 470444864                  /home/me/dev/projects/liferay-portal/.gradle/caches/jars-9/19f1b843800155887397e593fcae5778/proj.jar
7f1870f8e000-7f1870f8f000 r--s 00002000 fd:01 470445691                  /home/me/dev/projects/liferay-portal/.gradle/caches/jars-9/65dab1bcff1eec9fe6d58d890e4e52b9/proj.jar
7f1870f8f000-7f1870f90000 r--s 00002000 fd:01 470445689                  /home/me/dev/projects/liferay-portal/.gradle/caches/jars-9/0650ed48dae6d77f2a3b14fe50429079/proj.jar
7f1870f90000-7f1870f91000 r--s 00002000 fd:01 470445686                  /home/me/dev/projects/liferay-portal/.gradle/caches/jars-9/718d20ebf16227c281f92601bab7c55a/proj.jar
7f1870f91000-7f1870f92000 r--s 00001000 fd:01 470445684                  /home/me/dev/projects/liferay-portal/.gradle/caches/jars-9/56ee88e0dfda8e3fffa57e61f1a1bb7d/proj.jar
7f1870f92000-7f1870f94000 r--s 00001000 fd:01 470445681                  /home/me/dev/projects/liferay-portal/.gradle/caches/jars-9/0be3430974a4529e45c1039f5dd5b731/proj.jar
7f1870f94000-7f1870f95000 r--s 00002000 fd:01 470445677                  /home/me/dev/projects/liferay-portal/.gradle/caches/jars-9/b17ea921537b3c9d519ae63b747df054/proj.jar
7f1870f95000-7f1870f96000 r--s 00002000 fd:01 470445675                  /home/me/dev/projects/liferay-portal/.gradle/caches/jars-9/6fe51002edf2440b4252cbe0d8507115/proj.jar
7f1870f96000-7f1870f97000 r--s 00001000 fd:01 470445673                  /home/me/dev/projects/liferay-portal/.gradle/caches/jars-9/f4561d9698cc4ddd1291aec2d28ece82/proj.jar
7f1870f97000-7f1870f98000 r--s 00002000 fd:01 470445671                  /home/me/dev/projects/liferay-portal/.gradle/caches/jars-9/2da720a25cfdebce0d68f974adb38d29/proj.jar
7f1870f98000-7f1870f99000 r--s 00001000 fd:01 470445669                  /home/me/dev/projects/liferay-portal/.gradle/caches/jars-9/9b23ec21c5d4df099b1bcf08f21191ca/proj.jar
7f1870f99000-7f1870f9a000 r--s 00001000 fd:01 470445667                  /home/me/dev/projects/liferay-portal/.gradle/caches/jars-9/419a3801da9fc782e0dec9fa4cb5ef9a/proj.jar
7f1870f9a000-7f1870f9b000 r--s 00002000 fd:01 470445665                  /home/me/dev/projects/liferay-portal/.gradle/caches/jars-9/8c8a1bfbc5dcd3222c375e0805f3a5ae/proj.jar
7f1870f9b000-7f1870f9d000 r--s 00001000 fd:01 470445663                  /home/me/dev/projects/liferay-portal/.gradle/caches/jars-9/0947157862142cc49f5103945d8586ba/proj.jar
7f1870f9d000-7f1870f9e000 r--s 00001000 fd:01 470445661                  /home/me/dev/projects/liferay-portal/.gradle/caches/jars-9/fc82dfeb8a8af00969703947b1768744/proj.jar
7f1870f9e000-7f1870f9f000 r--s 00002000 fd:01 470445659                  /home/me/dev/projects/liferay-portal/.gradle/caches/jars-9/5ac448e7c2a067ce7720beb5eefd56d9/proj.jar
7f1870f9f000-7f1870fa0000 r--s 00002000 fd:01 470445657                  /home/me/dev/projects/liferay-portal/.gradle/caches/jars-9/3f345ca99ac5f20cc784f228596ba066/proj.jar
7f1870fa0000-7f1870fa1000 r--s 00002000 fd:01 470445655                  /home/me/dev/projects/liferay-portal/.gradle/caches/jars-9/c226587733f7b0be43c7730bdf9fc271/proj.jar
7f1870fa1000-7f1870fa2000 r--s 00002000 fd:01 470445653                  /home/me/dev/projects/liferay-portal/.gradle/caches/jars-9/b62eeb4c30011f3293b261f43155dea0/proj.jar
7f1870fa2000-7f1870fa3000 r--s 00003000 fd:01 470445651                  /home/me/dev/projects/liferay-portal/.gradle/caches/jars-9/d846b4cb395fd9a1f50e090fd718cefa/proj.jar
7f1870fa3000-7f1870fa4000 r--s 00002000 fd:01 470445649                  /home/me/dev/projects/liferay-portal/.gradle/caches/jars-9/ca45a84cb830f4ed1d3b31cf8bf57358/proj.jar
7f1870fa4000-7f1870fa5000 r--s 00002000 fd:01 470445647                  /home/me/dev/projects/liferay-portal/.gradle/caches/jars-9/c7344fa8175416ad3b4491ac39a888bb/proj.jar
7f1870fa5000-7f1870fa6000 r--s 00001000 fd:01 470445645                  /home/me/dev/projects/liferay-portal/.gradle/caches/jars-9/1ab00831b02a48ab077bad6eac8befc5/proj.jar
7f1870fa6000-7f1870fa7000 r--s 00002000 fd:01 470445643                  /home/me/dev/projects/liferay-portal/.gradle/caches/jars-9/0a7c78968b030d669a3eb4313011fea3/proj.jar
7f1870fa7000-7f1870fa8000 r--s 00002000 fd:01 470445641                  /home/me/dev/projects/liferay-portal/.gradle/caches/jars-9/a9a08e924a9cb5b5b8199e3f8fd6936c/proj.jar
7f1870fa8000-7f1870fa9000 r--s 00003000 fd:01 470445638                  /home/me/dev/projects/liferay-portal/.gradle/caches/jars-9/5cc981a86c87b48e6a6cf32381491220/proj.jar
7f1870fa9000-7f1870fab000 r--s 00001000 fd:01 470445636                  /home/me/dev/projects/liferay-portal/.gradle/caches/jars-9/73e405edbafa2ad3b8dc02befc7f201b/proj.jar
7f1870fab000-7f1870fad000 r--s 00001000 fd:01 470445634                  /home/me/dev/projects/liferay-portal/.gradle/caches/jars-9/7e114db4cac05cc991b9a573ef43ebb3/proj.jar
7f1870fad000-7f1870faf000 r--s 00001000 fd:01 470446590                  /home/me/dev/projects/liferay-portal/.gradle/caches/jars-9/02694c6ea6042ebbbe306573d737e38d/proj.jar
7f1870faf000-7f1870fb0000 r--s 00002000 fd:01 470446588                  /home/me/dev/projects/liferay-portal/.gradle/caches/jars-9/f1a5cfd823bedffb1c1a6de54d26eb6f/proj.jar
7f1870fb0000-7f1870fb1000 r--s 00003000 fd:01 470446585                  /home/me/dev/projects/liferay-portal/.gradle/caches/jars-9/dcbf708a8d697c1796519fe7654e8c09/proj.jar
7f1870fb1000-7f1870fb2000 r--s 00001000 fd:01 470446583                  /home/me/dev/projects/liferay-portal/.gradle/caches/jars-9/3a6d7f463370636e58c6448d3f85147e/proj.jar
7f1870fb2000-7f1870fb3000 r--s 00002000 fd:01 470446580                  /home/me/dev/projects/liferay-portal/.gradle/caches/jars-9/4a85f8e9a3e1c4e13d3a7dffa2ddd21e/proj.jar
7f1870fb3000-7f1870fb5000 r--s 00002000 fd:01 470446578                  /home/me/dev/projects/liferay-portal/.gradle/caches/jars-9/1b02732e3f52a7804387f162446abb85/proj.jar
7f1870fb5000-7f1870fb6000 r--s 00001000 fd:01 470446576                  /home/me/dev/projects/liferay-portal/.gradle/caches/jars-9/959647b3fbf0e9cb020c21f3e3d7839d/proj.jar
7f1870fb6000-7f1870fb7000 r--s 00001000 fd:01 470446573                  /home/me/dev/projects/liferay-portal/.gradle/caches/jars-9/a69ee3e680fd17fe5a201f3f57087466/proj.jar
7f1870fb7000-7f1870fb9000 r--s 00001000 fd:01 470446568                  /home/me/dev/projects/liferay-portal/.gradle/caches/jars-9/2108a24e4191e0c57d13fe21ac6e9281/proj.jar
7f1870fb9000-7f1870fba000 r--s 00002000 fd:01 470446565                  /home/me/dev/projects/liferay-portal/.gradle/caches/jars-9/ad8bfd236df0f9c22e2272b99c4d9c96/proj.jar
7f1870fba000-7f1870fbb000 r--s 00002000 fd:01 470446563                  /home/me/dev/projects/liferay-portal/.gradle/caches/jars-9/cfdaff00beca932ee1f3c7f7fbb4005d/proj.jar
7f1870fbb000-7f1870fbc000 r--s 00002000 fd:01 470446560                  /home/me/dev/projects/liferay-portal/.gradle/caches/jars-9/64768aee850585f1e78b5fbcb663379b/proj.jar
7f1870fbc000-7f1870fbd000 r--s 00002000 fd:01 470446558                  /home/me/dev/projects/liferay-portal/.gradle/caches/jars-9/4c60df245cdb590caf6212071a7aff08/proj.jar
7f1870fbd000-7f1870fbf000 r--s 00001000 fd:01 470446554                  /home/me/dev/projects/liferay-portal/.gradle/caches/jars-9/3597586afaa18bc6caf54f7c962f2ad6/proj.jar
7f1870fbf000-7f1870fc0000 r--s 00001000 fd:01 470446551                  /home/me/dev/projects/liferay-portal/.gradle/caches/jars-9/0df6204edf71bb967e0ef734963f329e/proj.jar
7f1870fc0000-7f1870fc1000 r--s 00001000 fd:01 470446549                  /home/me/dev/projects/liferay-portal/.gradle/caches/jars-9/4e0b4757a34451cca6d760bd2ed0471f/proj.jar
7f1870fc1000-7f1870fc2000 r--s 00002000 fd:01 470446547                  /home/me/dev/projects/liferay-portal/.gradle/caches/jars-9/183e6072843b7f611a386268d08b9214/proj.jar
7f1870fc2000-7f1870fc3000 r--s 00002000 fd:01 470446545                  /home/me/dev/projects/liferay-portal/.gradle/caches/jars-9/caaf221c2504122c535c37459690a8b3/proj.jar
7f1870fc3000-7f1870fc5000 r--s 00001000 fd:01 470446543                  /home/me/dev/projects/liferay-portal/.gradle/caches/jars-9/1012cadc9f465e2e8abb3d3c57f8faf1/proj.jar
7f1870fc5000-7f1870fc6000 r--s 00002000 fd:01 470446541                  /home/me/dev/projects/liferay-portal/.gradle/caches/jars-9/4c4c2f4682115490c73a495cadcd828f/proj.jar
7f1870fc6000-7f1870fc7000 r--s 00002000 fd:01 470446538                  /home/me/dev/projects/liferay-portal/.gradle/caches/jars-9/a795e7e8feba738ec3e9e6887f22f3e0/proj.jar
7f1870fc7000-7f1870fc8000 r--s 00002000 fd:01 470446536                  /home/me/dev/projects/liferay-portal/.gradle/caches/jars-9/4b7e943829f8fc5a0691b57fb2371002/proj.jar
7f1870fc8000-7f1870fc9000 r--s 00001000 fd:01 470446534                  /home/me/dev/projects/liferay-portal/.gradle/caches/jars-9/6038a4dc0d68d2538060d69543c21a38/proj.jar
7f1870fc9000-7f1870fca000 r--s 00002000 fd:01 470446532                  /home/me/dev/projects/liferay-portal/.gradle/caches/jars-9/a7c32852087ac27961f78fa1462722e9/proj.jar
7f1870fca000-7f1870fcb000 r--s 00002000 fd:01 485808105                  /home/me/dev/projects/liferay-portal/.gradle/caches/jars-9/17d8f458ceccb30c0d0b313eb9f1d4a5/proj.jar
7f1870fcb000-7f1870fcc000 r--s 00001000 fd:01 470446528                  /home/me/dev/projects/liferay-portal/.gradle/caches/jars-9/9bc959f61bdd02638bf0c5d4131556b9/proj.jar
7f1870fcc000-7f1870fcd000 r--s 00002000 fd:01 470446781                  /home/me/dev/projects/liferay-portal/.gradle/caches/jars-9/77ff0238eaee0af37c9911577b2045f4/proj.jar
7f1870fcd000-7f1870fce000 r--s 00002000 fd:01 470446779                  /home/me/dev/projects/liferay-portal/.gradle/caches/jars-9/df2cad60495f95b87b7d908e24b9af5f/proj.jar
7f1870fce000-7f1870fcf000 r--s 00003000 fd:01 470446749                  /home/me/dev/projects/liferay-portal/.gradle/caches/jars-9/34032a5f0323cc3f63a0ae8bc9d333ea/proj.jar
7f1870fcf000-7f1870fd0000 r--s 00001000 fd:01 470446746                  /home/me/dev/projects/liferay-portal/.gradle/caches/jars-9/db9f9b1be7500d099af45920f5e3761d/proj.jar
7f1870fd0000-7f1870fd1000 r--s 00001000 fd:01 470446744                  /home/me/dev/projects/liferay-portal/.gradle/caches/jars-9/c63ff53e106cf60eca2c72a1ede5bb37/proj.jar
7f1870fd1000-7f1870fd2000 r--s 00002000 fd:01 485838013                  /home/me/dev/projects/liferay-portal/.gradle/caches/jars-9/e7c7cffda4d9c5428f2da185f833c9f0/proj.jar
7f1870fd2000-7f1870fd3000 r--s 00001000 fd:01 470446740                  /home/me/dev/projects/liferay-portal/.gradle/caches/jars-9/9dde74156b8c592a91343702acc5692a/proj.jar
7f1870fd3000-7f1870fd4000 r--s 00002000 fd:01 470446738                  /home/me/dev/projects/liferay-portal/.gradle/caches/jars-9/3b996a9b6ff7e200ca54ce572681d000/proj.jar
7f1870fd4000-7f1870fd5000 r--s 00002000 fd:01 470446736                  /home/me/dev/projects/liferay-portal/.gradle/caches/jars-9/9fd9d8ae458ae5103af64ff8527a3b10/proj.jar
7f1870fd5000-7f1870fd6000 r--s 00002000 fd:01 470446734                  /home/me/dev/projects/liferay-portal/.gradle/caches/jars-9/a20cd58e79988677a18592c46765fb97/proj.jar
7f1870fd6000-7f1870fd7000 r--s 00001000 fd:01 470446732                  /home/me/dev/projects/liferay-portal/.gradle/caches/jars-9/5d3ecea51366e89f5abd140d35db6f29/proj.jar
7f1870fd7000-7f1870fd8000 r--s 00002000 fd:01 470446729                  /home/me/dev/projects/liferay-portal/.gradle/caches/jars-9/73e8302a896ebd8deea852c9df83f0db/proj.jar
7f1870fd8000-7f1870fd9000 r--s 00001000 fd:01 470446727                  /home/me/dev/projects/liferay-portal/.gradle/caches/jars-9/fdb03a74338a05dc48a42bf863baacb1/proj.jar
7f1870fd9000-7f1870fdb000 r--s 00001000 fd:01 470446725                  /home/me/dev/projects/liferay-portal/.gradle/caches/jars-9/0ce028f6d17bd895fedc4b35d4181b62/proj.jar
7f1870fdb000-7f1870fdc000 r--s 00002000 fd:01 470446723                  /home/me/dev/projects/liferay-portal/.gradle/caches/jars-9/8c7a75052e7e2bc805ef1dc0d3441082/proj.jar
7f1870fdc000-7f1870fdd000 r--s 00001000 fd:01 470446721                  /home/me/dev/projects/liferay-portal/.gradle/caches/jars-9/a20fde74077860eb62ec35b5d7897c41/proj.jar
7f1870fdd000-7f1870fde000 r--s 00002000 fd:01 470446797                  /home/me/dev/projects/liferay-portal/.gradle/caches/jars-9/f337fb83bd0ca7a2bbf54eb97d23d672/proj.jar
7f1870fde000-7f1870fdf000 r--s 00002000 fd:01 470446790                  /home/me/dev/projects/liferay-portal/.gradle/caches/jars-9/25ca350aa4d13374954b82116b423bbf/proj.jar
7f1870fdf000-7f1870fe0000 r--s 00001000 fd:01 470446788                  /home/me/dev/projects/liferay-portal/.gradle/caches/jars-9/0ac7d6f160d718d296c69ff29b3b013c/proj.jar
7f1870fe0000-7f1870fe2000 r--s 0000c000 fd:01 471736629                  /home/me/dev/projects/liferay-portal/.gradle/caches/jars-9/c7e6f45ea0978198d9a4461444796c66/proj.jar
7f1870fe2000-7f1870fe3000 r--s 00001000 fd:01 471736627                  /home/me/dev/projects/liferay-portal/.gradle/caches/jars-9/4704fe911d1701d1c5b612807ccac692/proj.jar
7f1870fe3000-7f1870fe4000 r--s 00001000 fd:01 471736625                  /home/me/dev/projects/liferay-portal/.gradle/caches/jars-9/bbe83f8f695389e0ab51da4ce60b489b/proj.jar
7f1870fe4000-7f1870fe5000 r--s 00002000 fd:01 485808101                  /home/me/dev/projects/liferay-portal/.gradle/caches/jars-9/f74efb402e10166dcf23735f88606ad0/proj.jar
7f1870fe5000-7f1870fe6000 r--s 00002000 fd:01 485808099                  /home/me/dev/projects/liferay-portal/.gradle/caches/jars-9/959d8bc7a29821ee0be4d1d35eaafb1e/proj.jar
7f1870fe6000-7f1870fe7000 r--s 00007000 fd:01 471736619                  /home/me/dev/projects/liferay-portal/.gradle/caches/jars-9/9cf614a1d927e984c3b17d4ea1910ac7/proj.jar
7f1870fe7000-7f1870fe8000 r--s 00002000 fd:01 471736617                  /home/me/dev/projects/liferay-portal/.gradle/caches/jars-9/736960c734a9f9e4e54a49e88c3f40cf/proj.jar
7f1870fe8000-7f1870fe9000 r--s 00001000 fd:01 471736615                  /home/me/dev/projects/liferay-portal/.gradle/caches/jars-9/bf49f62b0f2b826a1cf5e6f61520f21b/proj.jar
7f1870fe9000-7f1870fea000 r--s 00001000 fd:01 471736613                  /home/me/dev/projects/liferay-portal/.gradle/caches/jars-9/25b044e07e6055418a366645fa59374f/proj.jar
7f1870fea000-7f1870feb000 r--s 00002000 fd:01 471736611                  /home/me/dev/projects/liferay-portal/.gradle/caches/jars-9/0a97b3ebcb9d1915408db8816c7c3fbb/proj.jar
7f1870feb000-7f1870fec000 r--s 00003000 fd:01 471736609                  /home/me/dev/projects/liferay-portal/.gradle/caches/jars-9/0b1cad5f98597762c7567d04871724f9/proj.jar
7f1870fec000-7f1870fed000 r--s 00006000 fd:01 471736607                  /home/me/dev/projects/liferay-portal/.gradle/caches/jars-9/6a3e516ae6fa652c6da1a34a049f0f3e/proj.jar
7f1870fed000-7f1870fee000 r--s 00002000 fd:01 471736605                  /home/me/dev/projects/liferay-portal/.gradle/caches/jars-9/784b7ddefe31b9472cbcda0a11e55520/proj.jar
7f1870fee000-7f1870fef000 r--s 00001000 fd:01 471736603                  /home/me/dev/projects/liferay-portal/.gradle/caches/jars-9/f39d931c08600734bfcb1517ac35249b/proj.jar
7f1870fef000-7f1870ff1000 r--s 00002000 fd:01 471736601                  /home/me/dev/projects/liferay-portal/.gradle/caches/jars-9/c110f5f6d1f5fc0c430b9126dd89fc94/proj.jar
7f1870ff1000-7f1870ff2000 r--s 00002000 fd:01 471736599                  /home/me/dev/projects/liferay-portal/.gradle/caches/jars-9/0e905fb2c1b1638d59656c2569032b0b/proj.jar
7f1870ff2000-7f1870ff3000 r--s 00001000 fd:01 471736597                  /home/me/dev/projects/liferay-portal/.gradle/caches/jars-9/05ebace5d0c9c4d811e4ca3074730110/proj.jar
7f1870ff3000-7f1870ff4000 r--s 00003000 fd:01 471736595                  /home/me/dev/projects/liferay-portal/.gradle/caches/jars-9/6c7aa988891035760e586cfc2ac74203/proj.jar
7f1870ff4000-7f1870ff5000 r--s 00001000 fd:01 471736593                  /home/me/dev/projects/liferay-portal/.gradle/caches/jars-9/fc37454114f517ba37215e6a0c1c483a/proj.jar
7f1870ff5000-7f1870ff6000 r--s 00002000 fd:01 471736591                  /home/me/dev/projects/liferay-portal/.gradle/caches/jars-9/debd9815d74b82808400e190aee8e6e8/proj.jar
7f1870ff6000-7f1870ff7000 r--s 00001000 fd:01 471736585                  /home/me/dev/projects/liferay-portal/.gradle/caches/jars-9/66b50c541a86790988ebe260b72bab17/proj.jar
7f1870ff7000-7f1870ff8000 r--s 00001000 fd:01 471736583                  /home/me/dev/projects/liferay-portal/.gradle/caches/jars-9/b6f923c9af7222dc64cc052785cbb289/proj.jar
7f1870ff8000-7f1870ff9000 r--s 00002000 fd:01 471736581                  /home/me/dev/projects/liferay-portal/.gradle/caches/jars-9/d3305d700edfa54a71a8a07fcd272fc9/proj.jar
7f1870ff9000-7f1870ffa000 r--s 00001000 fd:01 471736579                  /home/me/dev/projects/liferay-portal/.gradle/caches/jars-9/782fe0f1869d5d2c8e7596a4714068f1/proj.jar
7f1870ffa000-7f1870ffb000 r--s 00002000 fd:01 471736577                  /home/me/dev/projects/liferay-portal/.gradle/caches/jars-9/d8c81eebf41f0a26bf19b187fc73eb1d/proj.jar
7f1870ffb000-7f1870ffc000 r--s 00002000 fd:01 471746009                  /home/me/dev/projects/liferay-portal/.gradle/caches/jars-9/c8c780189dc0d6705a8cec0fac9d6385/proj.jar
7f1870ffc000-7f1870ffd000 r--s 00002000 fd:01 471746007                  /home/me/dev/projects/liferay-portal/.gradle/caches/jars-9/94726bdb6f32b1cf8b3f804de7874a02/proj.jar
7f1870ffd000-7f1870ffe000 r--s 00001000 fd:01 471746005                  /home/me/dev/projects/liferay-portal/.gradle/caches/jars-9/62670dfd092bd1cee6d0760b38628420/proj.jar
7f1870ffe000-7f1870fff000 r--s 00001000 fd:01 471746003                  /home/me/dev/projects/liferay-portal/.gradle/caches/jars-9/95b86254e2d99cbc085ce7453735b32c/proj.jar
7f1870fff000-7f1871000000 r--s 00001000 fd:01 471746001                  /home/me/dev/projects/liferay-portal/.gradle/caches/jars-9/cc46e524af798eeca66ac2de717e620a/proj.jar
7f1871000000-7f1871003000 ---p 00000000 00:00 0 
7f1871003000-7f1871100000 rw-p 00000000 00:00 0 
7f1871100000-7f1871103000 ---p 00000000 00:00 0 
7f1871103000-7f1871200000 rw-p 00000000 00:00 0 
7f1871200000-7f1871203000 ---p 00000000 00:00 0 
7f1871203000-7f1871300000 rw-p 00000000 00:00 0 
7f1871300000-7f1871303000 ---p 00000000 00:00 0 
7f1871303000-7f1871400000 rw-p 00000000 00:00 0 
7f1871400000-7f1871600000 rw-p 00000000 00:00 0 
7f1871600000-7f1871603000 ---p 00000000 00:00 0 
7f1871603000-7f1871700000 rw-p 00000000 00:00 0 
7f1871700000-7f1871703000 ---p 00000000 00:00 0 
7f1871703000-7f1871800000 rw-p 00000000 00:00 0 
7f1871800000-7f1871803000 ---p 00000000 00:00 0 
7f1871803000-7f1871900000 rw-p 00000000 00:00 0 
7f1871900000-7f1871903000 ---p 00000000 00:00 0 
7f1871903000-7f1871a00000 rw-p 00000000 00:00 0 
7f1871a00000-7f1871a03000 ---p 00000000 00:00 0 
7f1871a03000-7f1871b00000 rw-p 00000000 00:00 0 
7f1871b00000-7f1871b03000 ---p 00000000 00:00 0 
7f1871b03000-7f1871c00000 rw-p 00000000 00:00 0 
7f1871c00000-7f1871c03000 ---p 00000000 00:00 0 
7f1871c03000-7f1871d00000 rw-p 00000000 00:00 0 
7f1871d00000-7f1871d03000 ---p 00000000 00:00 0 
7f1871d03000-7f1871e00000 rw-p 00000000 00:00 0 
7f1871e00000-7f1872000000 rw-p 00000000 00:00 0 
7f1872000000-7f1872003000 ---p 00000000 00:00 0 
7f1872003000-7f1872100000 rw-p 00000000 00:00 0 
7f1872100000-7f1872103000 ---p 00000000 00:00 0 
7f1872103000-7f1872200000 rw-p 00000000 00:00 0 
7f1872200000-7f1872203000 ---p 00000000 00:00 0 
7f1872203000-7f1872300000 rw-p 00000000 00:00 0 
7f1872300000-7f1872303000 ---p 00000000 00:00 0 
7f1872303000-7f1872400000 rw-p 00000000 00:00 0 
7f1872400000-7f1872403000 ---p 00000000 00:00 0 
7f1872403000-7f1872500000 rw-p 00000000 00:00 0 
7f1872500000-7f1872503000 ---p 00000000 00:00 0 
7f1872503000-7f1872600000 rw-p 00000000 00:00 0 
7f1872600000-7f1872800000 rw-p 00000000 00:00 0 
7f1872800000-7f1872803000 ---p 00000000 00:00 0 
7f1872803000-7f1872900000 rw-p 00000000 00:00 0 
7f1872900000-7f1872903000 ---p 00000000 00:00 0 
7f1872903000-7f1872a00000 rw-p 00000000 00:00 0 
7f1872a00000-7f1872bc0000 rw-p 00000000 00:00 0 
7f1872bc0000-7f1872e00000 rw-p 00000000 00:00 0 
7f1872e00000-7f1872e03000 ---p 00000000 00:00 0 
7f1872e03000-7f1872f00000 rw-p 00000000 00:00 0 
7f1872f00000-7f1872f03000 ---p 00000000 00:00 0 
7f1872f03000-7f1873000000 rw-p 00000000 00:00 0 
7f1873000000-7f1873001000 r--s 00001000 fd:01 471745999                  /home/me/dev/projects/liferay-portal/.gradle/caches/jars-9/d4eee6c18a1151bb94de819ef6fa7edd/proj.jar
7f1873001000-7f1873002000 r--s 00001000 fd:01 471745997                  /home/me/dev/projects/liferay-portal/.gradle/caches/jars-9/77488b519a5ca0d0837ec1366e67e624/proj.jar
7f1873002000-7f1873003000 r--s 00001000 fd:01 471745994                  /home/me/dev/projects/liferay-portal/.gradle/caches/jars-9/05956c883de55ea3ac8588f783009039/proj.jar
7f1873003000-7f1873004000 r--s 00001000 fd:01 471745992                  /home/me/dev/projects/liferay-portal/.gradle/caches/jars-9/6dca0d73a914bbba75234c3f52e1bdef/proj.jar
7f1873004000-7f1873006000 r--s 00001000 fd:01 471745990                  /home/me/dev/projects/liferay-portal/.gradle/caches/jars-9/fe20a98fbdec8150828f787d4eac815f/proj.jar
7f1873006000-7f1873007000 r--s 00001000 fd:01 471745988                  /home/me/dev/projects/liferay-portal/.gradle/caches/jars-9/0fe85b55a1394143a302ee7cafd28e4e/proj.jar
7f1873007000-7f1873008000 r--s 00001000 fd:01 471754161                  /home/me/dev/projects/liferay-portal/.gradle/caches/jars-9/22e5f4ad7e9c0bdd48ef03fbfe54b43b/proj.jar
7f1873008000-7f187300a000 r--s 00001000 fd:01 471760767                  /home/me/dev/projects/liferay-portal/.gradle/caches/jars-9/3120af60155d95b5eb977f1f1b4dcda3/proj.jar
7f187300a000-7f187300b000 r--s 00001000 fd:01 471760764                  /home/me/dev/projects/liferay-portal/.gradle/caches/jars-9/43fa5bf4a5731b7071cc4c2418734f13/proj.jar
7f187300b000-7f187300c000 r--s 00002000 fd:01 471760752                  /home/me/dev/projects/liferay-portal/.gradle/caches/jars-9/93894cd61386293ff48d1ef083bc47ff/proj.jar
7f187300c000-7f187300e000 r--s 00001000 fd:01 471760708                  /home/me/dev/projects/liferay-portal/.gradle/caches/jars-9/db279e1ab21c42fb77006f57fd60239d/proj.jar
7f187300e000-7f187300f000 r--s 00003000 fd:01 471762878                  /home/me/dev/projects/liferay-portal/.gradle/caches/jars-9/3cf9603904f1dfa593d7651262461135/proj.jar
7f187300f000-7f1873010000 r--s 00002000 fd:01 471762869                  /home/me/dev/projects/liferay-portal/.gradle/caches/jars-9/e25f07188e1b82e31778e0be2abd4406/proj.jar
7f1873010000-7f1873011000 r--s 00001000 fd:01 471762867                  /home/me/dev/projects/liferay-portal/.gradle/caches/jars-9/0b00463fa399617738e78e9e0b022dbc/proj.jar
7f1873011000-7f1873012000 r--s 00002000 fd:01 471762865                  /home/me/dev/projects/liferay-portal/.gradle/caches/jars-9/d532d228aa4877a4cfc21461c1590dd0/proj.jar
7f1873012000-7f1873013000 r--s 00002000 fd:01 471762863                  /home/me/dev/projects/liferay-portal/.gradle/caches/jars-9/c2fae408ac6f46612b2652dcf99d969b/proj.jar
7f1873013000-7f1873014000 r--s 00001000 fd:01 471762861                  /home/me/dev/projects/liferay-portal/.gradle/caches/jars-9/d46ff5ab9091d8b28cbdd407e6ea3746/proj.jar
7f1873014000-7f1873015000 r--s 00001000 fd:01 471762857                  /home/me/dev/projects/liferay-portal/.gradle/caches/jars-9/8845b1b93196c4f48503b8b1841b880a/proj.jar
7f1873015000-7f1873016000 r--s 00001000 fd:01 471762855                  /home/me/dev/projects/liferay-portal/.gradle/caches/jars-9/47ae85a093912d19a28aeb55742ba836/proj.jar
7f1873016000-7f1873017000 r--s 00001000 fd:01 471762845                  /home/me/dev/projects/liferay-portal/.gradle/caches/jars-9/c0c2515992bf3a693142a9e2be12e9a3/proj.jar
7f1873017000-7f1873018000 r--s 00001000 fd:01 471762843                  /home/me/dev/projects/liferay-portal/.gradle/caches/jars-9/820c4b8f03f16750c5cc10dbd70835dc/proj.jar
7f1873018000-7f1873019000 r--s 00001000 fd:01 471762841                  /home/me/dev/projects/liferay-portal/.gradle/caches/jars-9/e0434ea722d399e9bffdf56889b56023/proj.jar
7f1873019000-7f187301a000 r--s 00001000 fd:01 471762838                  /home/me/dev/projects/liferay-portal/.gradle/caches/jars-9/1bb6759d20db2746bcfbe9b404819d65/proj.jar
7f187301a000-7f187301b000 r--s 00001000 fd:01 471762836                  /home/me/dev/projects/liferay-portal/.gradle/caches/jars-9/a67d802822828ec027899233417fa8b1/proj.jar
7f187301b000-7f187301c000 r--s 00001000 fd:01 471762832                  /home/me/dev/projects/liferay-portal/.gradle/caches/jars-9/03ad8a9cd4bfdb0b48e2ffc18b402d1d/proj.jar
7f187301c000-7f187301d000 r--s 00001000 fd:01 471762830                  /home/me/dev/projects/liferay-portal/.gradle/caches/jars-9/268755476d91b4336914f06541693613/proj.jar
7f187301d000-7f187301e000 r--s 00001000 fd:01 471762828                  /home/me/dev/projects/liferay-portal/.gradle/caches/jars-9/b1f0818b0d957d6e43eae8850aa9a80a/proj.jar
7f187301e000-7f187301f000 r--s 00002000 fd:01 471762826                  /home/me/dev/projects/liferay-portal/.gradle/caches/jars-9/0d5fbd28552f739a15122cb00f0f1b13/proj.jar
7f187301f000-7f1873020000 r--s 00002000 fd:01 471762823                  /home/me/dev/projects/liferay-portal/.gradle/caches/jars-9/58aadc84ac977c066477598bd0e535e7/proj.jar
7f1873020000-7f1873021000 r--s 00002000 fd:01 471762821                  /home/me/dev/projects/liferay-portal/.gradle/caches/jars-9/5e7241be4739dc341876b2dc4d0ab45c/proj.jar
7f1873021000-7f1873023000 r--s 00001000 fd:01 471762819                  /home/me/dev/projects/liferay-portal/.gradle/caches/jars-9/d65cb40b4daee150ac1d35eed7c3f80b/proj.jar
7f1873023000-7f1873024000 r--s 00002000 fd:01 471762817                  /home/me/dev/projects/liferay-portal/.gradle/caches/jars-9/1943ab34c499cc2e3b774a8336ea3633/proj.jar
7f1873024000-7f1873025000 r--s 00002000 fd:01 471768887                  /home/me/dev/projects/liferay-portal/.gradle/caches/jars-9/6142dbb2989adcd64d2ab9f3b53a03b6/proj.jar
7f1873025000-7f1873026000 r--s 00002000 fd:01 471768885                  /home/me/dev/projects/liferay-portal/.gradle/caches/jars-9/38d0d48494a9a7ca46aa799df2a3437b/proj.jar
7f1873026000-7f1873027000 r--s 00002000 fd:01 471768883                  /home/me/dev/projects/liferay-portal/.gradle/caches/jars-9/a208f3054a9182f4609aaed33f60ca51/proj.jar
7f1873027000-7f1873029000 r--s 00001000 fd:01 471768881                  /home/me/dev/projects/liferay-portal/.gradle/caches/jars-9/5a41aa3e67ce7aa4f3838c1876c9170b/proj.jar
7f1873029000-7f187302a000 r--s 00002000 fd:01 471768879                  /home/me/dev/projects/liferay-portal/.gradle/caches/jars-9/2b62ef003601592181cd4f470b85e00d/proj.jar
7f187302a000-7f187302b000 r--s 00002000 fd:01 471768847                  /home/me/dev/projects/liferay-portal/.gradle/caches/jars-9/667597e7684af25c836c69ec1f3251b4/proj.jar
7f187302b000-7f187302c000 r--s 00002000 fd:01 471768844                  /home/me/dev/projects/liferay-portal/.gradle/caches/jars-9/83891c7654748f539228a35b73cd3913/proj.jar
7f187302c000-7f187302d000 r--s 00002000 fd:01 471768837                  /home/me/dev/projects/liferay-portal/.gradle/caches/jars-9/658643cb66f40821dd63dfcc3adf3067/proj.jar
7f187302d000-7f187302e000 r--s 00002000 fd:01 471768834                  /home/me/dev/projects/liferay-portal/.gradle/caches/jars-9/35230b2b19dec4015dbec014f4796bef/proj.jar
7f187302e000-7f1873030000 r--s 00001000 fd:01 471775546                  /home/me/dev/projects/liferay-portal/.gradle/caches/jars-9/e34ad680634f083faa53fd46e5feb2ce/proj.jar
7f1873030000-7f1873031000 r--s 00002000 fd:01 471775541                  /home/me/dev/projects/liferay-portal/.gradle/caches/jars-9/30fa6e371eadf4a4d8ddf8d60ee95357/proj.jar
7f1873031000-7f1873032000 r--s 00002000 fd:01 471775539                  /home/me/dev/projects/liferay-portal/.gradle/caches/jars-9/8dea7de2134b01a4f93fa5ff1b4c62b7/proj.jar
7f1873032000-7f1873033000 r--s 00002000 fd:01 471775537                  /home/me/dev/projects/liferay-portal/.gradle/caches/jars-9/b030514b0ad299301dcce8c8eba0573d/proj.jar
7f1873033000-7f1873034000 r--s 00002000 fd:01 471775535                  /home/me/dev/projects/liferay-portal/.gradle/caches/jars-9/4c73ff9429d42e3d62b36ab55e39f7d2/proj.jar
7f1873034000-7f1873035000 r--s 00002000 fd:01 471775532                  /home/me/dev/projects/liferay-portal/.gradle/caches/jars-9/4aedaa8d072f35c6b97be8700c429a60/proj.jar
7f1873035000-7f1873036000 r--s 00001000 fd:01 471775530                  /home/me/dev/projects/liferay-portal/.gradle/caches/jars-9/e5e905d347ee81e6ab82b1238651edd3/proj.jar
7f1873036000-7f1873037000 r--s 00002000 fd:01 471775528                  /home/me/dev/projects/liferay-portal/.gradle/caches/jars-9/4f22f5f5ee67ffb1e3c72b0ee8f1dce1/proj.jar
7f1873037000-7f1873038000 r--s 00001000 fd:01 471775526                  /home/me/dev/projects/liferay-portal/.gradle/caches/jars-9/b1293b26cb422c06a535ca4036aa796c/proj.jar
7f1873038000-7f1873039000 r--s 00002000 fd:01 471775524                  /home/me/dev/projects/liferay-portal/.gradle/caches/jars-9/9cd08fd825fab28e1868e812d3042d17/proj.jar
7f1873039000-7f187303a000 r--s 00002000 fd:01 471775522                  /home/me/dev/projects/liferay-portal/.gradle/caches/jars-9/7cbf94e272278af0eea96bc13645d270/proj.jar
7f187303a000-7f187303b000 r--s 00001000 fd:01 471775520                  /home/me/dev/projects/liferay-portal/.gradle/caches/jars-9/b239f79006b7b07bd3c43acacdea60d9/proj.jar
7f187303b000-7f187303c000 r--s 00002000 fd:01 471775517                  /home/me/dev/projects/liferay-portal/.gradle/caches/jars-9/7f6e7bf1bb1d858214c4cfd03d3cc747/proj.jar
7f187303c000-7f187303d000 r--s 00002000 fd:01 471775515                  /home/me/dev/projects/liferay-portal/.gradle/caches/jars-9/9a0c2f8d21151e0eb39f53efcac26636/proj.jar
7f187303d000-7f187303e000 r--s 00001000 fd:01 471775513                  /home/me/dev/projects/liferay-portal/.gradle/caches/jars-9/17908350c9d49865ae8abb030c962771/proj.jar
7f187303e000-7f187303f000 r--s 00002000 fd:01 471775511                  /home/me/dev/projects/liferay-portal/.gradle/caches/jars-9/e536f5765712411ca1cc43ac45a5bb2b/proj.jar
7f187303f000-7f1873040000 r--s 00002000 fd:01 471775507                  /home/me/dev/projects/liferay-portal/.gradle/caches/jars-9/4c05a7efbc1dec87709ef7e35d46afd6/proj.jar
7f1873040000-7f1873041000 r--s 00001000 fd:01 471775494                  /home/me/dev/projects/liferay-portal/.gradle/caches/jars-9/04b7e58adcf9aa402efd78c5e78ae022/proj.jar
7f1873041000-7f1873042000 r--s 00002000 fd:01 471780991                  /home/me/dev/projects/liferay-portal/.gradle/caches/jars-9/3e664d39f3643d286133208ef423f82b/proj.jar
7f1873042000-7f1873043000 r--s 00002000 fd:01 471780984                  /home/me/dev/projects/liferay-portal/.gradle/caches/jars-9/5dee129a3ebbc53bea68b3950908bcbd/proj.jar
7f1873043000-7f1873044000 r--s 00003000 fd:01 471780982                  /home/me/dev/projects/liferay-portal/.gradle/caches/jars-9/403a4574ad6ab2a49cfabf53289dc8fa/proj.jar
7f1873044000-7f1873045000 r--s 00001000 fd:01 471780980                  /home/me/dev/projects/liferay-portal/.gradle/caches/jars-9/92869a23c5c2ff365e844fcf6b9cd4a1/proj.jar
7f1873045000-7f1873046000 r--s 00002000 fd:01 471780977                  /home/me/dev/projects/liferay-portal/.gradle/caches/jars-9/4404b02813f3309fb050bac354dda4d6/proj.jar
7f1873046000-7f1873047000 r--s 00002000 fd:01 471780975                  /home/me/dev/projects/liferay-portal/.gradle/caches/jars-9/3156ae21c83ec7736f31d23150a81ee6/proj.jar
7f1873047000-7f1873048000 r--s 00002000 fd:01 471780973                  /home/me/dev/projects/liferay-portal/.gradle/caches/jars-9/7acd9f74d2a964bf85cca76ac382531d/proj.jar
7f1873048000-7f1873049000 r--s 00001000 fd:01 471780971                  /home/me/dev/projects/liferay-portal/.gradle/caches/jars-9/45827c7e3cd422537eed8a5f0553379b/proj.jar
7f1873049000-7f187304a000 r--s 00002000 fd:01 471025860                  /home/me/dev/projects/liferay-portal/.gradle/caches/jars-9/dede31c853f3eda51da9855cdc130533/proj.jar
7f187304a000-7f187304b000 r--s 00002000 fd:01 471780967                  /home/me/dev/projects/liferay-portal/.gradle/caches/jars-9/68ad4b729213839b1d74b8dcc2f69bb6/proj.jar
7f187304b000-7f187304c000 r--s 00002000 fd:01 471780962                  /home/me/dev/projects/liferay-portal/.gradle/caches/jars-9/df640a0d5dd46ad7bf22c8df05d6a15b/proj.jar
7f187304c000-7f187304d000 r--s 00001000 fd:01 471780959                  /home/me/dev/projects/liferay-portal/.gradle/caches/jars-9/1ceb8a7b384c7ff7551609faeadc35f1/proj.jar
7f187304d000-7f187304e000 r--s 00002000 fd:01 471780957                  /home/me/dev/projects/liferay-portal/.gradle/caches/jars-9/17634a443d6a8e81bcf00d9e1f40dd0f/proj.jar
7f187304e000-7f187304f000 r--s 00002000 fd:01 471780955                  /home/me/dev/projects/liferay-portal/.gradle/caches/jars-9/91204ad3ddc87082a57f816ec47a9518/proj.jar
7f187304f000-7f1873050000 r--s 00001000 fd:01 471780953                  /home/me/dev/projects/liferay-portal/.gradle/caches/jars-9/21299d6b261f8648f414ea85dfec370f/proj.jar
7f1873050000-7f1873051000 r--s 00002000 fd:01 471780949                  /home/me/dev/projects/liferay-portal/.gradle/caches/jars-9/2b459d4e1f7927cd5f01645cf1b53f9b/proj.jar
7f1873051000-7f1873052000 r--s 00002000 fd:01 471780947                  /home/me/dev/projects/liferay-portal/.gradle/caches/jars-9/66b4e988619cf02e1b957663c5eca481/proj.jar
7f1873052000-7f1873053000 r--s 00001000 fd:01 471780945                  /home/me/dev/projects/liferay-portal/.gradle/caches/jars-9/6ce0237199179f3fc111792a53892d91/proj.jar
7f1873053000-7f1873054000 r--s 00002000 fd:01 471780943                  /home/me/dev/projects/liferay-portal/.gradle/caches/jars-9/310483ac248dd92f9795c75710284ec0/proj.jar
7f1873054000-7f1873055000 r--s 00002000 fd:01 484924873                  /home/me/dev/projects/liferay-portal/.gradle/caches/jars-9/f2f92321764e11db481d41671f445d76/proj.jar
7f1873055000-7f1873056000 r--s 00001000 fd:01 471781220                  /home/me/dev/projects/liferay-portal/.gradle/caches/jars-9/423787208534be22c8a8f93a0653328e/proj.jar
7f1873056000-7f1873057000 r--s 00002000 fd:01 471781209                  /home/me/dev/projects/liferay-portal/.gradle/caches/jars-9/355f3754d3dcc311a32fb74c462d9708/proj.jar
7f1873057000-7f1873058000 r--s 00002000 fd:01 471781207                  /home/me/dev/projects/liferay-portal/.gradle/caches/jars-9/3574c9948f3d16b829e60ab9a0b3809a/proj.jar
7f1873058000-7f1873059000 r--s 00001000 fd:01 471781205                  /home/me/dev/projects/liferay-portal/.gradle/caches/jars-9/ce835c70fd1110e88c9ed0da00028f20/proj.jar
7f1873059000-7f187305a000 r--s 00002000 fd:01 471781203                  /home/me/dev/projects/liferay-portal/.gradle/caches/jars-9/5e1e10b89d9656b3f4830bf652d02c90/proj.jar
7f187305a000-7f187305b000 r--s 00002000 fd:01 471781201                  /home/me/dev/projects/liferay-portal/.gradle/caches/jars-9/c4c1b674a534f95050c11f299fe1d874/proj.jar
7f187305b000-7f187305c000 r--s 00001000 fd:01 471781199                  /home/me/dev/projects/liferay-portal/.gradle/caches/jars-9/d678e85e4602528396aa7bf5b66b9a5f/proj.jar
7f187305c000-7f187305d000 r--s 00002000 fd:01 471781197                  /home/me/dev/projects/liferay-portal/.gradle/caches/jars-9/793728e8225a22edfcbde890dc64ce47/proj.jar
7f187305d000-7f187305e000 r--s 00002000 fd:01 471781195                  /home/me/dev/projects/liferay-portal/.gradle/caches/jars-9/4c0c12c2c50c1ece582df9f6d8a8cf3e/proj.jar
7f187305e000-7f187305f000 r--s 00002000 fd:01 471781193                  /home/me/dev/projects/liferay-portal/.gradle/caches/jars-9/a24c6b4a0db15cfa505a8396db9fadb1/proj.jar
7f187305f000-7f1873060000 r--s 00002000 fd:01 471781191                  /home/me/dev/projects/liferay-portal/.gradle/caches/jars-9/8b21538e881535b2998fc6a8bbb688ec/proj.jar
7f1873060000-7f1873061000 r--s 00002000 fd:01 471781189                  /home/me/dev/projects/liferay-portal/.gradle/caches/jars-9/90cbfec377b2c5b6e7ceb21f98d10dcb/proj.jar
7f1873061000-7f1873062000 r--s 00001000 fd:01 471781187                  /home/me/dev/projects/liferay-portal/.gradle/caches/jars-9/35d36a728a3c12fe467315dd968ab90a/proj.jar
7f1873062000-7f1873063000 r--s 00002000 fd:01 471781185                  /home/me/dev/projects/liferay-portal/.gradle/caches/jars-9/91585947beaec37132b1cfbd5ca2c68d/proj.jar
7f1873063000-7f1873064000 r--s 00001000 fd:01 471782094                  /home/me/dev/projects/liferay-portal/.gradle/caches/jars-9/9a3814a1fc22337d0961ef2f04c56514/proj.jar
7f1873064000-7f1873065000 r--s 00002000 fd:01 471782092                  /home/me/dev/projects/liferay-portal/.gradle/caches/jars-9/8e7274cd8da00a173eb604d71056f5cf/proj.jar
7f1873065000-7f1873066000 r--s 00002000 fd:01 471782090                  /home/me/dev/projects/liferay-portal/.gradle/caches/jars-9/6202688e7dcc61e9771334a5ab09afc6/proj.jar
7f1873066000-7f1873067000 r--s 00002000 fd:01 471782088                  /home/me/dev/projects/liferay-portal/.gradle/caches/jars-9/6b862672f7feb35ecd5a0eebe7e8dc2d/proj.jar
7f1873067000-7f1873068000 r--s 00002000 fd:01 471782086                  /home/me/dev/projects/liferay-portal/.gradle/caches/jars-9/cae54ba103f0e7da1f02ac3731bebea1/proj.jar
7f1873068000-7f1873069000 r--s 00002000 fd:01 471787559                  /home/me/dev/projects/liferay-portal/.gradle/caches/jars-9/c63cca8b46bf7d31714afaf19f5b77e6/proj.jar
7f1873069000-7f187306a000 r--s 00001000 fd:01 471787556                  /home/me/dev/projects/liferay-portal/.gradle/caches/jars-9/efa11c62b1c80781b8ee84a48f106bfd/proj.jar
7f187306a000-7f187306b000 r--s 00001000 fd:01 471787646                  /home/me/dev/projects/liferay-portal/.gradle/caches/jars-9/39a842b23d4bd26bd3028e94e9d20b70/proj.jar
7f187306b000-7f187306c000 r--s 00001000 fd:01 471787644                  /home/me/dev/projects/liferay-portal/.gradle/caches/jars-9/ff93a80a3cf22ba76fad627cd5a8ab13/proj.jar
7f187306c000-7f187306d000 r--s 00001000 fd:01 471787642                  /home/me/dev/projects/liferay-portal/.gradle/caches/jars-9/66976f3c2a3b51ccb3009b9f472fa47b/proj.jar
7f187306d000-7f187306e000 r--s 00001000 fd:01 471787640                  /home/me/dev/projects/liferay-portal/.gradle/caches/jars-9/cc32353b45b3738e3d4988e0aa2b716a/proj.jar
7f187306e000-7f187306f000 r--s 00001000 fd:01 471787638                  /home/me/dev/projects/liferay-portal/.gradle/caches/jars-9/4d357b7a6edd8114d7ec4d0206fa2136/proj.jar
7f187306f000-7f1873070000 r--s 00001000 fd:01 471787636                  /home/me/dev/projects/liferay-portal/.gradle/caches/jars-9/ac76074b24dfde2168b53d021954bf84/proj.jar
7f1873070000-7f1873071000 r--s 00001000 fd:01 471787633                  /home/me/dev/projects/liferay-portal/.gradle/caches/jars-9/584422af453a22d614fe28b3dfb0f67c/proj.jar
7f1873071000-7f1873072000 r--s 00001000 fd:01 471787631                  /home/me/dev/projects/liferay-portal/.gradle/caches/jars-9/d7f99a180db318009aa9e6aaa8096681/proj.jar
7f1873072000-7f1873073000 r--s 00001000 fd:01 471787629                  /home/me/dev/projects/liferay-portal/.gradle/caches/jars-9/671deff5800b7dff762490ccd9d84575/proj.jar
7f1873073000-7f1873074000 r--s 00002000 fd:01 471787627                  /home/me/dev/projects/liferay-portal/.gradle/caches/jars-9/fd361e5264ee12eb8ee68c0ecb276005/proj.jar
7f1873074000-7f1873075000 r--s 00002000 fd:01 471787625                  /home/me/dev/projects/liferay-portal/.gradle/caches/jars-9/520e6cb340a46dd622d889453036db9c/proj.jar
7f1873075000-7f1873076000 r--s 00002000 fd:01 471787749                  /home/me/dev/projects/liferay-portal/.gradle/caches/jars-9/8eb7c9aa5ad9b14597a2282bcd83a0e6/proj.jar
7f1873076000-7f1873077000 r--s 00001000 fd:01 471787746                  /home/me/dev/projects/liferay-portal/.gradle/caches/jars-9/e402498847e3d73c1fb0b57db6895639/proj.jar
7f1873077000-7f1873078000 r--s 00002000 fd:01 471787743                  /home/me/dev/projects/liferay-portal/.gradle/caches/jars-9/4bb409dfae966e0306e30c390cc66d7e/proj.jar
7f1873078000-7f187307a000 r--s 00003000 fd:01 471787738                  /home/me/dev/projects/liferay-portal/.gradle/caches/jars-9/2e1442a181704f2a77891b89a5135a5c/proj.jar
7f187307a000-7f187307b000 r--s 00000000 fd:01 470446785                  /home/me/dev/projects/liferay-portal/.gradle/caches/jars-9/b6479863e0549eda3a1ed5db7ff04d24/proj.jar
7f187307b000-7f187307c000 r--s 00000000 fd:01 470450419                  /home/me/dev/projects/liferay-portal/.gradle/caches/jars-9/512765487b1e842875597146be9efebb/proj.jar
7f187307c000-7f187307d000 r--s 00000000 fd:01 470452926                  /home/me/dev/projects/liferay-portal/.gradle/caches/jars-9/9b4a56d6f7b8a37dcb9c57a3dd8067be/proj.jar
7f187307d000-7f187307e000 r--s 00000000 fd:01 470452924                  /home/me/dev/projects/liferay-portal/.gradle/caches/jars-9/29c745eff75283e2da8d414f361f16d0/proj.jar
7f187307e000-7f187307f000 r--s 00000000 fd:01 470452922                  /home/me/dev/projects/liferay-portal/.gradle/caches/jars-9/79d25636fff74d2dde3d98053cafa8ca/proj.jar
7f187307f000-7f1873080000 r--s 00000000 fd:01 470452920                  /home/me/dev/projects/liferay-portal/.gradle/caches/jars-9/06e859e7253051a332172fdb803491bc/proj.jar
7f1873080000-7f1873081000 r--s 00000000 fd:01 470452918                  /home/me/dev/projects/liferay-portal/.gradle/caches/jars-9/59449be2729699e108e01199ac9afa5b/proj.jar
7f1873081000-7f1873082000 r--s 00000000 fd:01 470452916                  /home/me/dev/projects/liferay-portal/.gradle/caches/jars-9/de2ab3dca64f937bfe91c62f67a7fab9/proj.jar
7f1873082000-7f1873083000 r--s 00000000 fd:01 470452914                  /home/me/dev/projects/liferay-portal/.gradle/caches/jars-9/143078f5450c2bcf83f91209c2c82e35/proj.jar
7f1873083000-7f1873084000 r--s 00000000 fd:01 470452912                  /home/me/dev/projects/liferay-portal/.gradle/caches/jars-9/3351bac142178d2f66b78b26cef05c54/proj.jar
7f1873084000-7f1873085000 r--s 00000000 fd:01 470567567                  /home/me/dev/projects/liferay-portal/.gradle/caches/jars-9/d741a14044d9a0e3b6eda927373c02ae/proj.jar
7f1873085000-7f1873086000 r--s 00000000 fd:01 470567565                  /home/me/dev/projects/liferay-portal/.gradle/caches/jars-9/d2c852e6a89e405a27978a7d7d4d22b0/proj.jar
7f1873086000-7f1873087000 r--s 00000000 fd:01 470567563                  /home/me/dev/projects/liferay-portal/.gradle/caches/jars-9/212d909d780c5bc7b10df4489811d2f8/proj.jar
7f1873087000-7f1873088000 r--s 00000000 fd:01 470688388                  /home/me/dev/projects/liferay-portal/.gradle/caches/jars-9/954a8904ee46b16021b85a4f91b9a5d5/proj.jar
7f1873088000-7f1873089000 r--s 00000000 fd:01 470688386                  /home/me/dev/projects/liferay-portal/.gradle/caches/jars-9/321508bff0d04a1930b438426045a8f5/proj.jar
7f1873089000-7f187308a000 r--s 00000000 fd:01 470689020                  /home/me/dev/projects/liferay-portal/.gradle/caches/jars-9/5e70cc34128e6aa9206954d4494fcf83/proj.jar
7f187308a000-7f187308b000 r--s 00000000 fd:01 470689017                  /home/me/dev/projects/liferay-portal/.gradle/caches/jars-9/4aecb2f228d9816292b8ad1ec1707ce7/proj.jar
7f187308b000-7f187308c000 r--s 00000000 fd:01 470689015                  /home/me/dev/projects/liferay-portal/.gradle/caches/jars-9/b1cfe8034b6b16e23b00fc5ba3149425/proj.jar
7f187308c000-7f187308d000 r--s 00000000 fd:01 470689013                  /home/me/dev/projects/liferay-portal/.gradle/caches/jars-9/1fa54b7d35337d1a4c071b2f67e6a8af/proj.jar
7f187308d000-7f187308e000 r--s 00001000 fd:01 471787735                  /home/me/dev/projects/liferay-portal/.gradle/caches/jars-9/52fc1a0c378a3250cf79df07540adaf7/proj.jar
7f187308e000-7f187308f000 r--s 00001000 fd:01 471787732                  /home/me/dev/projects/liferay-portal/.gradle/caches/jars-9/467c761d8d841c18035e6e0c9d81b46f/proj.jar
7f187308f000-7f1873091000 r--s 00002000 fd:01 471787730                  /home/me/dev/projects/liferay-portal/.gradle/caches/jars-9/566980d8d1900246a7f28798f30e1fa8/proj.jar
7f1873091000-7f1873092000 r--s 00001000 fd:01 471787728                  /home/me/dev/projects/liferay-portal/.gradle/caches/jars-9/9c4b6a41bec39193e767a89829e410d2/proj.jar
7f1873092000-7f1873093000 r--s 00002000 fd:01 471787724                  /home/me/dev/projects/liferay-portal/.gradle/caches/jars-9/1caa1e2ab6e95cbdd1c9781599e5bdd0/proj.jar
7f1873093000-7f1873094000 r--s 00004000 fd:01 471787719                  /home/me/dev/projects/liferay-portal/.gradle/caches/jars-9/5c631ec7e10631f6a8be13433b53a416/proj.jar
7f1873094000-7f1873095000 r--s 00002000 fd:01 471790366                  /home/me/dev/projects/liferay-portal/.gradle/caches/jars-9/c535260ddb619c205d65607bac779904/proj.jar
7f1873095000-7f1873097000 r--s 00001000 fd:01 471790336                  /home/me/dev/projects/liferay-portal/.gradle/caches/jars-9/72d5b858816e04ddb43ba5cf4121e03e/proj.jar
7f1873097000-7f1873099000 r--s 00001000 fd:01 471793662                  /home/me/dev/projects/liferay-portal/.gradle/caches/jars-9/88cea6090276de48c6e3b314f2c103b0/proj.jar
7f1873099000-7f187309b000 r--s 00001000 fd:01 471793660                  /home/me/dev/projects/liferay-portal/.gradle/caches/jars-9/2768979fbe9dee274ff2e847c6f7e71e/proj.jar
7f187309b000-7f187309d000 r--s 00001000 fd:01 471793658                  /home/me/dev/projects/liferay-portal/.gradle/caches/jars-9/ef9b832d634a8ee48dd2952fcbf3abf8/proj.jar
7f187309d000-7f187309e000 r--s 00013000 fd:01 471793656                  /home/me/dev/projects/liferay-portal/.gradle/caches/jars-9/1b204ce4adc54c1760a4367468f762d0/proj.jar
7f187309e000-7f187309f000 r--s 00001000 fd:01 471793654                  /home/me/dev/projects/liferay-portal/.gradle/caches/jars-9/a967333769950d600984cb1ca599522e/proj.jar
7f187309f000-7f18730a0000 r--s 00002000 fd:01 471793652                  /home/me/dev/projects/liferay-portal/.gradle/caches/jars-9/1609f2874e5d6829804aa82276e40e0e/proj.jar
7f18730a0000-7f18730a1000 r--s 00002000 fd:01 471793650                  /home/me/dev/projects/liferay-portal/.gradle/caches/jars-9/6331cede22a4299ddf3720c29779a44c/proj.jar
7f18730a1000-7f18730a2000 r--s 00001000 fd:01 471793648                  /home/me/dev/projects/liferay-portal/.gradle/caches/jars-9/e9f232a0596919f20f9a45f1bb876d29/proj.jar
7f18730a2000-7f18730a3000 r--s 00003000 fd:01 471793646                  /home/me/dev/projects/liferay-portal/.gradle/caches/jars-9/88d283c3ee4b3d9abcab2eee3c918c17/proj.jar
7f18730a3000-7f18730a4000 r--s 00001000 fd:01 471793644                  /home/me/dev/projects/liferay-portal/.gradle/caches/jars-9/2f0f6970b509ec445376a4f90c236849/proj.jar
7f18730a4000-7f18730a5000 r--s 00002000 fd:01 471793642                  /home/me/dev/projects/liferay-portal/.gradle/caches/jars-9/e62c28fffca4000991bc33ac7b81f727/proj.jar
7f18730a5000-7f18730a6000 r--s 00001000 fd:01 471793639                  /home/me/dev/projects/liferay-portal/.gradle/caches/jars-9/a0a9d1c196fa8af5a5fa4079b748afcb/proj.jar
7f18730a6000-7f18730a8000 r--s 00002000 fd:01 471793636                  /home/me/dev/projects/liferay-portal/.gradle/caches/jars-9/9a68b6d08282d7069a7c06eb8496462a/proj.jar
7f18730a8000-7f18730a9000 r--s 00002000 fd:01 471793634                  /home/me/dev/projects/liferay-portal/.gradle/caches/jars-9/0159bf23eac25211cc8ba51ec09bf6f1/proj.jar
7f18730a9000-7f18730aa000 r--s 00001000 fd:01 471793632                  /home/me/dev/projects/liferay-portal/.gradle/caches/jars-9/9044e97d96e13bb44915c9cc79e45513/proj.jar
7f18730aa000-7f18730ab000 r--s 00002000 fd:01 471793629                  /home/me/dev/projects/liferay-portal/.gradle/caches/jars-9/a56914495aeea131da20bb5c742e7e8a/proj.jar
7f18730ab000-7f18730ad000 r--s 00001000 fd:01 471793623                  /home/me/dev/projects/liferay-portal/.gradle/caches/jars-9/2d5ecc12d414b90cc710242218778a6b/proj.jar
7f18730ad000-7f18730ae000 r--s 00002000 fd:01 471793621                  /home/me/dev/projects/liferay-portal/.gradle/caches/jars-9/7551990f5b1e1995f750edc22eaa12ed/proj.jar
7f18730ae000-7f18730af000 r--s 00001000 fd:01 471793619                  /home/me/dev/projects/liferay-portal/.gradle/caches/jars-9/13bde7824b56032a4442a4a93a38fd43/proj.jar
7f18730af000-7f18730b0000 r--s 00002000 fd:01 471793617                  /home/me/dev/projects/liferay-portal/.gradle/caches/jars-9/9ecb4a57344ec5bf491631d196b8ca21/proj.jar
7f18730b0000-7f18730b1000 r--s 00001000 fd:01 471793615                  /home/me/dev/projects/liferay-portal/.gradle/caches/jars-9/2a1f02ccb5852e280e9529f363ceb926/proj.jar
7f18730b1000-7f18730b2000 r--s 00002000 fd:01 471793613                  /home/me/dev/projects/liferay-portal/.gradle/caches/jars-9/7fee09f6f8f80ea4d8b73d822f9247d6/proj.jar
7f18730b2000-7f18730b3000 r--s 00001000 fd:01 471793611                  /home/me/dev/projects/liferay-portal/.gradle/caches/jars-9/9dae44191254e6e85704b47d2147a75b/proj.jar
7f18730b3000-7f18730b4000 r--s 00002000 fd:01 471793609                  /home/me/dev/projects/liferay-portal/.gradle/caches/jars-9/b4750908fc56d352f39dc7b24bf6827a/proj.jar
7f18730b4000-7f18730b5000 r--s 00003000 fd:01 471793607                  /home/me/dev/projects/liferay-portal/.gradle/caches/jars-9/787a4d90e1eea52542da478b41344628/proj.jar
7f18730b5000-7f18730b6000 r--s 00001000 fd:01 471793605                  /home/me/dev/projects/liferay-portal/.gradle/caches/jars-9/c8e6f3f4cf328b94675d33693a7dd82b/proj.jar
7f18730b6000-7f18730b7000 r--s 00001000 fd:01 471793602                  /home/me/dev/projects/liferay-portal/.gradle/caches/jars-9/6bb8431f80f1ba97756a89b87541221a/proj.jar
7f18730b7000-7f18730b8000 r--s 00002000 fd:01 471794046                  /home/me/dev/projects/liferay-portal/.gradle/caches/jars-9/00b9b648c30ee6c5a2202388a04857cd/proj.jar
7f18730b8000-7f18730b9000 r--s 00001000 fd:01 471794044                  /home/me/dev/projects/liferay-portal/.gradle/caches/jars-9/d9e87d4951b7a7f40abdf25b1f8b121c/proj.jar
7f18730b9000-7f18730ba000 r--s 00002000 fd:01 471794042                  /home/me/dev/projects/liferay-portal/.gradle/caches/jars-9/10d8707b148f1c1a26ab694d4c8bcab8/proj.jar
7f18730ba000-7f18730bc000 r--s 00002000 fd:01 471794040                  /home/me/dev/projects/liferay-portal/.gradle/caches/jars-9/84d8262f3f47d3e1b5635e5d1104cb0e/proj.jar
7f18730bc000-7f18730bd000 r--s 00002000 fd:01 471794038                  /home/me/dev/projects/liferay-portal/.gradle/caches/jars-9/593b2abd6adde4bf291289313358019a/proj.jar
7f18730bd000-7f18730be000 r--s 00003000 fd:01 471794036                  /home/me/dev/projects/liferay-portal/.gradle/caches/jars-9/c35a9aa81eee4cce277fd857c740ee63/proj.jar
7f18730be000-7f18730bf000 r--s 00001000 fd:01 471794034                  /home/me/dev/projects/liferay-portal/.gradle/caches/jars-9/6c479fa6dfec9762bc3d0a3845f6dab7/proj.jar
7f18730bf000-7f18730c0000 r--s 00002000 fd:01 471794032                  /home/me/dev/projects/liferay-portal/.gradle/caches/jars-9/44ae94dbdc7756b81a4b9626df1479ae/proj.jar
7f18730c0000-7f18730c1000 r--s 00004000 fd:01 471798059                  /home/me/dev/projects/liferay-portal/.gradle/caches/jars-9/8e0bc5bca1b5e0192c68132ca8a50ea0/proj.jar
7f18730c1000-7f18730c2000 r--s 00002000 fd:01 471798050                  /home/me/dev/projects/liferay-portal/.gradle/caches/jars-9/f82b4653bc13a202483d49828fbe4eff/proj.jar
7f18730c2000-7f18730c3000 r--s 00002000 fd:01 471798048                  /home/me/dev/projects/liferay-portal/.gradle/caches/jars-9/b1202573de3dec206344cca45de0b8fc/proj.jar
7f18730c3000-7f18730c4000 r--s 00004000 fd:01 471806600                  /home/me/dev/projects/liferay-portal/.gradle/caches/jars-9/61dfd9933bf10bfef74218233f1a335a/proj.jar
7f18730c4000-7f18730c5000 r--s 00003000 fd:01 471806598                  /home/me/dev/projects/liferay-portal/.gradle/caches/jars-9/d615a7b4513c072b405a781e6ebaef83/proj.jar
7f18730c5000-7f18730c6000 r--s 00001000 fd:01 471806595                  /home/me/dev/projects/liferay-portal/.gradle/caches/jars-9/fe22c644fecb55ab8e8948521865eff3/proj.jar
7f18730c6000-7f18730c8000 r--s 00001000 fd:01 471806593                  /home/me/dev/projects/liferay-portal/.gradle/caches/jars-9/e68cc57c72c76e750273cb7d2c98f4d7/proj.jar
7f18730c8000-7f18730c9000 r--s 00001000 fd:01 471812543                  /home/me/dev/projects/liferay-portal/.gradle/caches/jars-9/91753422fc251e4364b2d43aa2a9de55/proj.jar
7f18730c9000-7f18730ca000 r--s 00002000 fd:01 471812541                  /home/me/dev/projects/liferay-portal/.gradle/caches/jars-9/3afb25761a166848916161b749362e90/proj.jar
7f18730ca000-7f18730cb000 r--s 00003000 fd:01 471812539                  /home/me/dev/projects/liferay-portal/.gradle/caches/jars-9/ecd849e7995227d2894d166be2d13f8c/proj.jar
7f18730cb000-7f18730cc000 r--s 00002000 fd:01 471812537                  /home/me/dev/projects/liferay-portal/.gradle/caches/jars-9/0a3382a467ba231068f8ff695bd28e16/proj.jar
7f18730cc000-7f18730cd000 r--s 00003000 fd:01 471812535                  /home/me/dev/projects/liferay-portal/.gradle/caches/jars-9/ade4b1aa03fca65829a74065a034151c/proj.jar
7f18730cd000-7f18730ce000 r--s 00001000 fd:01 471812533                  /home/me/dev/projects/liferay-portal/.gradle/caches/jars-9/5bdeb16626881b9eee88b6a9b930e2ae/proj.jar
7f18730ce000-7f18730cf000 r--s 00002000 fd:01 471812531                  /home/me/dev/projects/liferay-portal/.gradle/caches/jars-9/23ccb2a6e66b34f581384ffd40773165/proj.jar
7f18730cf000-7f18730d0000 r--s 00003000 fd:01 471812529                  /home/me/dev/projects/liferay-portal/.gradle/caches/jars-9/4caf00eedf04c4516d81c5a084378a29/proj.jar
7f18730d0000-7f18730d1000 r--s 00003000 fd:01 471812527                  /home/me/dev/projects/liferay-portal/.gradle/caches/jars-9/41ff75991a47ebe5426ee3766ee31187/proj.jar
7f18730d1000-7f18730d2000 r--s 00001000 fd:01 471812525                  /home/me/dev/projects/liferay-portal/.gradle/caches/jars-9/81e78c95286e9e7702250e97fdfe18ce/proj.jar
7f18730d2000-7f18730d3000 r--s 00002000 fd:01 471812501                  /home/me/dev/projects/liferay-portal/.gradle/caches/jars-9/91f8ba40b535efb4d017678166509cde/proj.jar
7f18730d3000-7f18730d4000 r--s 00003000 fd:01 471837567                  /home/me/dev/projects/liferay-portal/.gradle/caches/jars-9/ed51d7b2f96879d1c1d27303c94dbf05/proj.jar
7f18730d4000-7f18730d5000 r--s 00001000 fd:01 471837565                  /home/me/dev/projects/liferay-portal/.gradle/caches/jars-9/90dc24b91540fadb005677f0d35e2792/proj.jar
7f18730d5000-7f18730d6000 r--s 00002000 fd:01 471837563                  /home/me/dev/projects/liferay-portal/.gradle/caches/jars-9/779cd697707912a2c5b868979c01e8f3/proj.jar
7f18730d6000-7f18730d7000 r--s 00002000 fd:01 471837561                  /home/me/dev/projects/liferay-portal/.gradle/caches/jars-9/36fff582f51890fe9dd718f6b9a5d849/proj.jar
7f18730d7000-7f18730d8000 r--s 00001000 fd:01 471837559                  /home/me/dev/projects/liferay-portal/.gradle/caches/jars-9/2f5aa90ad593172fe0b61c5dd56cf626/proj.jar
7f18730d8000-7f18730d9000 r--s 00002000 fd:01 471837557                  /home/me/dev/projects/liferay-portal/.gradle/caches/jars-9/7c46fdf07aa64f38c895048dfafcf171/proj.jar
7f18730d9000-7f18730da000 r--s 00002000 fd:01 471837555                  /home/me/dev/projects/liferay-portal/.gradle/caches/jars-9/3dc17997928810e28e999ad1efe32df0/proj.jar
7f18730da000-7f18730db000 r--s 00002000 fd:01 471837553                  /home/me/dev/projects/liferay-portal/.gradle/caches/jars-9/c7dadc1784cffc48230e89ba660281fb/proj.jar
7f18730db000-7f18730dc000 r--s 00001000 fd:01 471837550                  /home/me/dev/projects/liferay-portal/.gradle/caches/jars-9/7d7561e436cee9b794d2838b5b64fbd8/proj.jar
7f18730dc000-7f18730dd000 r--s 00002000 fd:01 471837548                  /home/me/dev/projects/liferay-portal/.gradle/caches/jars-9/d8e20ea6947a9a082a34af53cfb3ef4c/proj.jar
7f18730dd000-7f18730de000 r--s 00001000 fd:01 471837546                  /home/me/dev/projects/liferay-portal/.gradle/caches/jars-9/fb192d5fbae78018049ddf775300518c/proj.jar
7f18730de000-7f18730df000 r--s 00001000 fd:01 471837544                  /home/me/dev/projects/liferay-portal/.gradle/caches/jars-9/63b24ccdfde89dd7fd3a015cc8c00d45/proj.jar
7f18730df000-7f18730e1000 r--s 00001000 fd:01 471837542                  /home/me/dev/projects/liferay-portal/.gradle/caches/jars-9/87814ebd570e135de7c17d3659d67047/proj.jar
7f18730e1000-7f18730e2000 r--s 00001000 fd:01 471837540                  /home/me/dev/projects/liferay-portal/.gradle/caches/jars-9/841104a65a8c7ab209610cc21e9a3ffa/proj.jar
7f18730e2000-7f18730e3000 r--s 00001000 fd:01 471837538                  /home/me/dev/projects/liferay-portal/.gradle/caches/jars-9/f80add641a2c92cb85b9edba70a34aa6/proj.jar
7f18730e3000-7f18730e4000 r--s 00003000 fd:01 471837536                  /home/me/dev/projects/liferay-portal/.gradle/caches/jars-9/cb8bb77b3852411f0944c3f4d2b13d31/proj.jar
7f18730e4000-7f18730e6000 r--s 00001000 fd:01 471837534                  /home/me/dev/projects/liferay-portal/.gradle/caches/jars-9/d05601820ee4fc6337071fdc4f0a0783/proj.jar
7f18730e6000-7f18730e7000 r--s 00001000 fd:01 471837532                  /home/me/dev/projects/liferay-portal/.gradle/caches/jars-9/4be1bcc21035f86a60fd6b247962c299/proj.jar
7f18730e7000-7f18730e8000 r--s 00002000 fd:01 471837530                  /home/me/dev/projects/liferay-portal/.gradle/caches/jars-9/92cc5dd84afedb8c99d09952202f13e4/proj.jar
7f18730e8000-7f18730ea000 r--s 00001000 fd:01 471837525                  /home/me/dev/projects/liferay-portal/.gradle/caches/jars-9/84ac447a03f4a960854155662bd37bc6/proj.jar
7f18730ea000-7f18730eb000 r--s 00002000 fd:01 471837523                  /home/me/dev/projects/liferay-portal/.gradle/caches/jars-9/9f8958e01edce8d0a8cf679e01bb5b57/proj.jar
7f18730eb000-7f18730ec000 r--s 00002000 fd:01 471837519                  /home/me/dev/projects/liferay-portal/.gradle/caches/jars-9/7f3b2b458360888cb1534441efa5fd97/proj.jar
7f18730ec000-7f18730ed000 r--s 00003000 fd:01 471837514                  /home/me/dev/projects/liferay-portal/.gradle/caches/jars-9/221ebf206adb94a7533c283999ff1089/proj.jar
7f18730ed000-7f18730ee000 r--s 00002000 fd:01 471837507                  /home/me/dev/projects/liferay-portal/.gradle/caches/jars-9/0b7f372ecfb83cd2f626171721a9825d/proj.jar
7f18730ee000-7f18730ef000 r--s 00001000 fd:01 471850736                  /home/me/dev/projects/liferay-portal/.gradle/caches/jars-9/94f82a3912f0cff819a8a276d0f2d74e/proj.jar
7f18730ef000-7f18730f1000 r--s 00001000 fd:01 471850732                  /home/me/dev/projects/liferay-portal/.gradle/caches/jars-9/95ff930a0b80ca9fcf95d9896319a8f1/proj.jar
7f18730f1000-7f18730f2000 r--s 00002000 fd:01 471850730                  /home/me/dev/projects/liferay-portal/.gradle/caches/jars-9/5188dbe34c7f9d4233905dd2553b780b/proj.jar
7f18730f2000-7f18730f3000 r--s 00002000 fd:01 471850728                  /home/me/dev/projects/liferay-portal/.gradle/caches/jars-9/f7698f50d11961a1e06b86ac1861678c/proj.jar
7f18730f3000-7f18730f4000 r--s 00002000 fd:01 471850726                  /home/me/dev/projects/liferay-portal/.gradle/caches/jars-9/6f1515c52a7794b75f91e29686878183/proj.jar
7f18730f4000-7f18730f5000 r--s 00001000 fd:01 471850723                  /home/me/dev/projects/liferay-portal/.gradle/caches/jars-9/db0c03951aabfb64f3d88479cdfcce34/proj.jar
7f18730f5000-7f18730f6000 r--s 00002000 fd:01 471850720                  /home/me/dev/projects/liferay-portal/.gradle/caches/jars-9/e4caff42769cb1980b5ca2633e0af172/proj.jar
7f18730f6000-7f18730f7000 r--s 00002000 fd:01 471850717                  /home/me/dev/projects/liferay-portal/.gradle/caches/jars-9/7f19595579cd3edc3d20366b61182616/proj.jar
7f18730f7000-7f18730f8000 r--s 00001000 fd:01 471850715                  /home/me/dev/projects/liferay-portal/.gradle/caches/jars-9/c1293208b46958b7b28a6d8dd6505141/proj.jar
7f18730f8000-7f18730f9000 r--s 00002000 fd:01 471850712                  /home/me/dev/projects/liferay-portal/.gradle/caches/jars-9/d2b345d794f1a4210c24007e0d24deb7/proj.jar
7f18730f9000-7f18730fa000 r--s 00002000 fd:01 471850707                  /home/me/dev/projects/liferay-portal/.gradle/caches/jars-9/89ebe567a3556d62a6698d8b717afb11/proj.jar
7f18730fa000-7f18730fb000 r--s 00001000 fd:01 471850704                  /home/me/dev/projects/liferay-portal/.gradle/caches/jars-9/a1cfdeab504b945597f2036152d9e9e5/proj.jar
7f18730fb000-7f18730fc000 r--s 00002000 fd:01 471850700                  /home/me/dev/projects/liferay-portal/.gradle/caches/jars-9/6dd5e5b7602e7a7c96ae9ce1bbe7d982/proj.jar
7f18730fc000-7f18730fe000 r--s 00003000 fd:01 471850691                  /home/me/dev/projects/liferay-portal/.gradle/caches/jars-9/963efdcf2f924ba1f78b490f596fd4c2/proj.jar
7f18730fe000-7f1873100000 r--s 00003000 fd:01 471850688                  /home/me/dev/projects/liferay-portal/.gradle/caches/jars-9/8cf22fe5dff494a920ac7a5270b76110/proj.jar
7f1873100000-7f1873103000 ---p 00000000 00:00 0 
7f1873103000-7f1873200000 rw-p 00000000 00:00 0 
7f1873200000-7f18733c0000 rw-p 00000000 00:00 0 
7f18733c0000-7f18735c0000 rw-p 00000000 00:00 0 
7f18735c0000-7f1873800000 rw-p 00000000 00:00 0 
7f1873800000-7f1873801000 r--s 00000000 fd:01 471851068                  /home/me/dev/projects/liferay-portal/.gradle/caches/jars-9/2be1ece88a895ea51245aa9142706401/proj.jar
7f1873801000-7f1873803000 r--s 00031000 fd:01 471851064                  /home/me/dev/projects/liferay-portal/.gradle/caches/jars-9/62e887f8e7c56e1348902291cb352b8e/dsl.jar
7f1873803000-7f1873804000 r--s 00000000 fd:01 471851060                  /home/me/dev/projects/liferay-portal/.gradle/caches/jars-9/ec5f7574cd837ef9bcf72011e7dea525/proj.jar
7f1873804000-7f1873806000 r--s 00003000 fd:01 471851058                  /home/me/dev/projects/liferay-portal/.gradle/caches/jars-9/aeed8fc2d266b2f5d9b534645eb3cc9d/proj.jar
7f1873806000-7f1873808000 r--s 00003000 fd:01 471851052                  /home/me/dev/projects/liferay-portal/.gradle/caches/jars-9/d91cdacca6bf9a2ca26390e5aa517227/proj.jar
7f1873808000-7f1873809000 r--s 00001000 fd:01 471851049                  /home/me/dev/projects/liferay-portal/.gradle/caches/jars-9/8032ffbf173b87891e6cb7b1f59ac6b9/proj.jar
7f1873809000-7f187380a000 r--s 00002000 fd:01 471851047                  /home/me/dev/projects/liferay-portal/.gradle/caches/jars-9/0478aaa33dd2c2484aa024ddd89edcde/proj.jar
7f187380a000-7f187380b000 r--s 00001000 fd:01 471851045                  /home/me/dev/projects/liferay-portal/.gradle/caches/jars-9/dbac96d7fff6f4a3cf2093ca39b946a9/proj.jar
7f187380b000-7f187380d000 r--s 00001000 fd:01 471851043                  /home/me/dev/projects/liferay-portal/.gradle/caches/jars-9/8324807d712b809f51bb28f65fe07316/proj.jar
7f187380d000-7f187380e000 r--s 00001000 fd:01 471851041                  /home/me/dev/projects/liferay-portal/.gradle/caches/jars-9/0a96fba08449c184d2c14056f0164265/proj.jar
7f187380e000-7f187380f000 r--s 00001000 fd:01 471851038                  /home/me/dev/projects/liferay-portal/.gradle/caches/jars-9/c5fcd0347faa1cbe50248b1de76fb26e/proj.jar
7f187380f000-7f1873810000 r--s 00002000 fd:01 471851036                  /home/me/dev/projects/liferay-portal/.gradle/caches/jars-9/8d8c7602735d21f3ca49c53bebaefe4e/proj.jar
7f1873810000-7f1873811000 r--s 00003000 fd:01 471851034                  /home/me/dev/projects/liferay-portal/.gradle/caches/jars-9/278c832b3e4d38c4cc768932ca96730f/proj.jar
7f1873811000-7f1873812000 r--s 00002000 fd:01 471851032                  /home/me/dev/projects/liferay-portal/.gradle/caches/jars-9/d0c23b1d8e17927ac454185d0fe53aa6/proj.jar
7f1873812000-7f1873813000 r--s 00002000 fd:01 471851030                  /home/me/dev/projects/liferay-portal/.gradle/caches/jars-9/95415320aba4d372c82bc45055c6de23/proj.jar
7f1873813000-7f1873814000 r--s 00001000 fd:01 471851028                  /home/me/dev/projects/liferay-portal/.gradle/caches/jars-9/35fcd805cedd7516f5d9b63da499bec7/proj.jar
7f1873814000-7f1873815000 r--s 00002000 fd:01 471851026                  /home/me/dev/projects/liferay-portal/.gradle/caches/jars-9/33e6c3c320ce59b1eba52fe2ff1ac54a/proj.jar
7f1873815000-7f1873817000 r--s 00001000 fd:01 471851024                  /home/me/dev/projects/liferay-portal/.gradle/caches/jars-9/0433a864e46b86664ad3ac7d01aa3c3e/proj.jar
7f1873817000-7f1873818000 r--s 00002000 fd:01 471851022                  /home/me/dev/projects/liferay-portal/.gradle/caches/jars-9/c90658df6ad023afe0821faa6eb7d498/proj.jar
7f1873818000-7f1873819000 r--s 00001000 fd:01 471851020                  /home/me/dev/projects/liferay-portal/.gradle/caches/jars-9/066b3c7762279fef4600b3d6c2cc8a2f/proj.jar
7f1873819000-7f187381a000 r--s 00002000 fd:01 471851018                  /home/me/dev/projects/liferay-portal/.gradle/caches/jars-9/1fabd9fc49a510288c7017fcbbd64c42/proj.jar
7f187381a000-7f187381b000 r--s 00002000 fd:01 471851016                  /home/me/dev/projects/liferay-portal/.gradle/caches/jars-9/a499958b0c39b72b223c36f5f70ddd45/proj.jar
7f187381b000-7f187381c000 r--s 00002000 fd:01 471851014                  /home/me/dev/projects/liferay-portal/.gradle/caches/jars-9/857a8de999f45456014adbe6c5dd9c9e/proj.jar
7f187381c000-7f187381d000 r--s 00003000 fd:01 471851012                  /home/me/dev/projects/liferay-portal/.gradle/caches/jars-9/cec1454cf5caadfb0ff127b496a57f32/proj.jar
7f187381d000-7f187381e000 r--s 00002000 fd:01 471851010                  /home/me/dev/projects/liferay-portal/.gradle/caches/jars-9/caaa06a07ab95d9528efb3ab978f41d5/proj.jar
7f187381e000-7f187381f000 r--s 00003000 fd:01 471880447                  /home/me/dev/projects/liferay-portal/.gradle/caches/jars-9/9b076fc3b9b5902166e9ab1afc09133a/proj.jar
7f187381f000-7f1873820000 r--s 00001000 fd:01 471880408                  /home/me/dev/projects/liferay-portal/.gradle/caches/jars-9/b0bd61bb2f8954a3be36d78052cf09fb/proj.jar
7f1873820000-7f1873822000 r--s 00001000 fd:01 471880405                  /home/me/dev/projects/liferay-portal/.gradle/caches/jars-9/cbe1b84f2e9ea8db1a31b9531f4f4d07/proj.jar
7f1873822000-7f1873823000 r--s 00002000 fd:01 471910256                  /home/me/dev/projects/liferay-portal/.gradle/caches/jars-9/b7453a8140504970bbcc558d82749089/proj.jar
7f1873823000-7f1873824000 r--s 00001000 fd:01 471910243                  /home/me/dev/projects/liferay-portal/.gradle/caches/jars-9/44ce746fc11b79e4b3f1ed7caba5c28e/proj.jar
7f1873824000-7f1873825000 r--s 00001000 fd:01 471910236                  /home/me/dev/projects/liferay-portal/.gradle/caches/jars-9/33166f312f9530c3efc0dd0e18fdfb8f/proj.jar
7f1873825000-7f1873826000 r--s 00001000 fd:01 471910234                  /home/me/dev/projects/liferay-portal/.gradle/caches/jars-9/354661049ec69357d8f56704e2ad1b76/proj.jar
7f1873826000-7f1873827000 r--s 00001000 fd:01 471910222                  /home/me/dev/projects/liferay-portal/.gradle/caches/jars-9/3dad82d4304df41f133b5943263ce400/proj.jar
7f1873827000-7f1873828000 r--s 00001000 fd:01 471910218                  /home/me/dev/projects/liferay-portal/.gradle/caches/jars-9/3110bd0d5743eadd0e0846538a957dab/proj.jar
7f1873828000-7f1873829000 r--s 00001000 fd:01 471910215                  /home/me/dev/projects/liferay-portal/.gradle/caches/jars-9/17b4202d71340c09c647585c132eaabb/proj.jar
7f1873829000-7f187382a000 r--s 00001000 fd:01 471910213                  /home/me/dev/projects/liferay-portal/.gradle/caches/jars-9/eeb1488f9f5ebd1478457dc842cf5ea6/proj.jar
7f187382a000-7f187382b000 r--s 00001000 fd:01 471910211                  /home/me/dev/projects/liferay-portal/.gradle/caches/jars-9/5d943af5d4e59c0d73c741103b9dfda0/proj.jar
7f187382b000-7f187382c000 r--s 00001000 fd:01 471910209                  /home/me/dev/projects/liferay-portal/.gradle/caches/jars-9/cc3351d1c26a6fb8ae89d6fbd314683d/proj.jar
7f187382c000-7f187382d000 r--s 00001000 fd:01 471922751                  /home/me/dev/projects/liferay-portal/.gradle/caches/jars-9/aa42139e8eba63e130d984ce93875f53/proj.jar
7f187382d000-7f187382e000 r--s 00001000 fd:01 471922749                  /home/me/dev/projects/liferay-portal/.gradle/caches/jars-9/3e5efaa26d6990febcb2e675922a5fe0/proj.jar
7f187382e000-7f187382f000 r--s 00001000 fd:01 471922747                  /home/me/dev/projects/liferay-portal/.gradle/caches/jars-9/3ad95fa11b16cd23c691ebc03c2e2ba3/proj.jar
7f187382f000-7f1873830000 r--s 00001000 fd:01 471922745                  /home/me/dev/projects/liferay-portal/.gradle/caches/jars-9/d0f57d1627e422674af07961c51231db/proj.jar
7f1873830000-7f1873831000 r--s 00001000 fd:01 471922743                  /home/me/dev/projects/liferay-portal/.gradle/caches/jars-9/cc062aa57beecf20132b3c0aca0fa292/proj.jar
7f1873831000-7f1873832000 r--s 00001000 fd:01 471922741                  /home/me/dev/projects/liferay-portal/.gradle/caches/jars-9/a5a3f504486dba1ae10251258b591543/proj.jar
7f1873832000-7f1873833000 r--s 00001000 fd:01 471922739                  /home/me/dev/projects/liferay-portal/.gradle/caches/jars-9/78af581aa9d899e1539b60311ba358d4/proj.jar
7f1873833000-7f1873834000 r--s 00001000 fd:01 471922736                  /home/me/dev/projects/liferay-portal/.gradle/caches/jars-9/f9eceb297de9c78b6130cff198e1d545/proj.jar
7f1873834000-7f1873835000 r--s 00001000 fd:01 471922731                  /home/me/dev/projects/liferay-portal/.gradle/caches/jars-9/125905b5c454c3809e9b4561e4a02287/proj.jar
7f1873835000-7f1873836000 r--s 00001000 fd:01 471922720                  /home/me/dev/projects/liferay-portal/.gradle/caches/jars-9/02f33faa3d07592c0500134dc52954ad/proj.jar
7f1873836000-7f1873837000 r--s 00001000 fd:01 471922718                  /home/me/dev/projects/liferay-portal/.gradle/caches/jars-9/0dcbf3e47de88a430ebd1a9312b88a7d/proj.jar
7f1873837000-7f1873838000 r--s 00001000 fd:01 471922715                  /home/me/dev/projects/liferay-portal/.gradle/caches/jars-9/ae91db83bea0ffc06b4e0720cc78c6b5/proj.jar
7f1873838000-7f1873839000 r--s 00001000 fd:01 471922712                  /home/me/dev/projects/liferay-portal/.gradle/caches/jars-9/ee15af7027959933b1a8069d83d9b928/proj.jar
7f1873839000-7f187383a000 r--s 00001000 fd:01 471922710                  /home/me/dev/projects/liferay-portal/.gradle/caches/jars-9/931a243e79f7196814cb1cad9dda1ce4/proj.jar
7f187383a000-7f187383b000 r--s 00001000 fd:01 471922706                  /home/me/dev/projects/liferay-portal/.gradle/caches/jars-9/8ceff7b7f98accc197cb6096d0ac22b7/proj.jar
7f187383b000-7f187383c000 r--s 00002000 fd:01 471923263                  /home/me/dev/projects/liferay-portal/.gradle/caches/jars-9/abcd03788c7e1261fab42f38e92a95aa/proj.jar
7f187383c000-7f187383d000 r--s 00002000 fd:01 471923260                  /home/me/dev/projects/liferay-portal/.gradle/caches/jars-9/20f0d74ffe848eabb22a90e60ca2dccd/proj.jar
7f187383d000-7f187383e000 r--s 00002000 fd:01 471923257                  /home/me/dev/projects/liferay-portal/.gradle/caches/jars-9/f483e84d3f44fbc0bd58722cad84d79e/proj.jar
7f187383e000-7f1873840000 r--s 00002000 fd:01 471923254                  /home/me/dev/projects/liferay-portal/.gradle/caches/jars-9/62927830084ececcd007f1911fcef172/proj.jar
7f1873840000-7f1873841000 r--s 00002000 fd:01 471923251                  /home/me/dev/projects/liferay-portal/.gradle/caches/jars-9/84b6ab4c21905cfed7dc8163dd555d24/proj.jar
7f1873841000-7f1873842000 r--s 00003000 fd:01 471923248                  /home/me/dev/projects/liferay-portal/.gradle/caches/jars-9/cd79f59ae7241983636e0cfce771fb94/proj.jar
7f1873842000-7f1873843000 r--s 00002000 fd:01 471923245                  /home/me/dev/projects/liferay-portal/.gradle/caches/jars-9/50f50d2436c3340948d9a39715b04258/proj.jar
7f1873843000-7f1873844000 r--s 00001000 fd:01 471923242                  /home/me/dev/projects/liferay-portal/.gradle/caches/jars-9/805b281aca5db43061c90805a6474b22/proj.jar
7f1873844000-7f1873845000 r--s 00002000 fd:01 471925082                  /home/me/dev/projects/liferay-portal/.gradle/caches/jars-9/606b03855362fa1e5ed0ff8941b50965/proj.jar
7f1873845000-7f1873846000 r--s 00002000 fd:01 471925080                  /home/me/dev/projects/liferay-portal/.gradle/caches/jars-9/9d255b1ae387b47bae8bfa9f24a57fb5/proj.jar
7f1873846000-7f1873847000 r--s 00002000 fd:01 471925078                  /home/me/dev/projects/liferay-portal/.gradle/caches/jars-9/f007f9c641536d753d075112854df7d2/proj.jar
7f1873847000-7f1873848000 r--s 00002000 fd:01 471925076                  /home/me/dev/projects/liferay-portal/.gradle/caches/jars-9/b95c09bbcb4af37dade612a6700d5f9c/proj.jar
7f1873848000-7f1873849000 r--s 00002000 fd:01 471925074                  /home/me/dev/projects/liferay-portal/.gradle/caches/jars-9/6bc528deed603c97cbd022f826afe264/proj.jar
7f1873849000-7f187384a000 r--s 00003000 fd:01 471925072                  /home/me/dev/projects/liferay-portal/.gradle/caches/jars-9/444aa2c0edf2fa01c0c501cbcb326cae/proj.jar
7f187384a000-7f187384b000 r--s 00001000 fd:01 471925070                  /home/me/dev/projects/liferay-portal/.gradle/caches/jars-9/e548ae7f53d78ee4a34aef8a98f529ab/proj.jar
7f187384b000-7f187384c000 r--s 00002000 fd:01 471925068                  /home/me/dev/projects/liferay-portal/.gradle/caches/jars-9/04f280f57f1883cac289ab4f046f51fb/proj.jar
7f187384c000-7f187384e000 r--s 00001000 fd:01 471925066                  /home/me/dev/projects/liferay-portal/.gradle/caches/jars-9/76751bc3742149e94c96800ad2db229b/proj.jar
7f187384e000-7f187384f000 r--s 00001000 fd:01 471925064                  /home/me/dev/projects/liferay-portal/.gradle/caches/jars-9/2d88e7834b9490d9dd35450e8557564c/proj.jar
7f187384f000-7f1873850000 r--s 00001000 fd:01 471925061                  /home/me/dev/projects/liferay-portal/.gradle/caches/jars-9/e1cbc70452fbb53be960b26abeee8c68/proj.jar
7f1873850000-7f1873851000 r--s 00001000 fd:01 471925059                  /home/me/dev/projects/liferay-portal/.gradle/caches/jars-9/ce0a3faa9bc6900135fae42db719be11/proj.jar
7f1873851000-7f1873852000 r--s 00002000 fd:01 471925057                  /home/me/dev/projects/liferay-portal/.gradle/caches/jars-9/04cc922af7451eeeb493250dae3ee895/proj.jar
7f1873852000-7f1873853000 r--s 00002000 fd:01 471941566                  /home/me/dev/projects/liferay-portal/.gradle/caches/jars-9/6e23a580afac3e032a10dae2ffb7f555/proj.jar
7f1873853000-7f1873854000 r--s 00001000 fd:01 471941564                  /home/me/dev/projects/liferay-portal/.gradle/caches/jars-9/4dabd27a6a730fcc375118541aef2e42/proj.jar
7f1873854000-7f1873855000 r--s 00002000 fd:01 471941562                  /home/me/dev/projects/liferay-portal/.gradle/caches/jars-9/b1a4c0f4ad938793cda296e217c2ea41/proj.jar
7f1873855000-7f1873856000 r--s 00002000 fd:01 471941560                  /home/me/dev/projects/liferay-portal/.gradle/caches/jars-9/303c1960697ec1b7852029860b9c4c96/proj.jar
7f1873856000-7f1873857000 r--s 00001000 fd:01 472113855                  /home/me/dev/projects/liferay-portal/.gradle/caches/jars-9/4756c93e9d422830606dd30d992eb53c/proj.jar
7f1873857000-7f1873858000 r--s 00002000 fd:01 472113852                  /home/me/dev/projects/liferay-portal/.gradle/caches/jars-9/d994a103df88f06d9742b7f551ba6961/proj.jar
7f1873858000-7f1873859000 r--s 00001000 fd:01 472113848                  /home/me/dev/projects/liferay-portal/.gradle/caches/jars-9/bd51154dd87bab8b859ac83abb1373f7/proj.jar
7f1873859000-7f187385a000 r--s 00002000 fd:01 472113844                  /home/me/dev/projects/liferay-portal/.gradle/caches/jars-9/07985f52f58150e38b7eca5fbef3fd09/proj.jar
7f187385a000-7f187385b000 r--s 00003000 fd:01 472113842                  /home/me/dev/projects/liferay-portal/.gradle/caches/jars-9/b6f151725f0eeeaf3f1fb3d43025cdb1/proj.jar
7f187385b000-7f187385d000 r--s 00001000 fd:01 472113838                  /home/me/dev/projects/liferay-portal/.gradle/caches/jars-9/e0e3bea3b37d8908d173fad635717206/proj.jar
7f187385d000-7f187385e000 r--s 00001000 fd:01 472113834                  /home/me/dev/projects/liferay-portal/.gradle/caches/jars-9/3f2cecac236243fa985ad9b32f880317/proj.jar
7f187385e000-7f1873860000 r--s 00001000 fd:01 472113830                  /home/me/dev/projects/liferay-portal/.gradle/caches/jars-9/c3025f2a17f4264f156229b667284965/proj.jar
7f1873860000-7f1873861000 r--s 00003000 fd:01 472113826                  /home/me/dev/projects/liferay-portal/.gradle/caches/jars-9/53c173e617d4cc5b4664f079db8742c9/proj.jar
7f1873861000-7f1873862000 r--s 00001000 fd:01 472113824                  /home/me/dev/projects/liferay-portal/.gradle/caches/jars-9/17259a1bb8b9d1d1d9f3fb464723b6e8/proj.jar
7f1873862000-7f1873863000 r--s 00002000 fd:01 472113822                  /home/me/dev/projects/liferay-portal/.gradle/caches/jars-9/4b442e24469c79c9e34f6c3bcd4ebe4c/proj.jar
7f1873863000-7f1873864000 r--s 00002000 fd:01 472113819                  /home/me/dev/projects/liferay-portal/.gradle/caches/jars-9/e9a436ae288a99a131edca1835b609a2/proj.jar
7f1873864000-7f1873866000 r--s 00001000 fd:01 472113817                  /home/me/dev/projects/liferay-portal/.gradle/caches/jars-9/66596961d53c32aecf5d8e194a2f8d0c/proj.jar
7f1873866000-7f1873867000 r--s 00002000 fd:01 472113813                  /home/me/dev/projects/liferay-portal/.gradle/caches/jars-9/26db0defaa289ddb176458bf1e2c4cb2/proj.jar
7f1873867000-7f1873868000 r--s 00001000 fd:01 472113811                  /home/me/dev/projects/liferay-portal/.gradle/caches/jars-9/b35e2f930d45f2b221ac1ce0beb72c18/proj.jar
7f1873868000-7f1873869000 r--s 00002000 fd:01 472113808                  /home/me/dev/projects/liferay-portal/.gradle/caches/jars-9/6f5214b7a03da64b475bd45b46beb49d/proj.jar
7f1873869000-7f187386a000 r--s 00002000 fd:01 472113804                  /home/me/dev/projects/liferay-portal/.gradle/caches/jars-9/9da03837e1bfa6200947116b34d549ac/proj.jar
7f187386a000-7f187386b000 r--s 00003000 fd:01 472113801                  /home/me/dev/projects/liferay-portal/.gradle/caches/jars-9/409f8f1e8bdc78f4009f65e98d8e1289/proj.jar
7f187386b000-7f187386c000 r--s 00001000 fd:01 472113799                  /home/me/dev/projects/liferay-portal/.gradle/caches/jars-9/0f61b340ab7e7c88debbc6a1e5c4a4e9/proj.jar
7f187386c000-7f187386d000 r--s 00002000 fd:01 472113797                  /home/me/dev/projects/liferay-portal/.gradle/caches/jars-9/3a7e19b024f98d1e5446c13904e9b05a/proj.jar
7f187386d000-7f187386e000 r--s 00002000 fd:01 472113795                  /home/me/dev/projects/liferay-portal/.gradle/caches/jars-9/cd730befd4c8abae183b8c9279478e7f/proj.jar
7f187386e000-7f187386f000 r--s 00002000 fd:01 472113793                  /home/me/dev/projects/liferay-portal/.gradle/caches/jars-9/ffd6ef892a7a2ac6283c93630e3a0c1a/proj.jar
7f187386f000-7f1873870000 r--s 00002000 fd:01 472122815                  /home/me/dev/projects/liferay-portal/.gradle/caches/jars-9/04fa9a2fa1e436b8c17e01c047ec1099/proj.jar
7f1873870000-7f1873871000 r--s 00002000 fd:01 472122813                  /home/me/dev/projects/liferay-portal/.gradle/caches/jars-9/514928c74ef0bb57b72bc28b260034f4/proj.jar
7f1873871000-7f1873872000 r--s 00002000 fd:01 472122811                  /home/me/dev/projects/liferay-portal/.gradle/caches/jars-9/b8912ceb11b7c7dcba6ec46ad1dd4b5c/proj.jar
7f1873872000-7f1873874000 r--s 00001000 fd:01 472122809                  /home/me/dev/projects/liferay-portal/.gradle/caches/jars-9/f36fb4843b16bb8efe43f22d88ac51f4/proj.jar
7f1873874000-7f1873875000 r--s 00002000 fd:01 472122807                  /home/me/dev/projects/liferay-portal/.gradle/caches/jars-9/d56486ec50d88b085afde9eb6c699d43/proj.jar
7f1873875000-7f1873876000 r--s 00001000 fd:01 472122805                  /home/me/dev/projects/liferay-portal/.gradle/caches/jars-9/6c89e409a9b4e6a1f7768c7c02f570ba/proj.jar
7f1873876000-7f1873877000 r--s 00002000 fd:01 472122803                  /home/me/dev/projects/liferay-portal/.gradle/caches/jars-9/04bc48a92045a03ccad43021c5d7ca05/proj.jar
7f1873877000-7f1873878000 r--s 00002000 fd:01 472122801                  /home/me/dev/projects/liferay-portal/.gradle/caches/jars-9/7f56b42e8161bc3300cdc0bab4352cff/proj.jar
7f1873878000-7f1873879000 r--s 00001000 fd:01 472122799                  /home/me/dev/projects/liferay-portal/.gradle/caches/jars-9/de8fa170228e79e37cd73fd260043e40/proj.jar
7f1873879000-7f187387a000 r--s 00002000 fd:01 472122797                  /home/me/dev/projects/liferay-portal/.gradle/caches/jars-9/07017bc381476ed745d1242b573538ab/proj.jar
7f187387a000-7f187387b000 r--s 00001000 fd:01 472122795                  /home/me/dev/projects/liferay-portal/.gradle/caches/jars-9/5d2ec9f526767d1ce47d2bf6f21ce97c/proj.jar
7f187387b000-7f187387d000 r--s 00001000 fd:01 472122793                  /home/me/dev/projects/liferay-portal/.gradle/caches/jars-9/068901ae71a6239cb31e21226a4f1b75/proj.jar
7f187387d000-7f187387e000 r--s 00001000 fd:01 472122791                  /home/me/dev/projects/liferay-portal/.gradle/caches/jars-9/7afc036877a31c155022308a1d09a19c/proj.jar
7f187387e000-7f187387f000 r--s 00002000 fd:01 472122789                  /home/me/dev/projects/liferay-portal/.gradle/caches/jars-9/208de65e435b16fe640585596ad862d9/proj.jar
7f187387f000-7f1873880000 r--s 00001000 fd:01 472122787                  /home/me/dev/projects/liferay-portal/.gradle/caches/jars-9/b180416d192245721094b347b7ffb8ee/proj.jar
7f1873880000-7f1873882000 r--s 00001000 fd:01 472122785                  /home/me/dev/projects/liferay-portal/.gradle/caches/jars-9/b59e53e8863d13e9a9ca82915a89898b/proj.jar
7f1873882000-7f1873883000 r--s 00003000 fd:01 472122783                  /home/me/dev/projects/liferay-portal/.gradle/caches/jars-9/7e260c5b3a4bc959109fc6ec4915a2f2/proj.jar
7f1873883000-7f1873884000 r--s 00002000 fd:01 472122781                  /home/me/dev/projects/liferay-portal/.gradle/caches/jars-9/f0969f359785fa76bc030a7023b2a7bd/proj.jar
7f1873884000-7f1873885000 r--s 00001000 fd:01 472122779                  /home/me/dev/projects/liferay-portal/.gradle/caches/jars-9/0937fda85e7b01d8d8930614bdc7eef7/proj.jar
7f1873885000-7f1873887000 r--s 00001000 fd:01 472122773                  /home/me/dev/projects/liferay-portal/.gradle/caches/jars-9/5ee0d38225916003c309cc914e691952/proj.jar
7f1873887000-7f1873888000 r--s 00002000 fd:01 472122771                  /home/me/dev/projects/liferay-portal/.gradle/caches/jars-9/727090f3ab030d52cf8a51b825d68a38/proj.jar
7f1873888000-7f1873889000 r--s 00001000 fd:01 472122767                  /home/me/dev/projects/liferay-portal/.gradle/caches/jars-9/4ce66a790bd57c7208ec739186352e21/proj.jar
7f1873889000-7f187388a000 r--s 00002000 fd:01 472122761                  /home/me/dev/projects/liferay-portal/.gradle/caches/jars-9/60366594770b6458b03f7dec0da89099/proj.jar
7f187388a000-7f187388b000 r--s 00001000 fd:01 472122756                  /home/me/dev/projects/liferay-portal/.gradle/caches/jars-9/2c48917b4751d6606aea0c626b5fa73f/proj.jar
7f187388b000-7f187388c000 r--s 00002000 fd:01 472122753                  /home/me/dev/projects/liferay-portal/.gradle/caches/jars-9/3fe44f7110c0e2eaac31d51ab39a329d/proj.jar
7f187388c000-7f187388d000 r--s 00002000 fd:01 472123007                  /home/me/dev/projects/liferay-portal/.gradle/caches/jars-9/1b867e1d3b44a69b5c78ce332a8f9e1b/proj.jar
7f187388d000-7f187388e000 r--s 00001000 fd:01 472123003                  /home/me/dev/projects/liferay-portal/.gradle/caches/jars-9/0439b5416d4042c925e9c366fcc13aa6/proj.jar
7f187388e000-7f187388f000 r--s 00002000 fd:01 472123001                  /home/me/dev/projects/liferay-portal/.gradle/caches/jars-9/457ee79e50ee179993b7240ea3f39f44/proj.jar
7f187388f000-7f1873890000 r--s 00002000 fd:01 472122999                  /home/me/dev/projects/liferay-portal/.gradle/caches/jars-9/273927f0bcbfc15b5f4af69547aba9f0/proj.jar
7f1873890000-7f1873891000 r--s 00001000 fd:01 472122997                  /home/me/dev/projects/liferay-portal/.gradle/caches/jars-9/53ffef513a79788043a19daa34660913/proj.jar
7f1873891000-7f1873892000 r--s 00003000 fd:01 485808097                  /home/me/dev/projects/liferay-portal/.gradle/caches/jars-9/69e7defb64004a8f9230e8e9ecb3ab7c/proj.jar
7f1873892000-7f1873893000 r--s 00002000 fd:01 485808096                  /home/me/dev/projects/liferay-portal/.gradle/caches/jars-9/8c27a92fa6ca7a450a48d2972467f89a/proj.jar
7f1873893000-7f1873894000 r--s 00002000 fd:01 472122991                  /home/me/dev/projects/liferay-portal/.gradle/caches/jars-9/4a140c57326da80db15319b64a5f71b4/proj.jar
7f1873894000-7f1873895000 r--s 00002000 fd:01 485808094                  /home/me/dev/projects/liferay-portal/.gradle/caches/jars-9/ccce3062780d857983ea5dffd8b005c6/proj.jar
7f1873895000-7f1873896000 r--s 00001000 fd:01 472122983                  /home/me/dev/projects/liferay-portal/.gradle/caches/jars-9/59f2ec06c354ffa20501f0aaa360ad77/proj.jar
7f1873896000-7f1873897000 r--s 00002000 fd:01 472122979                  /home/me/dev/projects/liferay-portal/.gradle/caches/jars-9/de77a3b2dea249abc2a2609ec5a712ee/proj.jar
7f1873897000-7f1873898000 r--s 00002000 fd:01 472122976                  /home/me/dev/projects/liferay-portal/.gradle/caches/jars-9/31ce4494063474a05dc631769c3ebda9/proj.jar
7f1873898000-7f1873899000 r--s 00001000 fd:01 472122974                  /home/me/dev/projects/liferay-portal/.gradle/caches/jars-9/2389523dece3e2938097c726fa3af0fb/proj.jar
7f1873899000-7f187389a000 r--s 00001000 fd:01 472122972                  /home/me/dev/projects/liferay-portal/.gradle/caches/jars-9/14b2b4b54d1c822c305fdb2fee58ed43/proj.jar
7f187389a000-7f187389b000 r--s 00001000 fd:01 472122968                  /home/me/dev/projects/liferay-portal/.gradle/caches/jars-9/37bd4ce5d2b35dfb712d5225ccf4d369/proj.jar
7f187389b000-7f187389d000 r--s 00001000 fd:01 472122966                  /home/me/dev/projects/liferay-portal/.gradle/caches/jars-9/5ebc18c17861fe94a4d164c881a8db8e/proj.jar
7f187389d000-7f187389e000 r--s 0000c000 fd:01 485808093                  /home/me/dev/projects/liferay-portal/.gradle/caches/jars-9/7ba959037b414128e5cef2880762deaf/proj.jar
7f187389e000-7f187389f000 r--s 00002000 fd:01 472122962                  /home/me/dev/projects/liferay-portal/.gradle/caches/jars-9/e7cfd94e3551be3cfafe9d58df9fd348/proj.jar
7f187389f000-7f18738a0000 r--s 00001000 fd:01 472122960                  /home/me/dev/projects/liferay-portal/.gradle/caches/jars-9/73ed5f5d5f4eb388acc3163dd270a729/proj.jar
7f18738a0000-7f18738a1000 r--s 00001000 fd:01 472122957                  /home/me/dev/projects/liferay-portal/.gradle/caches/jars-9/94cb224d1ac1b581b24f4520f25f58be/proj.jar
7f18738a1000-7f18738a2000 r--s 00001000 fd:01 472122955                  /home/me/dev/projects/liferay-portal/.gradle/caches/jars-9/2cc88e23ea2d943122e98173024d2d59/proj.jar
7f18738a2000-7f18738a3000 r--s 00002000 fd:01 472122952                  /home/me/dev/projects/liferay-portal/.gradle/caches/jars-9/0baad1f5ece8a41b965a2e40f5285070/proj.jar
7f18738a3000-7f18738a4000 r--s 00001000 fd:01 472122949                  /home/me/dev/projects/liferay-portal/.gradle/caches/jars-9/7e126b2daaa77ce333235590c36a860c/proj.jar
7f18738a4000-7f18738a5000 r--s 00001000 fd:01 472122946                  /home/me/dev/projects/liferay-portal/.gradle/caches/jars-9/62707ad627b5182014c15481b92071d0/proj.jar
7f18738a5000-7f18738a6000 r--s 00003000 fd:01 472122944                  /home/me/dev/projects/liferay-portal/.gradle/caches/jars-9/47ebfe593ba56e4aa86b32bed0a16c61/proj.jar
7f18738a6000-7f18738a7000 r--s 00001000 fd:01 472123196                  /home/me/dev/projects/liferay-portal/.gradle/caches/jars-9/cdf8fb40e2fcffdf64a75834ac3434c4/proj.jar
7f18738a7000-7f18738a9000 r--s 00002000 fd:01 472123194                  /home/me/dev/projects/liferay-portal/.gradle/caches/jars-9/045c69f8f4af8f6e066b0846f55c7e62/proj.jar
7f18738a9000-7f18738aa000 r--s 0000f000 fd:01 472123192                  /home/me/dev/projects/liferay-portal/.gradle/caches/jars-9/b99eb7826f32e6e75f93d4b492d15934/proj.jar
7f18738aa000-7f18738ab000 r--s 00002000 fd:01 472123190                  /home/me/dev/projects/liferay-portal/.gradle/caches/jars-9/e7c3eeb35bd9e4031ba5ea64e4f7da80/proj.jar
7f18738ab000-7f18738ad000 r--s 00001000 fd:01 472123188                  /home/me/dev/projects/liferay-portal/.gradle/caches/jars-9/0d5877d48eef0c09b939fdb3bdfef79d/proj.jar
7f18738ad000-7f18738ae000 r--s 00001000 fd:01 472123184                  /home/me/dev/projects/liferay-portal/.gradle/caches/jars-9/fea5a85edc33e7d5440b30cd5427d5ef/proj.jar
7f18738ae000-7f18738af000 r--s 00004000 fd:01 472141980                  /home/me/dev/projects/liferay-portal/.gradle/caches/jars-9/1a22479d93abc5d3cd336c57fb694c4b/proj.jar
7f18738af000-7f18738b0000 r--s 00002000 fd:01 472141972                  /home/me/dev/projects/liferay-portal/.gradle/caches/jars-9/eb0a5cfdf6d5ceae82bac0e763fc1063/proj.jar
7f18738b0000-7f18738b1000 r--s 00002000 fd:01 472141968                  /home/me/dev/projects/liferay-portal/.gradle/caches/jars-9/4e9a473a995c71bfa8c9c8eef7c98efe/proj.jar
7f18738b1000-7f18738b2000 r--s 00002000 fd:01 472141966                  /home/me/dev/projects/liferay-portal/.gradle/caches/jars-9/4baf7b1def45a51d69ea1845d1da553a/proj.jar
7f18738b2000-7f18738b3000 r--s 00002000 fd:01 472141964                  /home/me/dev/projects/liferay-portal/.gradle/caches/jars-9/0958c4c8ab2f7a8f68921b90a0b7afec/proj.jar
7f18738b3000-7f18738b4000 r--s 00002000 fd:01 472141962                  /home/me/dev/projects/liferay-portal/.gradle/caches/jars-9/b5302276c173e5532ad85255f9b7ef9a/proj.jar
7f18738b4000-7f18738b5000 r--s 00002000 fd:01 472142705                  /home/me/dev/projects/liferay-portal/.gradle/caches/jars-9/3d4b38f833cf6efcd97d2d644e916a19/proj.jar
7f18738b5000-7f18738b6000 r--s 00001000 fd:01 472142700                  /home/me/dev/projects/liferay-portal/.gradle/caches/jars-9/e982cda8e74ba23a313487fa4308dd13/proj.jar
7f18738b6000-7f18738b7000 r--s 00002000 fd:01 472142696                  /home/me/dev/projects/liferay-portal/.gradle/caches/jars-9/a5d07678308c04af0dc1a1ae8435ed8a/proj.jar
7f18738b7000-7f18738b8000 r--s 00001000 fd:01 472142694                  /home/me/dev/projects/liferay-portal/.gradle/caches/jars-9/0ddd3704cb5fb009ad7af29b0a33a4ea/proj.jar
7f18738b8000-7f18738b9000 r--s 00002000 fd:01 472142691                  /home/me/dev/projects/liferay-portal/.gradle/caches/jars-9/942b176af0e5c725290bcda857b01062/proj.jar
7f18738b9000-7f18738ba000 r--s 00001000 fd:01 472142689                  /home/me/dev/projects/liferay-portal/.gradle/caches/jars-9/361e4e0ffcca93d4aad93ab126a01ec2/proj.jar
7f18738ba000-7f18738bb000 r--s 00003000 fd:01 472142687                  /home/me/dev/projects/liferay-portal/.gradle/caches/jars-9/d15e3ba43ab4bce64db9dd500ebb6e54/proj.jar
7f18738bb000-7f18738bc000 r--s 00001000 fd:01 472142685                  /home/me/dev/projects/liferay-portal/.gradle/caches/jars-9/bb3c7f43d9c556652bf040530c2578cc/proj.jar
7f18738bc000-7f18738bd000 r--s 00002000 fd:01 472142683                  /home/me/dev/projects/liferay-portal/.gradle/caches/jars-9/a4929a7ff94e783ca1fd7e743f4f84e0/proj.jar
7f18738bd000-7f18738be000 r--s 00001000 fd:01 472142680                  /home/me/dev/projects/liferay-portal/.gradle/caches/jars-9/2ec104ab4ea6da28181444dbec7f866e/proj.jar
7f18738be000-7f18738c0000 r--s 00001000 fd:01 472142676                  /home/me/dev/projects/liferay-portal/.gradle/caches/jars-9/71fed0124ff33b0a394ce33f6755ad98/proj.jar
7f18738c0000-7f18738c1000 r--s 00001000 fd:01 472142674                  /home/me/dev/projects/liferay-portal/.gradle/caches/jars-9/745607a683a9268bcfb58e01284688b6/proj.jar
7f18738c1000-7f18738c2000 r--s 00002000 fd:01 472142672                  /home/me/dev/projects/liferay-portal/.gradle/caches/jars-9/942efdefc6e068ebdcdbc6751e8d2204/proj.jar
7f18738c2000-7f18738c3000 r--s 00003000 fd:01 472142670                  /home/me/dev/projects/liferay-portal/.gradle/caches/jars-9/54bc3a8eddc7233d7acdbee0b7fd8f32/proj.jar
7f18738c3000-7f18738c4000 r--s 00001000 fd:01 472142667                  /home/me/dev/projects/liferay-portal/.gradle/caches/jars-9/c79f6200b07ad0ea018927de6bdd8048/proj.jar
7f18738c4000-7f18738c5000 r--s 00001000 fd:01 472142661                  /home/me/dev/projects/liferay-portal/.gradle/caches/jars-9/13f8415ba22f890e06f3c698ecdab6d2/proj.jar
7f18738c5000-7f18738c6000 r--s 00001000 fd:01 472142659                  /home/me/dev/projects/liferay-portal/.gradle/caches/jars-9/96df3cf7694337634291044b6c356321/proj.jar
7f18738c6000-7f18738c7000 r--s 00001000 fd:01 472142657                  /home/me/dev/projects/liferay-portal/.gradle/caches/jars-9/1927711300af11d4185367c0092a0227/proj.jar
7f18738c7000-7f18738c8000 r--s 00001000 fd:01 472142804                  /home/me/dev/projects/liferay-portal/.gradle/caches/jars-9/774e6eae1b846f5a553f4fd647c2f19f/proj.jar
7f18738c8000-7f18738c9000 r--s 00001000 fd:01 472142799                  /home/me/dev/projects/liferay-portal/.gradle/caches/jars-9/ad497aec239d965b88e778a9b6a3920c/proj.jar
7f18738c9000-7f18738ca000 r--s 00002000 fd:01 472142797                  /home/me/dev/projects/liferay-portal/.gradle/caches/jars-9/051b97ee7068317bc1d61b7e56f88322/proj.jar
7f18738ca000-7f18738cb000 r--s 00003000 fd:01 472142794                  /home/me/dev/projects/liferay-portal/.gradle/caches/jars-9/0bb595950342781bebaff6f4e17b2c57/proj.jar
7f18738cb000-7f18738cc000 r--s 00001000 fd:01 472142792                  /home/me/dev/projects/liferay-portal/.gradle/caches/jars-9/6c995e2e529fb4a02ce3d23eac39dc01/proj.jar
7f18738cc000-7f18738cd000 r--s 00002000 fd:01 472142790                  /home/me/dev/projects/liferay-portal/.gradle/caches/jars-9/a6603874c78999a162b9d8c09af1754e/proj.jar
7f18738cd000-7f18738ce000 r--s 00003000 fd:01 472142788                  /home/me/dev/projects/liferay-portal/.gradle/caches/jars-9/ffcc86201f285abc369416161ae7ba87/proj.jar
7f18738ce000-7f18738cf000 r--s 00001000 fd:01 472142786                  /home/me/dev/projects/liferay-portal/.gradle/caches/jars-9/ee8d1303db12a70eddd4bff18d238506/proj.jar
7f18738cf000-7f18738d1000 r--s 00002000 fd:01 472142784                  /home/me/dev/projects/liferay-portal/.gradle/caches/jars-9/8294442409782bc603b93135075f689b/proj.jar
7f18738d1000-7f18738d2000 r--s 00002000 fd:01 472194175                  /home/me/dev/projects/liferay-portal/.gradle/caches/jars-9/4e9f5f94cc5cdeedddbfbf1445ad3804/proj.jar
7f18738d2000-7f18738d3000 r--s 00001000 fd:01 472194172                  /home/me/dev/projects/liferay-portal/.gradle/caches/jars-9/56d5c68318a1702aab7911155767fabb/proj.jar
7f18738d3000-7f18738d5000 r--s 00001000 fd:01 472194170                  /home/me/dev/projects/liferay-portal/.gradle/caches/jars-9/5edddbedb2191900b37ea1eaa4ca900b/proj.jar
7f18738d5000-7f18738d6000 r--s 00011000 fd:01 472194168                  /home/me/dev/projects/liferay-portal/.gradle/caches/jars-9/78f39bcfa603117c0ff0dd695e05a20d/proj.jar
7f18738d6000-7f18738d7000 r--s 00001000 fd:01 472194166                  /home/me/dev/projects/liferay-portal/.gradle/caches/jars-9/89ff7eabbdfc2b72aaff74f42478988b/proj.jar
7f18738d7000-7f18738d8000 r--s 00001000 fd:01 472194164                  /home/me/dev/projects/liferay-portal/.gradle/caches/jars-9/4bbc9ee32cca51c7319d1ec2a0941cbb/proj.jar
7f18738d8000-7f18738d9000 r--s 00001000 fd:01 472194157                  /home/me/dev/projects/liferay-portal/.gradle/caches/jars-9/5cd3ed1b290a324ef0152a28732f625a/proj.jar
7f18738d9000-7f18738da000 r--s 00002000 fd:01 472194153                  /home/me/dev/projects/liferay-portal/.gradle/caches/jars-9/6cfea434cbe0c4f653ae60e3653a9acf/proj.jar
7f18738da000-7f18738db000 r--s 00002000 fd:01 472194151                  /home/me/dev/projects/liferay-portal/.gradle/caches/jars-9/ba9ec5e441e7116db60289f7e83e9867/proj.jar
7f18738db000-7f18738dc000 r--s 00002000 fd:01 472194149                  /home/me/dev/projects/liferay-portal/.gradle/caches/jars-9/86dcdd0a31169a77d464fc41ba0c003b/proj.jar
7f18738dc000-7f18738dd000 r--s 00001000 fd:01 472194146                  /home/me/dev/projects/liferay-portal/.gradle/caches/jars-9/2e70c87c6b60b92c816a7a4a8dc62662/proj.jar
7f18738dd000-7f18738de000 r--s 0001d000 fd:01 472194143                  /home/me/dev/projects/liferay-portal/.gradle/caches/jars-9/13779a8a852d27c6cc37e0a6d8371577/proj.jar
7f18738de000-7f18738df000 r--s 0001f000 fd:01 472194139                  /home/me/dev/projects/liferay-portal/.gradle/caches/jars-9/7681a3d4ae186ce2db613c8a4f63d3f3/proj.jar
7f18738df000-7f18738e0000 r--s 00001000 fd:01 472194135                  /home/me/dev/projects/liferay-portal/.gradle/caches/jars-9/3d42ce0ee013b103d3574f219f47a35a/proj.jar
7f18738e0000-7f18738e2000 r--s 00001000 fd:01 472194132                  /home/me/dev/projects/liferay-portal/.gradle/caches/jars-9/93e5e4726638b2c78291cbbf2493d04c/proj.jar
7f18738e2000-7f18738e4000 r--s 00002000 fd:01 472194129                  /home/me/dev/projects/liferay-portal/.gradle/caches/jars-9/167ee712bcb36860a58cb32355cfc3ea/proj.jar
7f18738e4000-7f18738e5000 r--s 00003000 fd:01 472194123                  /home/me/dev/projects/liferay-portal/.gradle/caches/jars-9/19211920553a86ed87b86d39bc72affd/proj.jar
7f18738e5000-7f18738e6000 r--s 00002000 fd:01 472194121                  /home/me/dev/projects/liferay-portal/.gradle/caches/jars-9/0eca0e97577b6eddada78b8f6e46a992/proj.jar
7f18738e6000-7f18738e7000 r--s 00002000 fd:01 472194115                  /home/me/dev/projects/liferay-portal/.gradle/caches/jars-9/29210b0c0ddd9d455dafffa3ce784134/proj.jar
7f18738e7000-7f18738e8000 r--s 00001000 fd:01 472194751                  /home/me/dev/projects/liferay-portal/.gradle/caches/jars-9/981c0255438dc603ad2b22e7ecdc0f67/proj.jar
7f18738e8000-7f18738e9000 r--s 00002000 fd:01 472194749                  /home/me/dev/projects/liferay-portal/.gradle/caches/jars-9/ccfbbf6e62ebd96a4a920d7c6948c86f/proj.jar
7f18738e9000-7f18738ea000 r--s 00001000 fd:01 472194746                  /home/me/dev/projects/liferay-portal/.gradle/caches/jars-9/6d5804d0f56715a8f2e2fb168632510c/proj.jar
7f18738ea000-7f18738eb000 r--s 00002000 fd:01 472194743                  /home/me/dev/projects/liferay-portal/.gradle/caches/jars-9/7ecd4a9a0a24c168a5cc6a66d64e29c1/proj.jar
7f18738eb000-7f18738ec000 r--s 00002000 fd:01 472194741                  /home/me/dev/projects/liferay-portal/.gradle/caches/jars-9/a0fc1a142d5e0ec7d475d3202fdc9205/proj.jar
7f18738ec000-7f18738ed000 r--s 00002000 fd:01 472194739                  /home/me/dev/projects/liferay-portal/.gradle/caches/jars-9/1ee19bc20c8f0904d0c02ec9dbe7d45d/proj.jar
7f18738ed000-7f18738ee000 r--s 00001000 fd:01 472194734                  /home/me/dev/projects/liferay-portal/.gradle/caches/jars-9/9d1b28d29a59ce2303dc0e5ce4804697/proj.jar
7f18738ee000-7f18738ef000 r--s 00001000 fd:01 472194731                  /home/me/dev/projects/liferay-portal/.gradle/caches/jars-9/a08969c08baedafc863288b0dd8b8807/proj.jar
7f18738ef000-7f18738f0000 r--s 00001000 fd:01 472194729                  /home/me/dev/projects/liferay-portal/.gradle/caches/jars-9/173af0a25c8557329ca255dbbb2d1fad/proj.jar
7f18738f0000-7f18738f1000 r--s 00001000 fd:01 472194727                  /home/me/dev/projects/liferay-portal/.gradle/caches/jars-9/595997dd1109afb379b4085d5a7bba2b/proj.jar
7f18738f1000-7f18738f2000 r--s 00001000 fd:01 472194725                  /home/me/dev/projects/liferay-portal/.gradle/caches/jars-9/d97f765d621ef1daa55396e416e92376/proj.jar
7f18738f2000-7f18738f3000 r--s 00003000 fd:01 472194723                  /home/me/dev/projects/liferay-portal/.gradle/caches/jars-9/e74e81c7325bf918a0cbaa4ac6581ee6/proj.jar
7f18738f3000-7f18738f4000 r--s 00002000 fd:01 472194721                  /home/me/dev/projects/liferay-portal/.gradle/caches/jars-9/92477a0c80469aef710a77b127c1b548/proj.jar
7f18738f4000-7f18738f5000 r--s 00002000 fd:01 472194719                  /home/me/dev/projects/liferay-portal/.gradle/caches/jars-9/464fd2c2b1a87dcf8793a9946a0d4c89/proj.jar
7f18738f5000-7f18738f6000 r--s 00001000 fd:01 472194711                  /home/me/dev/projects/liferay-portal/.gradle/caches/jars-9/0bc11ee200455ddf313dd27d06bcd762/proj.jar
7f18738f6000-7f18738f7000 r--s 00001000 fd:01 472194709                  /home/me/dev/projects/liferay-portal/.gradle/caches/jars-9/5b476d34d79a39a80f1fd4a2ad84289e/proj.jar
7f18738f7000-7f18738f8000 r--s 00003000 fd:01 472194707                  /home/me/dev/projects/liferay-portal/.gradle/caches/jars-9/a521fd2f9dc3e13822f4bc26004c8ff6/proj.jar
7f18738f8000-7f18738f9000 r--s 00001000 fd:01 472194705                  /home/me/dev/projects/liferay-portal/.gradle/caches/jars-9/83d76606bd4095540e807f656ea9c604/proj.jar
7f18738f9000-7f18738fa000 r--s 00002000 fd:01 472194703                  /home/me/dev/projects/liferay-portal/.gradle/caches/jars-9/be841780621797775180bb89009e482d/proj.jar
7f18738fa000-7f18738fb000 r--s 00002000 fd:01 485808091                  /home/me/dev/projects/liferay-portal/.gradle/caches/jars-9/5a7f8a1020fee04d267cdedbd0db5154/proj.jar
7f18738fb000-7f18738fc000 r--s 00001000 fd:01 472194698                  /home/me/dev/projects/liferay-portal/.gradle/caches/jars-9/cef8e131a8fbd0b3ab0566541db26549/proj.jar
7f18738fc000-7f18738fd000 r--s 00004000 fd:01 472194693                  /home/me/dev/projects/liferay-portal/.gradle/caches/jars-9/2db6b0023c2be2bee61c653a6be84a0f/proj.jar
7f18738fd000-7f18738fe000 r--s 00001000 fd:01 472194691                  /home/me/dev/projects/liferay-portal/.gradle/caches/jars-9/832c3ff2932aa05b56a7d21df76c5a36/proj.jar
7f18738fe000-7f1873900000 r--s 00003000 fd:01 472194688                  /home/me/dev/projects/liferay-portal/.gradle/caches/jars-9/729d6c80e2e3cfac2b5196b323623aeb/proj.jar
7f1873900000-7f1873903000 ---p 00000000 00:00 0 
7f1873903000-7f1873a00000 rw-p 00000000 00:00 0 
7f1873a00000-7f1873c00000 rw-p 00000000 00:00 0 
7f1873c00000-7f1873c03000 ---p 00000000 00:00 0 
7f1873c03000-7f1873d00000 rw-p 00000000 00:00 0 
7f1873d00000-7f1873d03000 ---p 00000000 00:00 0 
7f1873d03000-7f1873e00000 rw-p 00000000 00:00 0 
7f1873e00000-7f1873e03000 ---p 00000000 00:00 0 
7f1873e03000-7f1873f00000 rw-p 00000000 00:00 0 
7f1873f00000-7f1873f03000 ---p 00000000 00:00 0 
7f1873f03000-7f1874000000 rw-p 00000000 00:00 0 
7f1874000000-7f187403e000 rw-p 00000000 00:00 0 
7f187403e000-7f1878003000 ---p 00000000 00:00 0 
7f1878003000-7f1878100000 rw-p 00000000 00:00 0 
7f1878100000-7f1878101000 r--s 00001000 fd:01 472196986                  /home/me/dev/projects/liferay-portal/.gradle/caches/jars-9/25c5350c73dbb9fc971eb942f8897824/proj.jar
7f1878101000-7f1878102000 r--s 00001000 fd:01 472196978                  /home/me/dev/projects/liferay-portal/.gradle/caches/jars-9/5a6e1a07b01baa877fafbaa440d1504f/proj.jar
7f1878102000-7f1878104000 r--s 00001000 fd:01 472196972                  /home/me/dev/projects/liferay-portal/.gradle/caches/jars-9/032168453fc056ed68be48ae76b20100/proj.jar
7f1878104000-7f1878105000 r--s 00002000 fd:01 472196964                  /home/me/dev/projects/liferay-portal/.gradle/caches/jars-9/f7cf991f83e46098a86345b2c965650e/proj.jar
7f1878105000-7f1878106000 r--s 00002000 fd:01 472196957                  /home/me/dev/projects/liferay-portal/.gradle/caches/jars-9/40a18e4260e1d596dd492165dcda369f/proj.jar
7f1878106000-7f1878107000 r--s 00001000 fd:01 472196952                  /home/me/dev/projects/liferay-portal/.gradle/caches/jars-9/1c44cef50f8cb557bad5dd25cab748e3/proj.jar
7f1878107000-7f1878108000 r--s 00001000 fd:01 472196948                  /home/me/dev/projects/liferay-portal/.gradle/caches/jars-9/cc4fcd51c673d3bd3a98a4917a36afd5/proj.jar
7f1878108000-7f1878109000 r--s 00001000 fd:01 472196941                  /home/me/dev/projects/liferay-portal/.gradle/caches/jars-9/2976381b0be749e127ad229c857a7865/proj.jar
7f1878109000-7f187810a000 r--s 00001000 fd:01 472196937                  /home/me/dev/projects/liferay-portal/.gradle/caches/jars-9/b6b2a159b92f77c40ea1836c2ef6ae0c/proj.jar
7f187810a000-7f187810b000 r--s 00001000 fd:01 472196930                  /home/me/dev/projects/liferay-portal/.gradle/caches/jars-9/069cd10144d28fcd0b1668d4cb6a1855/proj.jar
7f187810b000-7f187810c000 r--s 00001000 fd:01 472197242                  /home/me/dev/projects/liferay-portal/.gradle/caches/jars-9/2c48086c91be0353ab7a786370671f12/proj.jar
7f187810c000-7f187810e000 r--s 00001000 fd:01 472197236                  /home/me/dev/projects/liferay-portal/.gradle/caches/jars-9/82aed47e03b582cc118ecb61695bd5a1/proj.jar
7f187810e000-7f187810f000 r--s 00002000 fd:01 472197230                  /home/me/dev/projects/liferay-portal/.gradle/caches/jars-9/5c52a1e9d3fb0477e71e6592fa77fdc4/proj.jar
7f187810f000-7f1878110000 r--s 00001000 fd:01 472197225                  /home/me/dev/projects/liferay-portal/.gradle/caches/jars-9/8a7516f745eed94a06676d5bece84089/proj.jar
7f1878110000-7f1878111000 r--s 00001000 fd:01 472197219                  /home/me/dev/projects/liferay-portal/.gradle/caches/jars-9/0c1b7957e26ad1c624397ce7afa4fea4/proj.jar
7f1878111000-7f1878112000 r--s 00001000 fd:01 472197216                  /home/me/dev/projects/liferay-portal/.gradle/caches/jars-9/95fc2dfd4744a9f8a751840c1e745b7b/proj.jar
7f1878112000-7f1878113000 r--s 00003000 fd:01 472197213                  /home/me/dev/projects/liferay-portal/.gradle/caches/jars-9/0258a820562c995b975e9e1c5b7a0632/proj.jar
7f1878113000-7f1878114000 r--s 00001000 fd:01 472197211                  /home/me/dev/projects/liferay-portal/.gradle/caches/jars-9/fb9c311ffbafabadebe725e7ce249e30/proj.jar
7f1878114000-7f1878115000 r--s 00002000 fd:01 472197197                  /home/me/dev/projects/liferay-portal/.gradle/caches/jars-9/6c1085a0777573f6144ced5a599bf079/proj.jar
7f1878115000-7f1878116000 r--s 00001000 fd:01 472197192                  /home/me/dev/projects/liferay-portal/.gradle/caches/jars-9/b6a9cc43d34ed12d597a77c76f74e0ee/proj.jar
7f1878116000-7f1878117000 r--s 00002000 fd:01 472197187                  /home/me/dev/projects/liferay-portal/.gradle/caches/jars-9/014124cb5919faa1ab507db114524599/proj.jar
7f1878117000-7f1878118000 r--s 00002000 fd:01 472287596                  /home/me/dev/projects/liferay-portal/.gradle/caches/jars-9/16098bbdd5c1591671358209130ffb0c/proj.jar
7f1878118000-7f1878119000 r--s 00003000 fd:01 472287591                  /home/me/dev/projects/liferay-portal/.gradle/caches/jars-9/36b1e44a43acbdeef34f4dcaad1a4e07/proj.jar
7f1878119000-7f187811a000 r--s 00001000 fd:01 472287589                  /home/me/dev/projects/liferay-portal/.gradle/caches/jars-9/7175877e288d10c880ccf41516420e87/proj.jar
7f187811a000-7f187811b000 r--s 00001000 fd:01 472287587                  /home/me/dev/projects/liferay-portal/.gradle/caches/jars-9/ddb4a1566b8df4164d41a1277fb2beac/proj.jar
7f187811b000-7f187811c000 r--s 00002000 fd:01 472287585                  /home/me/dev/projects/liferay-portal/.gradle/caches/jars-9/e53334754d23595161dad943847b3acc/proj.jar
7f187811c000-7f187811d000 r--s 00002000 fd:01 472287583                  /home/me/dev/projects/liferay-portal/.gradle/caches/jars-9/d4832bb83c6f67c4a95527a7cdac857e/proj.jar
7f187811d000-7f187811e000 r--s 00001000 fd:01 472287581                  /home/me/dev/projects/liferay-portal/.gradle/caches/jars-9/5565c51caab8dd1c492c5a4e7c0e7c1a/proj.jar
7f187811e000-7f187811f000 r--s 00002000 fd:01 472287579                  /home/me/dev/projects/liferay-portal/.gradle/caches/jars-9/90a84198cf227e7401fb76e46949f40d/proj.jar
7f187811f000-7f1878120000 r--s 00001000 fd:01 472287577                  /home/me/dev/projects/liferay-portal/.gradle/caches/jars-9/858d76de90fcd8af174bdacf4ca0931f/proj.jar
7f1878120000-7f1878122000 r--s 00001000 fd:01 472287575                  /home/me/dev/projects/liferay-portal/.gradle/caches/jars-9/179cfd37c0c080d8dcb2f8f148bf5a4e/proj.jar
7f1878122000-7f1878123000 r--s 00001000 fd:01 472287573                  /home/me/dev/projects/liferay-portal/.gradle/caches/jars-9/d618a8b91cd045ae18461d10f884d76e/proj.jar
7f1878123000-7f1878124000 r--s 00003000 fd:01 472411504                  /home/me/dev/projects/liferay-portal/.gradle/caches/jars-9/e5bf0214f8c8844b5f29162556d453a3/proj.jar
7f1878124000-7f1878125000 r--s 00002000 fd:01 472411501                  /home/me/dev/projects/liferay-portal/.gradle/caches/jars-9/fa0ee1c6ead7ad042cd9f1b968ca3785/proj.jar
7f1878125000-7f1878126000 r--s 00001000 fd:01 472411499                  /home/me/dev/projects/liferay-portal/.gradle/caches/jars-9/5acd45159131897fb18bb2ae80dbd06d/proj.jar
7f1878126000-7f1878127000 r--s 00002000 fd:01 472412148                  /home/me/dev/projects/liferay-portal/.gradle/caches/jars-9/4bc6ca48ca5ae2f9ed9caaf0b8ace3c4/proj.jar
7f1878127000-7f1878128000 r--s 00001000 fd:01 472412144                  /home/me/dev/projects/liferay-portal/.gradle/caches/jars-9/f20db3ab6aa20938c4c34c58609d912a/proj.jar
7f1878128000-7f1878129000 r--s 00001000 fd:01 472412122                  /home/me/dev/projects/liferay-portal/.gradle/caches/jars-9/41ff378df46d7a54983314dfce989949/proj.jar
7f1878129000-7f187812a000 r--s 00002000 fd:01 472412120                  /home/me/dev/projects/liferay-portal/.gradle/caches/jars-9/cfc4827671d024f243622fac46615945/proj.jar
7f187812a000-7f187812b000 r--s 00003000 fd:01 472412118                  /home/me/dev/projects/liferay-portal/.gradle/caches/jars-9/e495907648fd0e0414ea7702cba7c488/proj.jar
7f187812b000-7f187812c000 r--s 00002000 fd:01 472452032                  /home/me/dev/projects/liferay-portal/.gradle/caches/jars-9/09d991d7d54e75fa8a8daf90d82be639/proj.jar
7f187812c000-7f187812d000 r--s 00001000 fd:01 472492567                  /home/me/dev/projects/liferay-portal/.gradle/caches/jars-9/02eb28e355b7028eb5ac9a4d2364155a/proj.jar
7f187812d000-7f187812e000 r--s 00002000 fd:01 472492563                  /home/me/dev/projects/liferay-portal/.gradle/caches/jars-9/30245a2fa7258affb8f7989d0027f13e/proj.jar
7f187812e000-7f187812f000 r--s 00001000 fd:01 472492561                  /home/me/dev/projects/liferay-portal/.gradle/caches/jars-9/0737ffcbf0d21d25d405ca00c78f2533/proj.jar
7f187812f000-7f1878131000 r--s 00001000 fd:01 472529784                  /home/me/dev/projects/liferay-portal/.gradle/caches/jars-9/fabc4e80158acd9503388873c170e74c/proj.jar
7f1878131000-7f1878132000 r--s 00003000 fd:01 472529782                  /home/me/dev/projects/liferay-portal/.gradle/caches/jars-9/8c632166aaed197664e7b9004ec61ea8/proj.jar
7f1878132000-7f1878134000 r--s 00001000 fd:01 472529778                  /home/me/dev/projects/liferay-portal/.gradle/caches/jars-9/201fe44fa3f14813b6fd869cbfb5adb0/proj.jar
7f1878134000-7f1878135000 r--s 00001000 fd:01 472529776                  /home/me/dev/projects/liferay-portal/.gradle/caches/jars-9/cc776237ece7ba4a52d39b6c5ab0c4f8/proj.jar
7f1878135000-7f1878136000 r--s 00001000 fd:01 472529773                  /home/me/dev/projects/liferay-portal/.gradle/caches/jars-9/bbaac634fc8f1fca3c04f8a2eb4dc76f/proj.jar
7f1878136000-7f1878137000 r--s 00003000 fd:01 472529771                  /home/me/dev/projects/liferay-portal/.gradle/caches/jars-9/2c91518fca6fee627efad34e98d944a0/proj.jar
7f1878137000-7f1878138000 r--s 00002000 fd:01 472529768                  /home/me/dev/projects/liferay-portal/.gradle/caches/jars-9/981a7ea92974d3ba5b44ff45dc21bc15/proj.jar
7f1878138000-7f187813a000 r--s 00001000 fd:01 472529765                  /home/me/dev/projects/liferay-portal/.gradle/caches/jars-9/18dea319ec3e6323b47fa78bccf8363d/proj.jar
7f187813a000-7f187813b000 r--s 00001000 fd:01 472529763                  /home/me/dev/projects/liferay-portal/.gradle/caches/jars-9/f18bf7e9214dec7fc9945c5513d2198d/proj.jar
7f187813b000-7f187813d000 r--s 00002000 fd:01 472679615                  /home/me/dev/projects/liferay-portal/.gradle/caches/jars-9/96dd592beae4272e623665c134453f5e/proj.jar
7f187813d000-7f187813e000 r--s 00001000 fd:01 472679612                  /home/me/dev/projects/liferay-portal/.gradle/caches/jars-9/dd688eb8730786b4ecda35fdc9e167c5/proj.jar
7f187813e000-7f187813f000 r--s 00002000 fd:01 472679595                  /home/me/dev/projects/liferay-portal/.gradle/caches/jars-9/49d0b53e466699abc67dd13e2c646cc1/proj.jar
7f187813f000-7f1878141000 r--s 00002000 fd:01 472679586                  /home/me/dev/projects/liferay-portal/.gradle/caches/jars-9/8c0c624d8ece54915b00bc5049373b9e/proj.jar
7f1878141000-7f1878142000 r--s 00002000 fd:01 472679583                  /home/me/dev/projects/liferay-portal/.gradle/caches/jars-9/1f714b3599bd1bb7dbc140adf5c771d4/proj.jar
7f1878142000-7f1878143000 r--s 00001000 fd:01 472679580                  /home/me/dev/projects/liferay-portal/.gradle/caches/jars-9/e370615ad5b05b7de0ef5b2e09109bb4/proj.jar
7f1878143000-7f1878144000 r--s 00002000 fd:01 472679576                  /home/me/dev/projects/liferay-portal/.gradle/caches/jars-9/ac04d98ee8e92105133b001b83c23268/proj.jar
7f1878144000-7f1878145000 r--s 00005000 fd:01 485808090                  /home/me/dev/projects/liferay-portal/.gradle/caches/jars-9/0124b452f87f05eecdd3558bb661c90f/proj.jar
7f1878145000-7f1878146000 r--s 00002000 fd:01 472679570                  /home/me/dev/projects/liferay-portal/.gradle/caches/jars-9/66fbf51de68a92e19ba441e3458b4ff7/proj.jar
7f1878146000-7f1878147000 r--s 00001000 fd:01 472679567                  /home/me/dev/projects/liferay-portal/.gradle/caches/jars-9/d7b152654db30a5d731787dcfaf2141f/proj.jar
7f1878147000-7f1878148000 r--s 00001000 fd:01 472679564                  /home/me/dev/projects/liferay-portal/.gradle/caches/jars-9/c3b5fe59faf3f9169682521d71d9599b/proj.jar
7f1878148000-7f1878149000 r--s 00001000 fd:01 472679561                  /home/me/dev/projects/liferay-portal/.gradle/caches/jars-9/f2d7a8bfbef9c163e89ef32033bd5436/proj.jar
7f1878149000-7f187814a000 r--s 00001000 fd:01 472679557                  /home/me/dev/projects/liferay-portal/.gradle/caches/jars-9/f1af77b069c12a91ae95d4e216a7dde9/proj.jar
7f187814a000-7f187814b000 r--s 00002000 fd:01 472679554                  /home/me/dev/projects/liferay-portal/.gradle/caches/jars-9/ab9c9daa19821a790ec91faa99662bb8/proj.jar
7f187814b000-7f187814d000 r--s 00001000 fd:01 472679677                  /home/me/dev/projects/liferay-portal/.gradle/caches/jars-9/5dd62166e111c23bef17182014e1bb73/proj.jar
7f187814d000-7f187814f000 r--s 00002000 fd:01 472679627                  /home/me/dev/projects/liferay-portal/.gradle/caches/jars-9/3354df227011554e349f6083c2a0dd4d/proj.jar
7f187814f000-7f1878150000 r--s 00002000 fd:01 472679625                  /home/me/dev/projects/liferay-portal/.gradle/caches/jars-9/3177fbd242f5607cfd697ae347689d45/proj.jar
7f1878150000-7f1878151000 r--s 00001000 fd:01 472679623                  /home/me/dev/projects/liferay-portal/.gradle/caches/jars-9/cae2e56a7a7295566344cfdd6b5381d3/proj.jar
7f1878151000-7f1878152000 r--s 00002000 fd:01 472679621                  /home/me/dev/projects/liferay-portal/.gradle/caches/jars-9/183f7720e07b73af4f231f01541e4b8e/proj.jar
7f1878152000-7f1878154000 r--s 00002000 fd:01 472679618                  /home/me/dev/projects/liferay-portal/.gradle/caches/jars-9/2a0fd385dd7aeefe1c2f3e041cdb279b/proj.jar
7f1878154000-7f1878155000 r--s 00001000 fd:01 472679913                  /home/me/dev/projects/liferay-portal/.gradle/caches/jars-9/a0dd4ee72dad3832d77363443a456a01/proj.jar
7f1878155000-7f1878156000 r--s 00001000 fd:01 472679911                  /home/me/dev/projects/liferay-portal/.gradle/caches/jars-9/b010e0c9ebd59ccc9f32b0cd0fb6fa99/proj.jar
7f1878156000-7f1878157000 r--s 00002000 fd:01 472679903                  /home/me/dev/projects/liferay-portal/.gradle/caches/jars-9/6bfdddf2218efbaf74dab0e51ea27825/proj.jar
7f1878157000-7f1878158000 r--s 00002000 fd:01 472679888                  /home/me/dev/projects/liferay-portal/.gradle/caches/jars-9/0f039ae0276ed72a15dc31d8d709c662/proj.jar
7f1878158000-7f1878159000 r--s 00001000 fd:01 472679886                  /home/me/dev/projects/liferay-portal/.gradle/caches/jars-9/5aa590494a0f6a0a8461395c5c57eec3/proj.jar
7f1878159000-7f187815a000 r--s 00001000 fd:01 472679884                  /home/me/dev/projects/liferay-portal/.gradle/caches/jars-9/5d9a41cbc5f37eb1b1ad75e1f7fc7c35/proj.jar
7f187815a000-7f187815b000 r--s 00001000 fd:01 472679879                  /home/me/dev/projects/liferay-portal/.gradle/caches/jars-9/dc2ad106279e41504db429840675b227/proj.jar
7f187815b000-7f187815c000 r--s 00001000 fd:01 472679877                  /home/me/dev/projects/liferay-portal/.gradle/caches/jars-9/b6c8dd44bbec3ed6de2771849826dda9/proj.jar
7f187815c000-7f187815d000 r--s 00001000 fd:01 472679875                  /home/me/dev/projects/liferay-portal/.gradle/caches/jars-9/507f95342b02b4c14212118951d42474/proj.jar
7f187815d000-7f187815e000 r--s 00001000 fd:01 472679873                  /home/me/dev/projects/liferay-portal/.gradle/caches/jars-9/3168e240b1a83eaeda85204ee532dcf8/proj.jar
7f187815e000-7f187815f000 r--s 00002000 fd:01 472680572                  /home/me/dev/projects/liferay-portal/.gradle/caches/jars-9/32f058da25094e7c30e1dd5b87c948ef/proj.jar
7f187815f000-7f1878160000 r--s 00001000 fd:01 472680544                  /home/me/dev/projects/liferay-portal/.gradle/caches/jars-9/0a5945a4f82e9c134b4995fb9eceecab/proj.jar
7f1878160000-7f1878161000 r--s 00001000 fd:01 472680542                  /home/me/dev/projects/liferay-portal/.gradle/caches/jars-9/3923fb6c13a4005f0f1a7a939dfb8ba9/proj.jar
7f1878161000-7f1878162000 r--s 00001000 fd:01 472680540                  /home/me/dev/projects/liferay-portal/.gradle/caches/jars-9/6955de71557e6781a8c8e6724cdaf2f2/proj.jar
7f1878162000-7f1878163000 r--s 00001000 fd:01 472680538                  /home/me/dev/projects/liferay-portal/.gradle/caches/jars-9/36da8b11712c5f858cbf7a24a48a477a/proj.jar
7f1878163000-7f1878164000 r--s 00002000 fd:01 472680536                  /home/me/dev/projects/liferay-portal/.gradle/caches/jars-9/b4f7510aa8c4139c847aa15593a08751/proj.jar
7f1878164000-7f1878165000 r--s 00001000 fd:01 472680531                  /home/me/dev/projects/liferay-portal/.gradle/caches/jars-9/2127e554b0a7b6fde47115cd08529102/proj.jar
7f1878165000-7f1878166000 r--s 00002000 fd:01 472680529                  /home/me/dev/projects/liferay-portal/.gradle/caches/jars-9/15b62871562859ac2c90d447487f4008/proj.jar
7f1878166000-7f1878167000 r--s 00003000 fd:01 472680527                  /home/me/dev/projects/liferay-portal/.gradle/caches/jars-9/e3d08d019d093d7ee98131f81b0c649a/proj.jar
7f1878167000-7f1878168000 r--s 00002000 fd:01 472680525                  /home/me/dev/projects/liferay-portal/.gradle/caches/jars-9/a5760ec6207d7d461cfdb72171c557b6/proj.jar
7f1878168000-7f187816a000 r--s 00001000 fd:01 472680523                  /home/me/dev/projects/liferay-portal/.gradle/caches/jars-9/be5eebea017c44010b732fcd7f8f5229/proj.jar
7f187816a000-7f187816b000 r--s 00001000 fd:01 472680517                  /home/me/dev/projects/liferay-portal/.gradle/caches/jars-9/577110f452504e231817b884f20c5408/proj.jar
7f187816b000-7f187816c000 r--s 00001000 fd:01 472682301                  /home/me/dev/projects/liferay-portal/.gradle/caches/jars-9/2251eb342b1d9cf4022f3505c598acf5/proj.jar
7f187816c000-7f187816d000 r--s 00001000 fd:01 472682299                  /home/me/dev/projects/liferay-portal/.gradle/caches/jars-9/3593f2b346b273af9608e9b9692bbc4d/proj.jar
7f187816d000-7f187816e000 r--s 00002000 fd:01 472682296                  /home/me/dev/projects/liferay-portal/.gradle/caches/jars-9/34e4ca5416fe1b95bae213e80946f3ba/proj.jar
7f187816e000-7f187816f000 r--s 00002000 fd:01 472682288                  /home/me/dev/projects/liferay-portal/.gradle/caches/jars-9/c07b897ba4883d8ba08fefffb76f4fd9/proj.jar
7f187816f000-7f1878170000 r--s 00001000 fd:01 472682273                  /home/me/dev/projects/liferay-portal/.gradle/caches/jars-9/39a82741aaafa2477cc76f0a1fbd2a84/proj.jar
7f1878170000-7f1878171000 r--s 00001000 fd:01 472682271                  /home/me/dev/projects/liferay-portal/.gradle/caches/jars-9/6a1b5b2208c5d7ff8099fe92cccc6e80/proj.jar
7f1878171000-7f1878172000 r--s 00001000 fd:01 472682269                  /home/me/dev/projects/liferay-portal/.gradle/caches/jars-9/968022323502770541a397e77b08f700/proj.jar
7f1878172000-7f1878174000 r--s 00001000 fd:01 472682267                  /home/me/dev/projects/liferay-portal/.gradle/caches/jars-9/4e2b14ac453a5f9ef8c766a2f2b22788/proj.jar
7f1878174000-7f1878175000 r--s 00002000 fd:01 472682265                  /home/me/dev/projects/liferay-portal/.gradle/caches/jars-9/b37a6646643c1c929f317503c55171a7/proj.jar
7f1878175000-7f1878176000 r--s 00002000 fd:01 472687230                  /home/me/dev/projects/liferay-portal/.gradle/caches/jars-9/9ab88c2780d968ed58378ab3ff2c0f64/proj.jar
7f1878176000-7f1878177000 r--s 00001000 fd:01 472687216                  /home/me/dev/projects/liferay-portal/.gradle/caches/jars-9/9e35c21a4903f0d06ab243323cc8af31/proj.jar
7f1878177000-7f1878178000 r--s 00001000 fd:01 472687212                  /home/me/dev/projects/liferay-portal/.gradle/caches/jars-9/f85b63c60d2caa9c26a9588be05dd8a5/proj.jar
7f1878178000-7f1878179000 r--s 00002000 fd:01 472687206                  /home/me/dev/projects/liferay-portal/.gradle/caches/jars-9/d81650603ee112898e7df51d1b9913ed/proj.jar
7f1878179000-7f187817a000 r--s 00002000 fd:01 472687203                  /home/me/dev/projects/liferay-portal/.gradle/caches/jars-9/6fce5f4f0ead3f574817185a0c4f47b3/proj.jar
7f187817a000-7f187817b000 r--s 00001000 fd:01 472687200                  /home/me/dev/projects/liferay-portal/.gradle/caches/jars-9/95becc6e41059bd38d537c80ebff3f2b/proj.jar
7f187817b000-7f187817d000 r--s 00001000 fd:01 472687197                  /home/me/dev/projects/liferay-portal/.gradle/caches/jars-9/8b8d021c07b0b99ad84a9157aeb3c658/proj.jar
7f187817d000-7f187817e000 r--s 00002000 fd:01 472687190                  /home/me/dev/projects/liferay-portal/.gradle/caches/jars-9/824dc53cf7573b071af4aaf9f66d86bd/proj.jar
7f187817e000-7f187817f000 r--s 00002000 fd:01 472687181                  /home/me/dev/projects/liferay-portal/.gradle/caches/jars-9/00bf04cd8614f82b82c3fd5d372108d1/proj.jar
7f187817f000-7f1878180000 r--s 00001000 fd:01 472687179                  /home/me/dev/projects/liferay-portal/.gradle/caches/jars-9/f1e578c1d0cae50424ac00425f4efce4/proj.jar
7f1878180000-7f1878181000 r--s 00003000 fd:01 472687177                  /home/me/dev/projects/liferay-portal/.gradle/caches/jars-9/f551e24db75b71062cd42c48e7ee752b/proj.jar
7f1878181000-7f1878182000 r--s 00003000 fd:01 472687175                  /home/me/dev/projects/liferay-portal/.gradle/caches/jars-9/5da9d21c86c023a97516bf64748bd3a4/proj.jar
7f1878182000-7f1878183000 r--s 00001000 fd:01 472687173                  /home/me/dev/projects/liferay-portal/.gradle/caches/jars-9/9f2433946cd1b85e2e70ccde6a8c9d69/proj.jar
7f1878183000-7f1878184000 r--s 00002000 fd:01 472687171                  /home/me/dev/projects/liferay-portal/.gradle/caches/jars-9/93557a978e92ea8cecfd3ae4bbd4be43/proj.jar
7f1878184000-7f1878185000 r--s 00001000 fd:01 472687169                  /home/me/dev/projects/liferay-portal/.gradle/caches/jars-9/ec7d37c81941ca1b27eb088ae846d1a2/proj.jar
7f1878185000-7f1878186000 r--s 00002000 fd:01 472687998                  /home/me/dev/projects/liferay-portal/.gradle/caches/jars-9/8c7b07f08983bc9f8a1f47a459a40a6b/proj.jar
7f1878186000-7f1878187000 r--s 00004000 fd:01 472687993                  /home/me/dev/projects/liferay-portal/.gradle/caches/jars-9/86726d2f8a2776f86c8b0c61c2e2b29c/proj.jar
7f1878187000-7f1878188000 r--s 00001000 fd:01 472687973                  /home/me/dev/projects/liferay-portal/.gradle/caches/jars-9/b9c8c493ea986d3ceefd81ba2b35a8d1/proj.jar
7f1878188000-7f1878189000 r--s 00001000 fd:01 472689326                  /home/me/dev/projects/liferay-portal/.gradle/caches/jars-9/fa141259914952ffee07a925d9ed1921/proj.jar
7f1878189000-7f187818a000 r--s 00003000 fd:01 472689324                  /home/me/dev/projects/liferay-portal/.gradle/caches/jars-9/1a69260442ac1c80e73d496a7500a856/proj.jar
7f187818a000-7f187818b000 r--s 00002000 fd:01 472689322                  /home/me/dev/projects/liferay-portal/.gradle/caches/jars-9/ed343e71b55770dc299abda243971e3b/proj.jar
7f187818b000-7f187818c000 r--s 00002000 fd:01 472689319                  /home/me/dev/projects/liferay-portal/.gradle/caches/jars-9/17ef4150fe8417dd9921df8c40594d95/proj.jar
7f187818c000-7f187818d000 r--s 00002000 fd:01 472689317                  /home/me/dev/projects/liferay-portal/.gradle/caches/jars-9/3405827af111e2fff28687aace233586/proj.jar
7f187818d000-7f187818e000 r--s 00002000 fd:01 472689315                  /home/me/dev/projects/liferay-portal/.gradle/caches/jars-9/4228b2e5596712ce37782b60dcfa7f7c/proj.jar
7f187818e000-7f187818f000 r--s 00002000 fd:01 472689313                  /home/me/dev/projects/liferay-portal/.gradle/caches/jars-9/2fea064d4cd4ce1a2745018b3192702c/proj.jar
7f187818f000-7f1878190000 r--s 00002000 fd:01 472689311                  /home/me/dev/projects/liferay-portal/.gradle/caches/jars-9/3a3ef9b3b7d402a66a1ffb9610a1fb15/proj.jar
7f1878190000-7f1878191000 r--s 00002000 fd:01 472689306                  /home/me/dev/projects/liferay-portal/.gradle/caches/jars-9/2c27c9b9f18335e3ff142bae14988082/proj.jar
7f1878191000-7f1878192000 r--s 00002000 fd:01 472689298                  /home/me/dev/projects/liferay-portal/.gradle/caches/jars-9/ae5b0504dea9fee3aba4419a8c97f209/proj.jar
7f1878192000-7f1878193000 r--s 00002000 fd:01 472689296                  /home/me/dev/projects/liferay-portal/.gradle/caches/jars-9/7c9cfaeb9bc3e17dca43d99e246ee2f9/proj.jar
7f1878193000-7f1878194000 r--s 00002000 fd:01 472689294                  /home/me/dev/projects/liferay-portal/.gradle/caches/jars-9/cefc68fd70ed9891749688e72a545243/proj.jar
7f1878194000-7f1878195000 r--s 00003000 fd:01 472689292                  /home/me/dev/projects/liferay-portal/.gradle/caches/jars-9/b7ffbc420352217371e6ffdb4c9f9d6f/proj.jar
7f1878195000-7f1878196000 r--s 00001000 fd:01 472689290                  /home/me/dev/projects/liferay-portal/.gradle/caches/jars-9/7f986d75267c83fb79bf979d98bce127/proj.jar
7f1878196000-7f1878197000 r--s 00001000 fd:01 472689288                  /home/me/dev/projects/liferay-portal/.gradle/caches/jars-9/7c99df2fd75908b964a90d1fd4f22c2c/proj.jar
7f1878197000-7f1878198000 r--s 00001000 fd:01 472689894                  /home/me/dev/projects/liferay-portal/.gradle/caches/jars-9/d1901948065cf7854a13a884635f20df/proj.jar
7f1878198000-7f1878199000 r--s 00002000 fd:01 472689892                  /home/me/dev/projects/liferay-portal/.gradle/caches/jars-9/7863d1f0dd4027b39cc1b43ac08c0573/proj.jar
7f1878199000-7f187819a000 r--s 00001000 fd:01 472689890                  /home/me/dev/projects/liferay-portal/.gradle/caches/jars-9/0c638a70f67c30c998eb2b1012e1568b/proj.jar
7f187819a000-7f187819b000 r--s 00001000 fd:01 472689888                  /home/me/dev/projects/liferay-portal/.gradle/caches/jars-9/dce619bc5b722c916978dbad43f8db0b/proj.jar
7f187819b000-7f187819c000 r--s 00002000 fd:01 472689884                  /home/me/dev/projects/liferay-portal/.gradle/caches/jars-9/5d6fd7a69a19bff2701168bd48b28afa/proj.jar
7f187819c000-7f187819d000 r--s 00002000 fd:01 472689876                  /home/me/dev/projects/liferay-portal/.gradle/caches/jars-9/5e503b1947748f40bf808b16785ca600/proj.jar
7f187819d000-7f187819f000 r--s 00001000 fd:01 472689874                  /home/me/dev/projects/liferay-portal/.gradle/caches/jars-9/6a6bf9942eae7b0887efb827a8d03965/proj.jar
7f187819f000-7f18781a0000 r--s 00003000 fd:01 472689872                  /home/me/dev/projects/liferay-portal/.gradle/caches/jars-9/4588b503a4939c27d16d6ee0125ede04/proj.jar
7f18781a0000-7f18781a1000 r--s 00001000 fd:01 472689870                  /home/me/dev/projects/liferay-portal/.gradle/caches/jars-9/99081c94b1cf11a3b463835ab91337b3/proj.jar
7f18781a1000-7f18781a2000 r--s 00001000 fd:01 472689868                  /home/me/dev/projects/liferay-portal/.gradle/caches/jars-9/f635190c575e901a468aab103cf5a829/proj.jar
7f18781a2000-7f18781a3000 r--s 00002000 fd:01 472689866                  /home/me/dev/projects/liferay-portal/.gradle/caches/jars-9/b8998637e494683e9a2c2b7729f328c8/proj.jar
7f18781a3000-7f18781a4000 r--s 00002000 fd:01 472689864                  /home/me/dev/projects/liferay-portal/.gradle/caches/jars-9/d7f0a795d530c2d4def7e237f56fee8e/proj.jar
7f18781a4000-7f18781a5000 r--s 00001000 fd:01 472689862                  /home/me/dev/projects/liferay-portal/.gradle/caches/jars-9/0ae166921cde5b0f659d7fe6cc26cbb1/proj.jar
7f18781a5000-7f18781a6000 r--s 00001000 fd:01 472689860                  /home/me/dev/projects/liferay-portal/.gradle/caches/jars-9/9a28b6814d0aa0009f0dee4048987e76/proj.jar
7f18781a6000-7f18781a7000 r--s 00002000 fd:01 472689858                  /home/me/dev/projects/liferay-portal/.gradle/caches/jars-9/3070bb006858dc324dae0eeea77cdd97/proj.jar
7f18781a7000-7f18781a9000 r--s 00002000 fd:01 472689856                  /home/me/dev/projects/liferay-portal/.gradle/caches/jars-9/1ab6f4f8b02c99b2c0c79863eae3826d/proj.jar
7f18781a9000-7f18781aa000 r--s 00003000 fd:01 472692798                  /home/me/dev/projects/liferay-portal/.gradle/caches/jars-9/0a14a52a499831ecc0c74b328e6d77ff/proj.jar
7f18781aa000-7f18781ab000 r--s 00002000 fd:01 472692796                  /home/me/dev/projects/liferay-portal/.gradle/caches/jars-9/f344db1cc9035c03e3ecc72a959a7b72/proj.jar
7f18781ab000-7f18781ac000 r--s 00002000 fd:01 472692773                  /home/me/dev/projects/liferay-portal/.gradle/caches/jars-9/67b571332aa1632a0be70a3f8744523c/proj.jar
7f18781ac000-7f18781ad000 r--s 00001000 fd:01 472692771                  /home/me/dev/projects/liferay-portal/.gradle/caches/jars-9/8e43a1a8d5f7de51b6cfaa74cf3fa895/proj.jar
7f18781ad000-7f18781ae000 r--s 00001000 fd:01 472694015                  /home/me/dev/projects/liferay-portal/.gradle/caches/jars-9/335918109f06c2dad55ef46556c3fdf4/proj.jar
7f18781ae000-7f18781af000 r--s 00002000 fd:01 472694010                  /home/me/dev/projects/liferay-portal/.gradle/caches/jars-9/3d9d98205c8c86de05d849bd9fa5ba82/proj.jar
7f18781af000-7f18781b0000 r--s 00002000 fd:01 472694007                  /home/me/dev/projects/liferay-portal/.gradle/caches/jars-9/2670b128d0fb6383144b53a37f9cbd81/proj.jar
7f18781b0000-7f18781b1000 r--s 00002000 fd:01 472694005                  /home/me/dev/projects/liferay-portal/.gradle/caches/jars-9/39336bb89bf80173310d7d3ed42d14cb/proj.jar
7f18781b1000-7f18781b2000 r--s 00001000 fd:01 472694003                  /home/me/dev/projects/liferay-portal/.gradle/caches/jars-9/91fa974a9f6f31c10be8c9fe62aa7c74/proj.jar
7f18781b2000-7f18781b3000 r--s 00002000 fd:01 472694001                  /home/me/dev/projects/liferay-portal/.gradle/caches/jars-9/d7e4517c8ee21f4413bd1214e6b5781a/proj.jar
7f18781b3000-7f18781b4000 r--s 00003000 fd:01 472693998                  /home/me/dev/projects/liferay-portal/.gradle/caches/jars-9/441adee0fca8bfc7e7d3b9bf6d8e1d19/proj.jar
7f18781b4000-7f18781b5000 r--s 00001000 fd:01 472693994                  /home/me/dev/projects/liferay-portal/.gradle/caches/jars-9/9c71a35d12faecbc544285e4196035d7/proj.jar
7f18781b5000-7f18781b6000 r--s 00002000 fd:01 472693992                  /home/me/dev/projects/liferay-portal/.gradle/caches/jars-9/91e778b7c453fa53bf4e04deaf55c0b9/proj.jar
7f18781b6000-7f18781b7000 r--s 00001000 fd:01 472693990                  /home/me/dev/projects/liferay-portal/.gradle/caches/jars-9/87d1101a060ce620de2006b7938880ab/proj.jar
7f18781b7000-7f18781b9000 r--s 00002000 fd:01 472693988                  /home/me/dev/projects/liferay-portal/.gradle/caches/jars-9/5598ce959749b455cbc8ba8718bc6eca/proj.jar
7f18781b9000-7f18781ba000 r--s 00003000 fd:01 472693981                  /home/me/dev/projects/liferay-portal/.gradle/caches/jars-9/f8cdd65f79782a31b5a830832f3e42fd/proj.jar
7f18781ba000-7f18781bb000 r--s 00001000 fd:01 472693979                  /home/me/dev/projects/liferay-portal/.gradle/caches/jars-9/24c649bd8652df9c22d22bb76c0715ff/proj.jar
7f18781bb000-7f18781bc000 r--s 00001000 fd:01 472693977                  /home/me/dev/projects/liferay-portal/.gradle/caches/jars-9/954429c37d33a2f865376ebc93e96c87/proj.jar
7f18781bc000-7f18781bd000 r--s 00002000 fd:01 472693975                  /home/me/dev/projects/liferay-portal/.gradle/caches/jars-9/77ec2ea63c5ffd5b5a2a7a00b05f9e88/proj.jar
7f18781bd000-7f18781be000 r--s 00002000 fd:01 472693971                  /home/me/dev/projects/liferay-portal/.gradle/caches/jars-9/1d08fc83bd723478129cce6968575c41/proj.jar
7f18781be000-7f18781bf000 r--s 00001000 fd:01 472693968                  /home/me/dev/projects/liferay-portal/.gradle/caches/jars-9/721d1730892e22c3e31ebafcff2f3b07/proj.jar
7f18781bf000-7f18781c0000 r--s 00002000 fd:01 472693964                  /home/me/dev/projects/liferay-portal/.gradle/caches/jars-9/53d492eaa1554975f596b7ec0eeaee89/proj.jar
7f18781c0000-7f18781c1000 r--s 00002000 fd:01 472693960                  /home/me/dev/projects/liferay-portal/.gradle/caches/jars-9/cd90f9ab32f8752b20f63bb850dbdc32/proj.jar
7f18781c1000-7f18781c2000 r--s 00002000 fd:01 472693956                  /home/me/dev/projects/liferay-portal/.gradle/caches/jars-9/fcc7c66e9f7190a4e02dc4fbc44b4d67/proj.jar
7f18781c2000-7f18781c3000 r--s 00002000 fd:01 472693953                  /home/me/dev/projects/liferay-portal/.gradle/caches/jars-9/e92927e0015b94dd5b4ea8c8b8b329a9/proj.jar
7f18781c3000-7f18781c4000 r--s 00001000 fd:01 472694585                  /home/me/dev/projects/liferay-portal/.gradle/caches/jars-9/62413e16af315f96584a649afc4b0705/proj.jar
7f18781c4000-7f18781c5000 r--s 00002000 fd:01 472694579                  /home/me/dev/projects/liferay-portal/.gradle/caches/jars-9/64f2050f6e1cfd70a8e1c6409f954050/proj.jar
7f18781c5000-7f18781c6000 r--s 00003000 fd:01 472694574                  /home/me/dev/projects/liferay-portal/.gradle/caches/jars-9/f331110c77041880a4ab9d70aeb96ff6/proj.jar
7f18781c6000-7f18781c7000 r--s 00002000 fd:01 472695359                  /home/me/dev/projects/liferay-portal/.gradle/caches/jars-9/8e7ab41992dcd381ff842325b4535fb2/proj.jar
7f18781c7000-7f18781c8000 r--s 00001000 fd:01 472695357                  /home/me/dev/projects/liferay-portal/.gradle/caches/jars-9/70884c9980c03423789ce39bef39647c/proj.jar
7f18781c8000-7f18781c9000 r--s 00002000 fd:01 472695355                  /home/me/dev/projects/liferay-portal/.gradle/caches/jars-9/b27cc8f9a41c1f542b36a0572a103993/proj.jar
7f18781c9000-7f18781ca000 r--s 00002000 fd:01 472695353                  /home/me/dev/projects/liferay-portal/.gradle/caches/jars-9/a945f513947d2a9c68e5edd304e3e55c/proj.jar
7f18781ca000-7f18781cb000 r--s 00002000 fd:01 472695345                  /home/me/dev/projects/liferay-portal/.gradle/caches/jars-9/49943614af3978b16ca6fc3eac2ce7c5/proj.jar
7f18781cb000-7f18781cd000 r--s 00001000 fd:01 472695343                  /home/me/dev/projects/liferay-portal/.gradle/caches/jars-9/fd8411048db36a95c0311b138b7eb041/proj.jar
7f18781cd000-7f18781ce000 r--s 00001000 fd:01 472695340                  /home/me/dev/projects/liferay-portal/.gradle/caches/jars-9/7cb342ad4d2b8ed1a1f291302a0a139a/proj.jar
7f18781ce000-7f18781cf000 r--s 00001000 fd:01 472695335                  /home/me/dev/projects/liferay-portal/.gradle/caches/jars-9/179931d12b94a9ce8257e892a091ee30/proj.jar
7f18781cf000-7f18781d0000 r--s 00002000 fd:01 472695333                  /home/me/dev/projects/liferay-portal/.gradle/caches/jars-9/a0155b40439543ba40876a48c2d1f9e8/proj.jar
7f18781d0000-7f18781d1000 r--s 00001000 fd:01 472695330                  /home/me/dev/projects/liferay-portal/.gradle/caches/jars-9/92149f21cfa4a5fccbd4e83af0f458b9/proj.jar
7f18781d1000-7f18781d2000 r--s 00001000 fd:01 472695328                  /home/me/dev/projects/liferay-portal/.gradle/caches/jars-9/df8a5127338baa9b1cc1d0c1ce6f7fa9/proj.jar
7f18781d2000-7f18781d3000 r--s 00003000 fd:01 472695326                  /home/me/dev/projects/liferay-portal/.gradle/caches/jars-9/a7a9b6a221460cfece74885d21150a19/proj.jar
7f18781d3000-7f18781d4000 r--s 00003000 fd:01 472695324                  /home/me/dev/projects/liferay-portal/.gradle/caches/jars-9/fc24431801ec2068d4008a7b0b6893c6/proj.jar
7f18781d4000-7f18781d5000 r--s 00003000 fd:01 472695319                  /home/me/dev/projects/liferay-portal/.gradle/caches/jars-9/81c7fb51d7a42e66ebf57ba36bd077ad/proj.jar
7f18781d5000-7f18781d6000 r--s 00003000 fd:01 472695317                  /home/me/dev/projects/liferay-portal/.gradle/caches/jars-9/4ea72a1ff6505218ca9bf0776f2c3a7b/proj.jar
7f18781d6000-7f18781d7000 r--s 00001000 fd:01 472695315                  /home/me/dev/projects/liferay-portal/.gradle/caches/jars-9/3571a3ec1d56361a33f7194a4179d08a/proj.jar
7f18781d7000-7f18781d8000 r--s 00002000 fd:01 472695313                  /home/me/dev/projects/liferay-portal/.gradle/caches/jars-9/0957abe15c82b4642bda46c5ea7f9c43/proj.jar
7f18781d8000-7f18781d9000 r--s 00001000 fd:01 472695310                  /home/me/dev/projects/liferay-portal/.gradle/caches/jars-9/1887159d176750437b27bb65c1f9f2f7/proj.jar
7f18781d9000-7f18781da000 r--s 00003000 fd:01 472695302                  /home/me/dev/projects/liferay-portal/.gradle/caches/jars-9/9b9ceb0dfdd368c291c91a75a477c199/proj.jar
7f18781da000-7f18781db000 r--s 00001000 fd:01 472695300                  /home/me/dev/projects/liferay-portal/.gradle/caches/jars-9/f9a8c1c5edebec96c6e3b3857334c782/proj.jar
7f18781db000-7f18781dc000 r--s 00002000 fd:01 472695297                  /home/me/dev/projects/liferay-portal/.gradle/caches/jars-9/0379006fd4314c3e7f8e047d42095a34/proj.jar
7f18781dc000-7f18781dd000 r--s 00001000 fd:01 472697126                  /home/me/dev/projects/liferay-portal/.gradle/caches/jars-9/812324f334fd5ec08561dfdaa0415a07/proj.jar
7f18781dd000-7f18781de000 r--s 00001000 fd:01 472697115                  /home/me/dev/projects/liferay-portal/.gradle/caches/jars-9/38513508b521ab1d5ec0a004e857c92d/proj.jar
7f18781de000-7f18781df000 r--s 00001000 fd:01 472697111                  /home/me/dev/projects/liferay-portal/.gradle/caches/jars-9/0902197a0b08fd6f21d07c7e2671dc79/proj.jar
7f18781df000-7f18781e0000 r--s 00003000 fd:01 472697109                  /home/me/dev/projects/liferay-portal/.gradle/caches/jars-9/6a74201dc7db1df756f1238ff857e830/proj.jar
7f18781e0000-7f18781e1000 r--s 00001000 fd:01 472699027                  /home/me/dev/projects/liferay-portal/.gradle/caches/jars-9/c1cd3ad2143ea6656edcfbec0fccbb2d/proj.jar
7f18781e1000-7f18781e2000 r--s 00001000 fd:01 472699017                  /home/me/dev/projects/liferay-portal/.gradle/caches/jars-9/cfa2355b0901df2f6cecfb70e0654926/proj.jar
7f18781e2000-7f18781e3000 r--s 00002000 fd:01 472728462                  /home/me/dev/projects/liferay-portal/.gradle/caches/jars-9/2354650c5a01aa622c7e790c860557c7/proj.jar
7f18781e3000-7f18781e4000 r--s 00001000 fd:01 472728459                  /home/me/dev/projects/liferay-portal/.gradle/caches/jars-9/6071839fa456036e1ef67fb0cb7da264/proj.jar
7f18781e4000-7f18781e5000 r--s 00003000 fd:01 472876545                  /home/me/dev/projects/liferay-portal/.gradle/caches/jars-9/46c2c0be19771e30235948d6987a6848/proj.jar
7f18781e5000-7f18781e6000 r--s 00002000 fd:01 473145662                  /home/me/dev/projects/liferay-portal/.gradle/caches/jars-9/263625b9c234bdcd97513938e30bc59a/proj.jar
7f18781e6000-7f18781e7000 r--s 00002000 fd:01 473145660                  /home/me/dev/projects/liferay-portal/.gradle/caches/jars-9/f8348460bc1997456e9953301970fdc8/proj.jar
7f18781e7000-7f18781e9000 r--s 00001000 fd:01 473145658                  /home/me/dev/projects/liferay-portal/.gradle/caches/jars-9/980228bfc07397f5f25ce8696a0c634d/proj.jar
7f18781e9000-7f18781ea000 r--s 00001000 fd:01 473145653                  /home/me/dev/projects/liferay-portal/.gradle/caches/jars-9/fb828abd6796d7d77d50163b7df1f619/proj.jar
7f18781ea000-7f18781eb000 r--s 00003000 fd:01 473145645                  /home/me/dev/projects/liferay-portal/.gradle/caches/jars-9/c021b83ee9f418253a4b10523734b952/proj.jar
7f18781eb000-7f18781ec000 r--s 00002000 fd:01 473145642                  /home/me/dev/projects/liferay-portal/.gradle/caches/jars-9/48f6457439533b1e35b60e786dfda143/proj.jar
7f18781ec000-7f18781ed000 r--s 00003000 fd:01 473145640                  /home/me/dev/projects/liferay-portal/.gradle/caches/jars-9/dee5da9d12785e44db56d6fe75e99dc4/proj.jar
7f18781ed000-7f18781ee000 r--s 00001000 fd:01 473145629                  /home/me/dev/projects/liferay-portal/.gradle/caches/jars-9/c0c8260a1fff7f184b0dd754777b60c8/proj.jar
7f18781ee000-7f18781ef000 r--s 00002000 fd:01 473145627                  /home/me/dev/projects/liferay-portal/.gradle/caches/jars-9/1aea3ec77e3e4e0fa19cf070aefcedb4/proj.jar
7f18781ef000-7f18781f0000 r--s 00001000 fd:01 473145618                  /home/me/dev/projects/liferay-portal/.gradle/caches/jars-9/fb4d2d4ad39949c325de6bd848e283e7/proj.jar
7f18781f0000-7f18781f1000 r--s 00003000 fd:01 473145613                  /home/me/dev/projects/liferay-portal/.gradle/caches/jars-9/e3c81d5a773880c3c891745d279684e0/proj.jar
7f18781f1000-7f18781f2000 r--s 00002000 fd:01 473145610                  /home/me/dev/projects/liferay-portal/.gradle/caches/jars-9/a26dbecf3db5b0e5f8921da08616852a/proj.jar
7f18781f2000-7f18781f3000 r--s 00001000 fd:01 473145608                  /home/me/dev/projects/liferay-portal/.gradle/caches/jars-9/9316669a8cc0f7ba22483b88f3240974/proj.jar
7f18781f3000-7f18781f4000 r--s 00001000 fd:01 473145605                  /home/me/dev/projects/liferay-portal/.gradle/caches/jars-9/fde483aac44d9a22bea1deab09c2857d/proj.jar
7f18781f4000-7f18781f5000 r--s 00002000 fd:01 473145603                  /home/me/dev/projects/liferay-portal/.gradle/caches/jars-9/6047e7a45d18854d028d529bca912b87/proj.jar
7f18781f5000-7f18781f6000 r--s 00002000 fd:01 473145601                  /home/me/dev/projects/liferay-portal/.gradle/caches/jars-9/10c7986c996733b768a221353be7846d/proj.jar
7f18781f6000-7f18781f7000 r--s 00001000 fd:01 473164968                  /home/me/dev/projects/liferay-portal/.gradle/caches/jars-9/d486093684be12be6cdb3354d16a5f15/proj.jar
7f18781f7000-7f18781f8000 r--s 00002000 fd:01 473168344                  /home/me/dev/projects/liferay-portal/.gradle/caches/jars-9/d8ded35a6e421b3b5ffb5929ca4ee1be/proj.jar
7f18781f8000-7f18781f9000 r--s 00001000 fd:01 473179093                  /home/me/dev/projects/liferay-portal/.gradle/caches/jars-9/b4aed15b5749902fab0848eb7a55a141/proj.jar
7f18781f9000-7f18781fa000 r--s 00003000 fd:01 473189052                  /home/me/dev/projects/liferay-portal/.gradle/caches/jars-9/5b7600f19867b2759264171f16808b3d/proj.jar
7f18781fa000-7f18781fb000 r--s 00002000 fd:01 473189050                  /home/me/dev/projects/liferay-portal/.gradle/caches/jars-9/47576408f6fbf650650f76c94a69a199/proj.jar
7f18781fb000-7f18781fc000 r--s 00001000 fd:01 473189048                  /home/me/dev/projects/liferay-portal/.gradle/caches/jars-9/ab6f10b3e810c606c6f1616300390222/proj.jar
7f18781fc000-7f18781fd000 r--s 00001000 fd:01 473189046                  /home/me/dev/projects/liferay-portal/.gradle/caches/jars-9/b62887287c7053e716df7125e7455e47/proj.jar
7f18781fd000-7f18781fe000 r--s 00003000 fd:01 473189044                  /home/me/dev/projects/liferay-portal/.gradle/caches/jars-9/e68156e0d069e60a3dff0b7c33b58406/proj.jar
7f18781fe000-7f18781ff000 r--s 00001000 fd:01 473189042                  /home/me/dev/projects/liferay-portal/.gradle/caches/jars-9/3735f6c72a2cbac103ee8eab530df8c2/proj.jar
7f18781ff000-7f1878200000 r--s 00002000 fd:01 473189040                  /home/me/dev/projects/liferay-portal/.gradle/caches/jars-9/955e333535947d456b27b65c5b9aba16/proj.jar
7f1878200000-7f18783c0000 rw-p 00000000 00:00 0 
7f18783c0000-7f1878600000 rw-p 00000000 00:00 0 
7f1878600000-7f1878603000 ---p 00000000 00:00 0 
7f1878603000-7f1878700000 rw-p 00000000 00:00 0 
7f1878700000-7f1878703000 ---p 00000000 00:00 0 
7f1878703000-7f1878800000 rw-p 00000000 00:00 0 
7f1878800000-7f1878803000 ---p 00000000 00:00 0 
7f1878803000-7f1878900000 rw-p 00000000 00:00 0 
7f1878900000-7f1878903000 ---p 00000000 00:00 0 
7f1878903000-7f1878a00000 rw-p 00000000 00:00 0 
7f1878a00000-7f1878bc0000 rw-p 00000000 00:00 0 
7f1878bc0000-7f1878dc0000 rw-p 00000000 00:00 0 
7f1878dc0000-7f1879000000 rw-p 00000000 00:00 0 
7f1879000000-7f1879001000 r--s 00003000 fd:01 473189038                  /home/me/dev/projects/liferay-portal/.gradle/caches/jars-9/84bcdc1bcbc733a928b367d23b01154a/proj.jar
7f1879001000-7f1879002000 r--s 00004000 fd:01 473189036                  /home/me/dev/projects/liferay-portal/.gradle/caches/jars-9/3b6b0d434999d516f8d710f18d1e72a0/proj.jar
7f1879002000-7f1879004000 r--s 00002000 fd:01 473189034                  /home/me/dev/projects/liferay-portal/.gradle/caches/jars-9/0a7df398e8b58cdd9e6765906011d0eb/proj.jar
7f1879004000-7f1879005000 r--s 00003000 fd:01 473189032                  /home/me/dev/projects/liferay-portal/.gradle/caches/jars-9/950bfc29267540bcc5176c7955a60715/proj.jar
7f1879005000-7f1879006000 r--s 00002000 fd:01 473189030                  /home/me/dev/projects/liferay-portal/.gradle/caches/jars-9/0abbdbe2bcc29a43e439da654e1de06f/proj.jar
7f1879006000-7f1879007000 r--s 00003000 fd:01 473189028                  /home/me/dev/projects/liferay-portal/.gradle/caches/jars-9/72339d9c77f89a377994f3e6da355238/proj.jar
7f1879007000-7f1879008000 r--s 00002000 fd:01 473189026                  /home/me/dev/projects/liferay-portal/.gradle/caches/jars-9/e55abd06ebc0ab073ec76d53518b6fa3/proj.jar
7f1879008000-7f1879009000 r--s 00003000 fd:01 473189024                  /home/me/dev/projects/liferay-portal/.gradle/caches/jars-9/432ed23dfb896acf25f9861ff558ec09/proj.jar
7f1879009000-7f187900a000 r--s 00003000 fd:01 473189022                  /home/me/dev/projects/liferay-portal/.gradle/caches/jars-9/3a11cd176b87a70d053a4daa7c4404b8/proj.jar
7f187900a000-7f187900b000 r--s 00003000 fd:01 473189020                  /home/me/dev/projects/liferay-portal/.gradle/caches/jars-9/c66b2a47ccab9f2a01d0cd40d031a683/proj.jar
7f187900b000-7f187900c000 r--s 00001000 fd:01 473189018                  /home/me/dev/projects/liferay-portal/.gradle/caches/jars-9/94a1221d5d443ab4bf678848f92e8117/proj.jar
7f187900c000-7f187900d000 r--s 00003000 fd:01 473189016                  /home/me/dev/projects/liferay-portal/.gradle/caches/jars-9/b72d65cc581db72bd749b407667a2646/proj.jar
7f187900d000-7f187900e000 r--s 00001000 fd:01 473189014                  /home/me/dev/projects/liferay-portal/.gradle/caches/jars-9/9729b8ef36ac75af6e92f407c60912b4/proj.jar
7f187900e000-7f187900f000 r--s 00003000 fd:01 473189011                  /home/me/dev/projects/liferay-portal/.gradle/caches/jars-9/eefba6fbdecf8e54314652310c539eae/proj.jar
7f187900f000-7f1879010000 r--s 00002000 fd:01 473749246                  /home/me/dev/projects/liferay-portal/.gradle/caches/jars-9/d7678a572357f3f01506db07b51f11fd/proj.jar
7f1879010000-7f1879011000 r--s 00002000 fd:01 473749244                  /home/me/dev/projects/liferay-portal/.gradle/caches/jars-9/b04b9fdabcee6754fa3d833bb4a2fc6d/proj.jar
7f1879011000-7f1879012000 r--s 00004000 fd:01 473749242                  /home/me/dev/projects/liferay-portal/.gradle/caches/jars-9/ebe4cb3ecb1c2c222c692437492cae1f/proj.jar
7f1879012000-7f1879013000 r--s 00001000 fd:01 473749240                  /home/me/dev/projects/liferay-portal/.gradle/caches/jars-9/0f6833ea38e81929bdbadec9cafe33a5/proj.jar
7f1879013000-7f1879014000 r--s 00002000 fd:01 473749238                  /home/me/dev/projects/liferay-portal/.gradle/caches/jars-9/10a632b03d05e85ccafa93bf0e9abf0b/proj.jar
7f1879014000-7f1879015000 r--s 00001000 fd:01 473749236                  /home/me/dev/projects/liferay-portal/.gradle/caches/jars-9/47a4ea74c2813f712144abb72892db01/proj.jar
7f1879015000-7f1879016000 r--s 00001000 fd:01 473749234                  /home/me/dev/projects/liferay-portal/.gradle/caches/jars-9/2486b4b27550f65785ad339c1f6890e8/proj.jar
7f1879016000-7f1879017000 r--s 00001000 fd:01 473749232                  /home/me/dev/projects/liferay-portal/.gradle/caches/jars-9/a7e924f5504a6b70f5fa9de995a3d771/proj.jar
7f1879017000-7f1879018000 r--s 00002000 fd:01 473749229                  /home/me/dev/projects/liferay-portal/.gradle/caches/jars-9/f76d5c169656ebbfd5f14785b5305d22/proj.jar
7f1879018000-7f1879019000 r--s 00002000 fd:01 473749227                  /home/me/dev/projects/liferay-portal/.gradle/caches/jars-9/b2d869f287617b08e583a980ff02e0a4/proj.jar
7f1879019000-7f187901a000 r--s 00002000 fd:01 473749225                  /home/me/dev/projects/liferay-portal/.gradle/caches/jars-9/beb27426abbc44d9934da6f85de1b25d/proj.jar
7f187901a000-7f187901b000 r--s 00002000 fd:01 473749223                  /home/me/dev/projects/liferay-portal/.gradle/caches/jars-9/a15590d628b0c760a0b7f680ba2beab3/proj.jar
7f187901b000-7f187901c000 r--s 00002000 fd:01 473749221                  /home/me/dev/projects/liferay-portal/.gradle/caches/jars-9/8f27ad9af552be216e21cf364da957e2/proj.jar
7f187901c000-7f187901d000 r--s 00002000 fd:01 473749211                  /home/me/dev/projects/liferay-portal/.gradle/caches/jars-9/b600a78f10c4127e4e5cb733ebb4b625/proj.jar
7f187901d000-7f187901e000 r--s 00002000 fd:01 473749207                  /home/me/dev/projects/liferay-portal/.gradle/caches/jars-9/600876a8033017dc4a646ef149c17be9/proj.jar
7f187901e000-7f1879020000 r--s 00001000 fd:01 473749205                  /home/me/dev/projects/liferay-portal/.gradle/caches/jars-9/8e4b14fb9c38ff5ae87dc9ee39439976/proj.jar
7f1879020000-7f1879021000 r--s 00001000 fd:01 473749301                  /home/me/dev/projects/liferay-portal/.gradle/caches/jars-9/258f3119a255a53414dbe8bca57cda31/proj.jar
7f1879021000-7f1879022000 r--s 00001000 fd:01 473749298                  /home/me/dev/projects/liferay-portal/.gradle/caches/jars-9/83e28715f535022d3377f7b532dccf75/proj.jar
7f1879022000-7f1879023000 r--s 00001000 fd:01 473749294                  /home/me/dev/projects/liferay-portal/.gradle/caches/jars-9/3d9ac9842fded62c98c14e18b27ad98e/proj.jar
7f1879023000-7f1879024000 r--s 00002000 fd:01 473749292                  /home/me/dev/projects/liferay-portal/.gradle/caches/jars-9/c7dcdf36a9d08a81e32a79a5e617cbf3/proj.jar
7f1879024000-7f1879025000 r--s 00001000 fd:01 473749290                  /home/me/dev/projects/liferay-portal/.gradle/caches/jars-9/f3442ab8c1643edfe3bad7ce578e56ce/proj.jar
7f1879025000-7f1879026000 r--s 00006000 fd:01 473749286                  /home/me/dev/projects/liferay-portal/.gradle/caches/jars-9/23011d81621eba03fe9bca9c66e0565d/proj.jar
7f1879026000-7f1879027000 r--s 00001000 fd:01 473749284                  /home/me/dev/projects/liferay-portal/.gradle/caches/jars-9/86b71aabb5debc47bbeb549d6af07db9/proj.jar
7f1879027000-7f1879028000 r--s 00002000 fd:01 473749282                  /home/me/dev/projects/liferay-portal/.gradle/caches/jars-9/c09e87068918b312beb0a0a21fe9398b/proj.jar
7f1879028000-7f1879029000 r--s 00003000 fd:01 473749280                  /home/me/dev/projects/liferay-portal/.gradle/caches/jars-9/9b67727873bdfcfa62ab945e29530185/proj.jar
7f1879029000-7f187902a000 r--s 00001000 fd:01 473749278                  /home/me/dev/projects/liferay-portal/.gradle/caches/jars-9/380f42546b3e9f174bc39435cc49fa30/proj.jar
7f187902a000-7f187902b000 r--s 00003000 fd:01 473749274                  /home/me/dev/projects/liferay-portal/.gradle/caches/jars-9/01c3a2d7f269bf90e7e3712b09642cbc/proj.jar
7f187902b000-7f187902d000 r--s 00001000 fd:01 473749272                  /home/me/dev/projects/liferay-portal/.gradle/caches/jars-9/3deafcaff9d9891820431dafbe1e09dd/proj.jar
7f187902d000-7f187902e000 r--s 00001000 fd:01 473749268                  /home/me/dev/projects/liferay-portal/.gradle/caches/jars-9/544a34be331276bb90774ada1dc454bb/proj.jar
7f187902e000-7f187902f000 r--s 00002000 fd:01 473749266                  /home/me/dev/projects/liferay-portal/.gradle/caches/jars-9/1316c6dc0d13536a40a63f91737c0343/proj.jar
7f187902f000-7f1879030000 r--s 00002000 fd:01 473749263                  /home/me/dev/projects/liferay-portal/.gradle/caches/jars-9/073569d623e7441c0dbd40dde11a8ad0/proj.jar
7f1879030000-7f1879031000 r--s 00001000 fd:01 473749261                  /home/me/dev/projects/liferay-portal/.gradle/caches/jars-9/4aca3f7cdcd26d540c0e3349e9868491/proj.jar
7f1879031000-7f1879032000 r--s 00002000 fd:01 473749259                  /home/me/dev/projects/liferay-portal/.gradle/caches/jars-9/ee20e537416df397df5b943ad2492f06/proj.jar
7f1879032000-7f1879033000 r--s 00001000 fd:01 473749256                  /home/me/dev/projects/liferay-portal/.gradle/caches/jars-9/30e12d6cd5c3db81e59785106f412357/proj.jar
7f1879033000-7f1879034000 r--s 00001000 fd:01 473749254                  /home/me/dev/projects/liferay-portal/.gradle/caches/jars-9/89afe8dbd7df03b5de2bf36102cf39ba/proj.jar
7f1879034000-7f1879035000 r--s 00002000 fd:01 473749252                  /home/me/dev/projects/liferay-portal/.gradle/caches/jars-9/6bb98368b058257356db52a50c497b3f/proj.jar
7f1879035000-7f1879036000 r--s 00002000 fd:01 473749250                  /home/me/dev/projects/liferay-portal/.gradle/caches/jars-9/368e12753c9f2252e1bd73bb89e2f7fc/proj.jar
7f1879036000-7f1879037000 r--s 00002000 fd:01 473749248                  /home/me/dev/projects/liferay-portal/.gradle/caches/jars-9/649dfd8cbf8adbc0c265b43b8a874bb4/proj.jar
7f1879037000-7f1879038000 r--s 00001000 fd:01 473772528                  /home/me/dev/projects/liferay-portal/.gradle/caches/jars-9/8920e0eaacacf12aef9f4e72862e874f/proj.jar
7f1879038000-7f1879039000 r--s 00002000 fd:01 473772526                  /home/me/dev/projects/liferay-portal/.gradle/caches/jars-9/d5629550a48573e7a4bfe2f3a6f65982/proj.jar
7f1879039000-7f187903b000 r--s 00001000 fd:01 473772523                  /home/me/dev/projects/liferay-portal/.gradle/caches/jars-9/292656f668a8730ce3ae7bc46d853067/proj.jar
7f187903b000-7f187903c000 r--s 00002000 fd:01 473772521                  /home/me/dev/projects/liferay-portal/.gradle/caches/jars-9/b3d99e647bfa816b7ad23d899e914d5f/proj.jar
7f187903c000-7f187903d000 r--s 00001000 fd:01 473772519                  /home/me/dev/projects/liferay-portal/.gradle/caches/jars-9/fa4ec98a61e8ab575cffa7120f9b164c/proj.jar
7f187903d000-7f187903e000 r--s 00002000 fd:01 473772517                  /home/me/dev/projects/liferay-portal/.gradle/caches/jars-9/3dba21e2f20e5b5ca55854da2c5a59b6/proj.jar
7f187903e000-7f187903f000 r--s 00001000 fd:01 473772515                  /home/me/dev/projects/liferay-portal/.gradle/caches/jars-9/49c302c34c9b08862c59d54c3606d0c0/proj.jar
7f187903f000-7f1879040000 r--s 00002000 fd:01 473772513                  /home/me/dev/projects/liferay-portal/.gradle/caches/jars-9/f8ea8453cc3fe2ef576b50252dbf8546/proj.jar
7f1879040000-7f1879042000 r--s 00003000 fd:01 473772511                  /home/me/dev/projects/liferay-portal/.gradle/caches/jars-9/64b8fabd07f417fdfdb6aa6bf4edf05c/proj.jar
7f1879042000-7f1879043000 r--s 00002000 fd:01 473772509                  /home/me/dev/projects/liferay-portal/.gradle/caches/jars-9/212eb8c9fb4910dea35e236f9ee04aa3/proj.jar
7f1879043000-7f1879044000 r--s 00001000 fd:01 473772507                  /home/me/dev/projects/liferay-portal/.gradle/caches/jars-9/18aebd53b96e8834199ff98d588a5c00/proj.jar
7f1879044000-7f1879046000 r--s 0001d000 fd:01 473772504                  /home/me/dev/projects/liferay-portal/.gradle/caches/jars-9/ca793fcabed3542c950e6f95d2c8e4ca/proj.jar
7f1879046000-7f1879047000 r--s 00001000 fd:01 473772502                  /home/me/dev/projects/liferay-portal/.gradle/caches/jars-9/b0b95e65a19f4e1aff462dcab7f2c188/proj.jar
7f1879047000-7f1879048000 r--s 00001000 fd:01 473772500                  /home/me/dev/projects/liferay-portal/.gradle/caches/jars-9/a590033aec6e04de3e777c8819997101/proj.jar
7f1879048000-7f1879049000 r--s 00001000 fd:01 473772498                  /home/me/dev/projects/liferay-portal/.gradle/caches/jars-9/b5125a88b07744b3af9189d557d81c1a/proj.jar
7f1879049000-7f187904a000 r--s 00005000 fd:01 473772496                  /home/me/dev/projects/liferay-portal/.gradle/caches/jars-9/2b8bccb102be1eadf842488530b3cff7/proj.jar
7f187904a000-7f187904b000 r--s 00002000 fd:01 473772494                  /home/me/dev/projects/liferay-portal/.gradle/caches/jars-9/fb570d734cf38b7cd2ef9c47c02a5978/proj.jar
7f187904b000-7f187904c000 r--s 00001000 fd:01 479079803                  /home/me/dev/projects/liferay-portal/.gradle/caches/jars-9/e28b2a15ec47a69bbbbd5f7f1b072da0/proj.jar
7f187904c000-7f187904d000 r--s 00001000 fd:01 479079790                  /home/me/dev/projects/liferay-portal/.gradle/caches/jars-9/05f8aaa6dce8e5bc0505ffc202ea144c/proj.jar
7f187904d000-7f187904e000 r--s 00001000 fd:01 479079788                  /home/me/dev/projects/liferay-portal/.gradle/caches/jars-9/3bedc3befe127e178170165e9da9e455/proj.jar
7f187904e000-7f187904f000 r--s 00001000 fd:01 479079786                  /home/me/dev/projects/liferay-portal/.gradle/caches/jars-9/0deb489db76ecc8f4800b629e20511bd/proj.jar
7f187904f000-7f1879051000 r--s 00001000 fd:01 479079784                  /home/me/dev/projects/liferay-portal/.gradle/caches/jars-9/42b80119980f96e192317edbc652106e/proj.jar
7f1879051000-7f1879052000 r--s 00002000 fd:01 479079780                  /home/me/dev/projects/liferay-portal/.gradle/caches/jars-9/2c483baefb949c05102ef20a7b160a5a/proj.jar
7f1879052000-7f1879053000 r--s 00002000 fd:01 479079764                  /home/me/dev/projects/liferay-portal/.gradle/caches/jars-9/f9e4543d1dda0495409036799c481123/proj.jar
7f1879053000-7f1879055000 r--s 00001000 fd:01 479079749                  /home/me/dev/projects/liferay-portal/.gradle/caches/jars-9/2af3a977e2d2fb13e7573114fc7b951d/proj.jar
7f1879055000-7f1879057000 r--s 00001000 fd:01 479088124                  /home/me/dev/projects/liferay-portal/.gradle/caches/jars-9/51027465623e1eb73b0bcbe8a9f2e0ca/proj.jar
7f1879057000-7f1879058000 r--s 00006000 fd:01 479088122                  /home/me/dev/projects/liferay-portal/.gradle/caches/jars-9/2246a0c77fc18f9fdcbab2f07e15e453/proj.jar
7f1879058000-7f1879059000 r--s 00002000 fd:01 479088119                  /home/me/dev/projects/liferay-portal/.gradle/caches/jars-9/190cfe0eeb192f76f899b516fe051acb/proj.jar
7f1879059000-7f187905a000 r--s 00002000 fd:01 479088116                  /home/me/dev/projects/liferay-portal/.gradle/caches/jars-9/0e59760339fb40b6335417a24d6d054e/proj.jar
7f187905a000-7f187905b000 r--s 00002000 fd:01 479088113                  /home/me/dev/projects/liferay-portal/.gradle/caches/jars-9/a590fc2993d8bf040155470f131d7ed4/proj.jar
7f187905b000-7f187905d000 r--s 00001000 fd:01 479088102                  /home/me/dev/projects/liferay-portal/.gradle/caches/jars-9/8b357ca64958c0024c943704c5844b08/proj.jar
7f187905d000-7f187905e000 r--s 00001000 fd:01 479088099                  /home/me/dev/projects/liferay-portal/.gradle/caches/jars-9/6847aee7efa5c9cabd2ea4426963c801/proj.jar
7f187905e000-7f187905f000 r--s 00001000 fd:01 479097226                  /home/me/dev/projects/liferay-portal/.gradle/caches/jars-9/f9c5bbfefdf105132a22ebc76f9e2dca/proj.jar
7f187905f000-7f1879061000 r--s 00009000 fd:01 479097219                  /home/me/dev/projects/liferay-portal/.gradle/caches/jars-9/fcd04d59b3319be0dcd387a4ea929745/proj.jar
7f1879061000-7f1879062000 r--s 00001000 fd:01 479097217                  /home/me/dev/projects/liferay-portal/.gradle/caches/jars-9/c408b005bd98953e8dc4dd1c96e8a0fd/proj.jar
7f1879062000-7f1879063000 r--s 00002000 fd:01 479136764                  /home/me/dev/projects/liferay-portal/.gradle/caches/jars-9/aa9d598b4966599f32af08a6d79004d8/proj.jar
7f1879063000-7f1879064000 r--s 00001000 fd:01 479136762                  /home/me/dev/projects/liferay-portal/.gradle/caches/jars-9/c88351a1f9c727ec93041154c81809d2/proj.jar
7f1879064000-7f1879065000 r--s 00002000 fd:01 479136760                  /home/me/dev/projects/liferay-portal/.gradle/caches/jars-9/bb085b74af42c5afdc465b8f8b49709f/proj.jar
7f1879065000-7f1879066000 r--s 00000000 fd:01 479136758                  /home/me/dev/projects/liferay-portal/.gradle/caches/jars-9/5ef05a4843a0a74dc4a14dd11cdc531c/proj.jar
7f1879066000-7f1879067000 r--s 00002000 fd:01 479136755                  /home/me/dev/projects/liferay-portal/.gradle/caches/jars-9/d0655ad730d3906cc46574a34b1e2cca/proj.jar
7f1879067000-7f1879068000 r--s 00008000 fd:01 479136753                  /home/me/dev/projects/liferay-portal/.gradle/caches/jars-9/814c092f7e3e3716c3fc20c2c34aac2c/proj.jar
7f1879068000-7f1879069000 r--s 00001000 fd:01 479136750                  /home/me/dev/projects/liferay-portal/.gradle/caches/jars-9/4ebad59163e9ce050dc4ff8083ecbb60/proj.jar
7f1879069000-7f187906a000 r--s 00005000 fd:01 479136748                  /home/me/dev/projects/liferay-portal/.gradle/caches/jars-9/b42a5c7eb9e7fca4dda5965a542dc904/proj.jar
7f187906a000-7f187906b000 r--s 0000b000 fd:01 479136709                  /home/me/dev/projects/liferay-portal/.gradle/caches/jars-9/db3eb175173d96ac293df5c6c6e5e066/proj.jar
7f187906b000-7f187906c000 r--s 00001000 fd:01 479136704                  /home/me/dev/projects/liferay-portal/.gradle/caches/jars-9/64dfb5cc5cb837c3abd06b6561e5d450/proj.jar
7f187906c000-7f187906e000 r--s 00006000 fd:01 479136789                  /home/me/dev/projects/liferay-portal/.gradle/caches/jars-9/9f5abb8d150a9e91360461c0d0128c24/proj.jar
7f187906e000-7f187906f000 r--s 00001000 fd:01 479136787                  /home/me/dev/projects/liferay-portal/.gradle/caches/jars-9/f2cbc091d6533134611cb9a69af55559/proj.jar
7f187906f000-7f1879070000 r--s 00001000 fd:01 479136784                  /home/me/dev/projects/liferay-portal/.gradle/caches/jars-9/894deedb37379a1ea1af183ab3188088/proj.jar
7f1879070000-7f1879071000 r--s 00001000 fd:01 479136782                  /home/me/dev/projects/liferay-portal/.gradle/caches/jars-9/0ce884b3e238a2a41e8b5dee559ac7f0/proj.jar
7f1879071000-7f1879072000 r--s 00001000 fd:01 479136780                  /home/me/dev/projects/liferay-portal/.gradle/caches/jars-9/190205fe07a6dca7d73c3af27d1bce7c/proj.jar
7f1879072000-7f1879074000 r--s 00001000 fd:01 479140260                  /home/me/dev/projects/liferay-portal/.gradle/caches/jars-9/9ddc311f94d816f5fa058832af1c6d16/proj.jar
7f1879074000-7f1879076000 r--s 0000b000 fd:01 479140253                  /home/me/dev/projects/liferay-portal/.gradle/caches/jars-9/cc4892f634405591c997dc262d5e0d12/proj.jar
7f1879076000-7f1879077000 r--s 00001000 fd:01 479140244                  /home/me/dev/projects/liferay-portal/.gradle/caches/jars-9/d0cbb64b440348233e7550af54f8e6ef/proj.jar
7f1879077000-7f1879078000 r--s 00003000 fd:01 479140242                  /home/me/dev/projects/liferay-portal/.gradle/caches/jars-9/d6dac8dcd29c6659cc5b7344684be442/proj.jar
7f1879078000-7f1879079000 r--s 00002000 fd:01 479140229                  /home/me/dev/projects/liferay-portal/.gradle/caches/jars-9/0951a64b14ba72db2d8d0b03c99652cb/proj.jar
7f1879079000-7f187907b000 r--s 00001000 fd:01 479140227                  /home/me/dev/projects/liferay-portal/.gradle/caches/jars-9/0e0ce4ada8ace4ea9944e087341fbd78/proj.jar
7f187907b000-7f187907d000 r--s 0000a000 fd:01 479142014                  /home/me/dev/projects/liferay-portal/.gradle/caches/jars-9/49389b7150b6a297c50f8aa21c8fd3da/proj.jar
7f187907d000-7f187907e000 r--s 00001000 fd:01 479142011                  /home/me/dev/projects/liferay-portal/.gradle/caches/jars-9/6ca50698c38f45e79f71ac27107a9be2/proj.jar
7f187907e000-7f187907f000 r--s 00007000 fd:01 479142009                  /home/me/dev/projects/liferay-portal/.gradle/caches/jars-9/1ea425ef5ebd80e06498f6aec3565f21/proj.jar
7f187907f000-7f1879080000 r--s 00002000 fd:01 479142007                  /home/me/dev/projects/liferay-portal/.gradle/caches/jars-9/36655570f43b1d6982223d9a4ca86767/proj.jar
7f1879080000-7f1879081000 r--s 00002000 fd:01 479142005                  /home/me/dev/projects/liferay-portal/.gradle/caches/jars-9/8178d7d1ab7f876eaa92669dc98c253e/proj.jar
7f1879081000-7f1879082000 r--s 00001000 fd:01 479141956                  /home/me/dev/projects/liferay-portal/.gradle/caches/jars-9/a0651a904378b1f8ca05c668e3fac419/proj.jar
7f1879082000-7f1879083000 r--s 00002000 fd:01 479142334                  /home/me/dev/projects/liferay-portal/.gradle/caches/jars-9/aa1d03ab2931504a3737c8f5023f229a/proj.jar
7f1879083000-7f1879084000 r--s 00002000 fd:01 479142331                  /home/me/dev/projects/liferay-portal/.gradle/caches/jars-9/2fad04c38083109b7f3174db2e8a3644/proj.jar
7f1879084000-7f1879085000 r--s 00001000 fd:01 479142329                  /home/me/dev/projects/liferay-portal/.gradle/caches/jars-9/925bdb6369152c1fd69572406967c6b8/proj.jar
7f1879085000-7f1879086000 r--s 00002000 fd:01 479142327                  /home/me/dev/projects/liferay-portal/.gradle/caches/jars-9/ff215d0e9dc15be8b5f80e05648c3292/proj.jar
7f1879086000-7f1879087000 r--s 0000c000 fd:01 479142325                  /home/me/dev/projects/liferay-portal/.gradle/caches/jars-9/23099c8c6fb34da2a5b4b26609ae641d/proj.jar
7f1879087000-7f1879088000 r--s 00002000 fd:01 479142323                  /home/me/dev/projects/liferay-portal/.gradle/caches/jars-9/87a5f2d2bb174fa397b9e63b03f4ab4f/proj.jar
7f1879088000-7f1879089000 r--s 00002000 fd:01 479142321                  /home/me/dev/projects/liferay-portal/.gradle/caches/jars-9/5d6aa45d509202d011a46fd819098431/proj.jar
7f1879089000-7f187908b000 r--s 00002000 fd:01 479142319                  /home/me/dev/projects/liferay-portal/.gradle/caches/jars-9/fe2d9e08a03e20d6d8dcae813ec6a80b/proj.jar
7f187908b000-7f187908c000 r--s 00002000 fd:01 479142317                  /home/me/dev/projects/liferay-portal/.gradle/caches/jars-9/6f77fad2770ca0671fb93bdf0c41d6e0/proj.jar
7f187908c000-7f187908d000 r--s 00003000 fd:01 479142315                  /home/me/dev/projects/liferay-portal/.gradle/caches/jars-9/a660eb033d9c4c96faa98ec500c199c7/proj.jar
7f187908d000-7f187908f000 r--s 00001000 fd:01 479142313                  /home/me/dev/projects/liferay-portal/.gradle/caches/jars-9/fc3af0e9b6f9a63a5de58b51d19e1eb8/proj.jar
7f187908f000-7f1879090000 r--s 00002000 fd:01 479142311                  /home/me/dev/projects/liferay-portal/.gradle/caches/jars-9/2817b7b4411096cc9ce443c6e436ee95/proj.jar
7f1879090000-7f1879091000 r--s 00002000 fd:01 479142309                  /home/me/dev/projects/liferay-portal/.gradle/caches/jars-9/a0dfa2ad6efa987acf56f024c7471554/proj.jar
7f1879091000-7f1879092000 r--s 00003000 fd:01 479142307                  /home/me/dev/projects/liferay-portal/.gradle/caches/jars-9/6011178227415322366d5d11adb16a3b/proj.jar
7f1879092000-7f1879093000 r--s 00005000 fd:01 479142275                  /home/me/dev/projects/liferay-portal/.gradle/caches/jars-9/ca9b30acea25ff3625e7b4255cf531e3/proj.jar
7f1879093000-7f1879094000 r--s 00002000 fd:01 479142272                  /home/me/dev/projects/liferay-portal/.gradle/caches/jars-9/9d9d6140f31e264dd9955a74798ece5f/proj.jar
7f1879094000-7f1879095000 r--s 00002000 fd:01 479142353                  /home/me/dev/projects/liferay-portal/.gradle/caches/jars-9/d5b7dd0f0c4ef24d20c71c2bf85e3c98/proj.jar
7f1879095000-7f1879096000 r--s 00002000 fd:01 479142351                  /home/me/dev/projects/liferay-portal/.gradle/caches/jars-9/e504a2061c1f55e1fb961f7c56b41938/proj.jar
7f1879096000-7f1879097000 r--s 00002000 fd:01 479142349                  /home/me/dev/projects/liferay-portal/.gradle/caches/jars-9/0ad42b4c5c1e522f2de6230703643fad/proj.jar
7f1879097000-7f1879098000 r--s 00001000 fd:01 479142347                  /home/me/dev/projects/liferay-portal/.gradle/caches/jars-9/a3dce424ed7a0467dcc78f19489fecef/proj.jar
7f1879098000-7f1879099000 r--s 00002000 fd:01 471026221                  /home/me/dev/projects/liferay-portal/.gradle/caches/jars-9/904fc7c66e462973c45117985d036577/proj.jar
7f1879099000-7f187909a000 r--s 00002000 fd:01 479142343                  /home/me/dev/projects/liferay-portal/.gradle/caches/jars-9/69335227440bd75c9986bf10b4dc45bd/proj.jar
7f187909a000-7f187909b000 r--s 00001000 fd:01 479142341                  /home/me/dev/projects/liferay-portal/.gradle/caches/jars-9/1052148027b1fe04f25ba308d9276917/proj.jar
7f187909b000-7f187909c000 r--s 00002000 fd:01 479142339                  /home/me/dev/projects/liferay-portal/.gradle/caches/jars-9/87f1cfaa526c4ca599198ef0f88f63d5/proj.jar
7f187909c000-7f187909e000 r--s 00001000 fd:01 479142337                  /home/me/dev/projects/liferay-portal/.gradle/caches/jars-9/68e7d2a1dc9e421ac9bf3c1e0c882ffc/proj.jar
7f187909e000-7f187909f000 r--s 00001000 fd:01 479182399                  /home/me/dev/projects/liferay-portal/.gradle/caches/jars-9/931e542ed110910eaf65f35051211553/proj.jar
7f187909f000-7f18790a1000 r--s 00001000 fd:01 479182397                  /home/me/dev/projects/liferay-portal/.gradle/caches/jars-9/bd91b26f103c5517c1a552cfd482abac/proj.jar
7f18790a1000-7f18790a3000 r--s 00001000 fd:01 479182395                  /home/me/dev/projects/liferay-portal/.gradle/caches/jars-9/3c7b5b5ce20acb4a3a1fc1c2ae0a12f9/proj.jar
7f18790a3000-7f18790a4000 r--s 00001000 fd:01 479182393                  /home/me/dev/projects/liferay-portal/.gradle/caches/jars-9/504f6393471591ec4fc022379478b708/proj.jar
7f18790a4000-7f18790a5000 r--s 00002000 fd:01 484924872                  /home/me/dev/projects/liferay-portal/.gradle/caches/jars-9/b700d04a32d0594449f3e750049e49e8/proj.jar
7f18790a5000-7f18790a6000 r--s 00002000 fd:01 479182373                  /home/me/dev/projects/liferay-portal/.gradle/caches/jars-9/44b9c7da8899f1651621c15229e96913/proj.jar
7f18790a6000-7f18790a7000 r--s 00002000 fd:01 479186519                  /home/me/dev/projects/liferay-portal/.gradle/caches/jars-9/98fac43063d52374f5925c422734b2d6/proj.jar
7f18790a7000-7f18790a8000 r--s 00003000 fd:01 479213846                  /home/me/dev/projects/liferay-portal/.gradle/caches/jars-9/0719c8e926a2f5b8601fc7bfcb332c57/proj.jar
7f18790a8000-7f18790a9000 r--s 00001000 fd:01 479213838                  /home/me/dev/projects/liferay-portal/.gradle/caches/jars-9/9850635b809a40ca45dd338d09df3823/proj.jar
7f18790a9000-7f18790aa000 r--s 00002000 fd:01 479226023                  /home/me/dev/projects/liferay-portal/.gradle/caches/jars-9/002da351f765c5bd08fc1c83d1966651/proj.jar
7f18790aa000-7f18790ab000 r--s 00003000 fd:01 479226020                  /home/me/dev/projects/liferay-portal/.gradle/caches/jars-9/9d23cace28a93cd2f7c5ed13ee851179/proj.jar
7f18790ab000-7f18790ac000 r--s 00003000 fd:01 479271538                  /home/me/dev/projects/liferay-portal/.gradle/caches/jars-9/e4c694c01f013bd71904171707d57edc/proj.jar
7f18790ac000-7f18790ad000 r--s 00001000 fd:01 479271536                  /home/me/dev/projects/liferay-portal/.gradle/caches/jars-9/805b89662d5e046453bd3135790e0c7b/proj.jar
7f18790ad000-7f18790ae000 r--s 00002000 fd:01 479271534                  /home/me/dev/projects/liferay-portal/.gradle/caches/jars-9/f6ae7b6083094fa8353961f127d7dce2/proj.jar
7f18790ae000-7f18790af000 r--s 00003000 fd:01 479271532                  /home/me/dev/projects/liferay-portal/.gradle/caches/jars-9/76a0f95593134de49105dffcb3cfbedf/proj.jar
7f18790af000-7f18790b0000 r--s 00002000 fd:01 479271530                  /home/me/dev/projects/liferay-portal/.gradle/caches/jars-9/ea66689409e98da3638c90b2e20d6b44/proj.jar
7f18790b0000-7f18790b1000 r--s 00002000 fd:01 479271528                  /home/me/dev/projects/liferay-portal/.gradle/caches/jars-9/f1e621f582b110ba900a43a7adb1f5ec/proj.jar
7f18790b1000-7f18790b2000 r--s 00001000 fd:01 479271510                  /home/me/dev/projects/liferay-portal/.gradle/caches/jars-9/2bc1652f141d7ce91639bd9ae45db237/proj.jar
7f18790b2000-7f18790b3000 r--s 00001000 fd:01 479273982                  /home/me/dev/projects/liferay-portal/.gradle/caches/jars-9/00fc4d8a618fa60e80ba63510fdde47a/proj.jar
7f18790b3000-7f18790b4000 r--s 00001000 fd:01 479273978                  /home/me/dev/projects/liferay-portal/.gradle/caches/jars-9/476a8a7973569c85e8b942e51089a256/proj.jar
7f18790b4000-7f18790b5000 r--s 00002000 fd:01 479273957                  /home/me/dev/projects/liferay-portal/.gradle/caches/jars-9/75b02ad071bbd0cf7e2e164c3fe87a40/proj.jar
7f18790b5000-7f18790b6000 r--s 00003000 fd:01 479273955                  /home/me/dev/projects/liferay-portal/.gradle/caches/jars-9/8bc4f9b1b4bb58929fff8bb08a334eae/proj.jar
7f18790b6000-7f18790b7000 r--s 00002000 fd:01 479273953                  /home/me/dev/projects/liferay-portal/.gradle/caches/jars-9/4a780129818d6a9c05cfa0c4fb1d0685/proj.jar
7f18790b7000-7f18790b8000 r--s 00002000 fd:01 479273951                  /home/me/dev/projects/liferay-portal/.gradle/caches/jars-9/2ce7af93547f18c1df923f905808d28b/proj.jar
7f18790b8000-7f18790b9000 r--s 00001000 fd:01 479273942                  /home/me/dev/projects/liferay-portal/.gradle/caches/jars-9/4aad8ed8ad1ba78f96d8d86dd078150b/proj.jar
7f18790b9000-7f18790ba000 r--s 00001000 fd:01 479273939                  /home/me/dev/projects/liferay-portal/.gradle/caches/jars-9/9f8f509b4c286fcf8bd0e474478b8b6f/proj.jar
7f18790ba000-7f18790bb000 r--s 00001000 fd:01 479273920                  /home/me/dev/projects/liferay-portal/.gradle/caches/jars-9/166d7813a5c9edb04907cebdc44c57bd/proj.jar
7f18790bb000-7f18790bc000 r--s 00002000 fd:01 479274654                  /home/me/dev/projects/liferay-portal/.gradle/caches/jars-9/d178914c39fc9f609923c9786065017a/proj.jar
7f18790bc000-7f18790be000 r--s 00001000 fd:01 479278654                  /home/me/dev/projects/liferay-portal/.gradle/caches/jars-9/ba2d1d887f0e3b6d758a651acf31c2f0/proj.jar
7f18790be000-7f18790c0000 r--s 00001000 fd:01 479278652                  /home/me/dev/projects/liferay-portal/.gradle/caches/jars-9/86256a81cf9476f54f95eef02b5bef19/proj.jar
7f18790c0000-7f18790c1000 r--s 00003000 fd:01 479278650                  /home/me/dev/projects/liferay-portal/.gradle/caches/jars-9/db4958c066f0380c3f3855ef5cb56197/proj.jar
7f18790c1000-7f18790c2000 r--s 00003000 fd:01 479278648                  /home/me/dev/projects/liferay-portal/.gradle/caches/jars-9/9a35c3260f14fd3579668a8f2c651275/proj.jar
7f18790c2000-7f18790c3000 r--s 00001000 fd:01 479278646                  /home/me/dev/projects/liferay-portal/.gradle/caches/jars-9/c10344428ef3f87ad9f2bb9ad6c2fe5c/proj.jar
7f18790c3000-7f18790c4000 r--s 00004000 fd:01 479278644                  /home/me/dev/projects/liferay-portal/.gradle/caches/jars-9/7d87924a26ebbe50ab298188ec815701/proj.jar
7f18790c4000-7f18790c5000 r--s 00002000 fd:01 479278641                  /home/me/dev/projects/liferay-portal/.gradle/caches/jars-9/a7243e0e3409ae457b5e2fdb434e00bb/proj.jar
7f18790c5000-7f18790c6000 r--s 00001000 fd:01 479278638                  /home/me/dev/projects/liferay-portal/.gradle/caches/jars-9/2b2a989752655104782bb441f4850347/proj.jar
7f18790c6000-7f18790c7000 r--s 00004000 fd:01 479278636                  /home/me/dev/projects/liferay-portal/.gradle/caches/jars-9/587f1e98a92d972ff1a2277b01c2cd7e/proj.jar
7f18790c7000-7f18790c8000 r--s 0000d000 fd:01 479278634                  /home/me/dev/projects/liferay-portal/.gradle/caches/jars-9/ad42298147aae92defdf4e73b8fbb1dc/proj.jar
7f18790c8000-7f18790c9000 r--s 00002000 fd:01 479278632                  /home/me/dev/projects/liferay-portal/.gradle/caches/jars-9/ee4224e7bfbff874fe56fc830bd9b062/proj.jar
7f18790c9000-7f18790ca000 r--s 00003000 fd:01 479278630                  /home/me/dev/projects/liferay-portal/.gradle/caches/jars-9/f0e8dd329eb45906dab4d9f5fca9b16f/proj.jar
7f18790ca000-7f18790cb000 r--s 00002000 fd:01 479278628                  /home/me/dev/projects/liferay-portal/.gradle/caches/jars-9/30153ec6a5b62002c2cf059b801acda0/proj.jar
7f18790cb000-7f18790cc000 r--s 00001000 fd:01 479278626                  /home/me/dev/projects/liferay-portal/.gradle/caches/jars-9/44fb53d30d5174fdb1c5f044366fb95f/proj.jar
7f18790cc000-7f18790cd000 r--s 00003000 fd:01 479278624                  /home/me/dev/projects/liferay-portal/.gradle/caches/jars-9/5f62ff40bc574baafbe74fd2433d554d/proj.jar
7f18790cd000-7f18790ce000 r--s 00002000 fd:01 479278622                  /home/me/dev/projects/liferay-portal/.gradle/caches/jars-9/74daecaae2b3ab299ab91468074187dc/proj.jar
7f18790ce000-7f18790cf000 r--s 00002000 fd:01 479278620                  /home/me/dev/projects/liferay-portal/.gradle/caches/jars-9/26d34abd908f261c76f79399c5f5915a/proj.jar
7f18790cf000-7f18790d0000 r--s 00002000 fd:01 479278618                  /home/me/dev/projects/liferay-portal/.gradle/caches/jars-9/14018c647bbc6778995abbf5a182cc50/proj.jar
7f18790d0000-7f18790d1000 r--s 0000e000 fd:01 479278616                  /home/me/dev/projects/liferay-portal/.gradle/caches/jars-9/cce231029a99b8c83045ad04379c0619/proj.jar
7f18790d1000-7f18790d2000 r--s 00002000 fd:01 479285510                  /home/me/dev/projects/liferay-portal/.gradle/caches/jars-9/24aa420ac708c571c25d21950325913f/proj.jar
7f18790d2000-7f18790d4000 r--s 00001000 fd:01 479285508                  /home/me/dev/projects/liferay-portal/.gradle/caches/jars-9/4faf9c697d33b532f6a4c1daf7a5319f/proj.jar
7f18790d4000-7f18790d5000 r--s 00002000 fd:01 479290330                  /home/me/dev/projects/liferay-portal/.gradle/caches/jars-9/7fac5ecd9571f681ebb4aee4e56990c5/proj.jar
7f18790d5000-7f18790d6000 r--s 00002000 fd:01 479344446                  /home/me/dev/projects/liferay-portal/.gradle/caches/jars-9/573a58ed0df6812cc21e524013cf4451/proj.jar
7f18790d6000-7f18790d7000 r--s 00002000 fd:01 479344444                  /home/me/dev/projects/liferay-portal/.gradle/caches/jars-9/ff333866afb63a7d0e7b2eb5934c49af/proj.jar
7f18790d7000-7f18790d8000 r--s 00001000 fd:01 479344442                  /home/me/dev/projects/liferay-portal/.gradle/caches/jars-9/0f4ce3a17cc8a1122ea134494e0e42b9/proj.jar
7f18790d8000-7f18790d9000 r--s 00004000 fd:01 479344439                  /home/me/dev/projects/liferay-portal/.gradle/caches/jars-9/7b955fe88f0b12461411830f2c6c4a6f/proj.jar
7f18790d9000-7f18790da000 r--s 00002000 fd:01 479344435                  /home/me/dev/projects/liferay-portal/.gradle/caches/jars-9/18112f912899553ea197304533ab080d/proj.jar
7f18790da000-7f18790db000 r--s 00001000 fd:01 479344433                  /home/me/dev/projects/liferay-portal/.gradle/caches/jars-9/3efdd5ff0bca0a3bc50c02633a3f20e4/proj.jar
7f18790db000-7f18790dc000 r--s 00003000 fd:01 479344431                  /home/me/dev/projects/liferay-portal/.gradle/caches/jars-9/ac8c3f1f38e79e809551ad701332057c/proj.jar
7f18790dc000-7f18790dd000 r--s 00002000 fd:01 479344429                  /home/me/dev/projects/liferay-portal/.gradle/caches/jars-9/00083ea5106bd90b0a0e77d7292e445d/proj.jar
7f18790dd000-7f18790de000 r--s 00001000 fd:01 479344426                  /home/me/dev/projects/liferay-portal/.gradle/caches/jars-9/c613114a933f8397bae1ff6716b3a233/proj.jar
7f18790de000-7f18790df000 r--s 00002000 fd:01 479344424                  /home/me/dev/projects/liferay-portal/.gradle/caches/jars-9/093d00b2f833f557a019d6a0fb406f1e/proj.jar
7f18790df000-7f18790e0000 r--s 00003000 fd:01 479344421                  /home/me/dev/projects/liferay-portal/.gradle/caches/jars-9/16dea2033a0aa85e795b3d892b423870/proj.jar
7f18790e0000-7f18790e1000 r--s 00002000 fd:01 479344419                  /home/me/dev/projects/liferay-portal/.gradle/caches/jars-9/723c02a6d7def45385cf43dfaeed5d3a/proj.jar
7f18790e1000-7f18790e2000 r--s 00001000 fd:01 479344417                  /home/me/dev/projects/liferay-portal/.gradle/caches/jars-9/6e601c1f5d427a85ebeee07e40a31fa5/proj.jar
7f18790e2000-7f18790e3000 r--s 00003000 fd:01 479344411                  /home/me/dev/projects/liferay-portal/.gradle/caches/jars-9/11092e7a7f5c7d134b8a53aeedba752f/proj.jar
7f18790e3000-7f18790e4000 r--s 00002000 fd:01 479344409                  /home/me/dev/projects/liferay-portal/.gradle/caches/jars-9/7df71356d7885804164600e1c33b7503/proj.jar
7f18790e4000-7f18790e5000 r--s 00003000 fd:01 479344406                  /home/me/dev/projects/liferay-portal/.gradle/caches/jars-9/2022f2ce1a263c69147a90b5a8bed7ee/proj.jar
7f18790e5000-7f18790e6000 r--s 00001000 fd:01 479344404                  /home/me/dev/projects/liferay-portal/.gradle/caches/jars-9/85c307b41acfc8c5b951a8170db3f3f0/proj.jar
7f18790e6000-7f18790e7000 r--s 00004000 fd:01 485808089                  /home/me/dev/projects/liferay-portal/.gradle/caches/jars-9/bd9fbc38751a12d2062f2418d19443db/proj.jar
7f18790e7000-7f18790e8000 r--s 00001000 fd:01 479344400                  /home/me/dev/projects/liferay-portal/.gradle/caches/jars-9/0ef0b330b1fc0d739076318519a02887/proj.jar
7f18790e8000-7f18790e9000 r--s 00001000 fd:01 479344397                  /home/me/dev/projects/liferay-portal/.gradle/caches/jars-9/1902308bed669a5bc68d95311ae6f259/proj.jar
7f18790e9000-7f18790ea000 r--s 00001000 fd:01 479344391                  /home/me/dev/projects/liferay-portal/.gradle/caches/jars-9/15f333e1ce8a46fe6024e08831c61776/proj.jar
7f18790ea000-7f18790eb000 r--s 00001000 fd:01 479344388                  /home/me/dev/projects/liferay-portal/.gradle/caches/jars-9/46e171ef6446d54c51d05087c8847795/proj.jar
7f18790eb000-7f18790ec000 r--s 00002000 fd:01 479344386                  /home/me/dev/projects/liferay-portal/.gradle/caches/jars-9/b9ea2beb5fe6407f0c11b4f2ecc6688e/proj.jar
7f18790ec000-7f18790ed000 r--s 00002000 fd:01 479344384                  /home/me/dev/projects/liferay-portal/.gradle/caches/jars-9/df9859e7169f997b6f0df65e94adb6e2/proj.jar
7f18790ed000-7f18790ee000 r--s 00001000 fd:01 479429273                  /home/me/dev/projects/liferay-portal/.gradle/caches/jars-9/47639fab7dfdf24957288ee9aa954582/proj.jar
7f18790ee000-7f18790f0000 r--s 00001000 fd:01 479429268                  /home/me/dev/projects/liferay-portal/.gradle/caches/jars-9/92a02ae3a76cccf3bb32fc972a0912f4/proj.jar
7f18790f0000-7f18790f1000 r--s 00002000 fd:01 479429265                  /home/me/dev/projects/liferay-portal/.gradle/caches/jars-9/63249b8b7527f8486452c1387be6989c/proj.jar
7f18790f1000-7f18790f2000 r--s 00002000 fd:01 479429261                  /home/me/dev/projects/liferay-portal/.gradle/caches/jars-9/80beae0f175e7735abf60a59d922b276/proj.jar
7f18790f2000-7f18790f3000 r--s 00002000 fd:01 479429589                  /home/me/dev/projects/liferay-portal/.gradle/caches/jars-9/8695b3af6ed7140079d133abc1f6f838/proj.jar
7f18790f3000-7f18790f4000 r--s 00001000 fd:01 479454950                  /home/me/dev/projects/liferay-portal/.gradle/caches/jars-9/487a8d0cc67d38f4c46f7d9cede03025/proj.jar
7f18790f4000-7f18790f5000 r--s 00002000 fd:01 479454948                  /home/me/dev/projects/liferay-portal/.gradle/caches/jars-9/11699cc5f9cb33be1c829157e9c43db1/proj.jar
7f18790f5000-7f18790f6000 r--s 00001000 fd:01 479454946                  /home/me/dev/projects/liferay-portal/.gradle/caches/jars-9/f3cc92b42701950e9508c21031dd5e9f/proj.jar
7f18790f6000-7f18790f7000 r--s 00002000 fd:01 479454944                  /home/me/dev/projects/liferay-portal/.gradle/caches/jars-9/3eda4b6553b6cb48dfcec4a0c064b019/proj.jar
7f18790f7000-7f18790f8000 r--s 00002000 fd:01 479454942                  /home/me/dev/projects/liferay-portal/.gradle/caches/jars-9/21bef787710094c3f04066292bca38be/proj.jar
7f18790f8000-7f18790f9000 r--s 00001000 fd:01 479454940                  /home/me/dev/projects/liferay-portal/.gradle/caches/jars-9/6bfc243f80efb9290548a4204eaef294/proj.jar
7f18790f9000-7f18790fa000 r--s 00001000 fd:01 479454938                  /home/me/dev/projects/liferay-portal/.gradle/caches/jars-9/6ecb959fa5ffc2e11aefba32ade057d6/proj.jar
7f18790fa000-7f18790fb000 r--s 00002000 fd:01 479454935                  /home/me/dev/projects/liferay-portal/.gradle/caches/jars-9/d0c345dc882c5366cf4ddbbf9f180f68/proj.jar
7f18790fb000-7f18790fc000 r--s 00003000 fd:01 479454933                  /home/me/dev/projects/liferay-portal/.gradle/caches/jars-9/5b00bdbdf4510382c307e61537f26848/proj.jar
7f18790fc000-7f18790fd000 r--s 00001000 fd:01 479454931                  /home/me/dev/projects/liferay-portal/.gradle/caches/jars-9/801de21838179c3c62e314d34f1c41cd/proj.jar
7f18790fd000-7f18790fe000 r--s 00002000 fd:01 479454928                  /home/me/dev/projects/liferay-portal/.gradle/caches/jars-9/a234c1eb43b6f88594dc6d32450cb9cc/proj.jar
7f18790fe000-7f1879100000 r--s 00001000 fd:01 479463230                  /home/me/dev/projects/liferay-portal/.gradle/caches/jars-9/10053e9d518ea0fe11e9f9b90f892579/proj.jar
7f1879100000-7f1879103000 ---p 00000000 00:00 0 
7f1879103000-7f1879200000 rw-p 00000000 00:00 0 
7f1879200000-7f1879203000 ---p 00000000 00:00 0 
7f1879203000-7f1879300000 rw-p 00000000 00:00 0 
7f1879300000-7f1879303000 ---p 00000000 00:00 0 
7f1879303000-7f1879400000 rw-p 00000000 00:00 0 
7f1879400000-7f18795c0000 rw-p 00000000 00:00 0 
7f18795c0000-7f18797c0000 rw-p 00000000 00:00 0 
7f18797c0000-7f1879a00000 rw-p 00000000 00:00 0 
7f1879a00000-7f1879a01000 r--s 00002000 fd:01 479463228                  /home/me/dev/projects/liferay-portal/.gradle/caches/jars-9/11d291061c35e9d3baca308c2569ca9f/proj.jar
7f1879a01000-7f1879a02000 r--s 00002000 fd:01 479468645                  /home/me/dev/projects/liferay-portal/.gradle/caches/jars-9/3216092225a33814e756abd32769d45c/proj.jar
7f1879a02000-7f1879a03000 r--s 00001000 fd:01 479468643                  /home/me/dev/projects/liferay-portal/.gradle/caches/jars-9/078e1f9375f07a51be330c22d138d425/proj.jar
7f1879a03000-7f1879a04000 r--s 00002000 fd:01 479468641                  /home/me/dev/projects/liferay-portal/.gradle/caches/jars-9/6aa9b825e57a0157ac565dea54843ba2/proj.jar
7f1879a04000-7f1879a05000 r--s 00002000 fd:01 479468639                  /home/me/dev/projects/liferay-portal/.gradle/caches/jars-9/b3a0734747add021bec75e36eea0c549/proj.jar
7f1879a05000-7f1879a06000 r--s 00001000 fd:01 479468637                  /home/me/dev/projects/liferay-portal/.gradle/caches/jars-9/ca8a448b950b728b72975f768117ed60/proj.jar
7f1879a06000-7f1879a07000 r--s 00003000 fd:01 479468635                  /home/me/dev/projects/liferay-portal/.gradle/caches/jars-9/905f385e264a462de7b0c3660e2b325b/proj.jar
7f1879a07000-7f1879a08000 r--s 00002000 fd:01 479468633                  /home/me/dev/projects/liferay-portal/.gradle/caches/jars-9/003c53969b95f125a328142fbca75aed/proj.jar
7f1879a08000-7f1879a09000 r--s 00001000 fd:01 479468631                  /home/me/dev/projects/liferay-portal/.gradle/caches/jars-9/55c79a1f05610902399fd0c8e0aa771c/proj.jar
7f1879a09000-7f1879a0a000 r--s 00002000 fd:01 479468629                  /home/me/dev/projects/liferay-portal/.gradle/caches/jars-9/9c76ebadee7eb0aec357cedcc2da6080/proj.jar
7f1879a0a000-7f1879a0b000 r--s 00001000 fd:01 479468627                  /home/me/dev/projects/liferay-portal/.gradle/caches/jars-9/b1b8a2760f8808bece7242e6fb3bdd0d/proj.jar
7f1879a0b000-7f1879a0c000 r--s 00002000 fd:01 479468625                  /home/me/dev/projects/liferay-portal/.gradle/caches/jars-9/72c281ffb2adc5fb3279590ff0325292/proj.jar
7f1879a0c000-7f1879a0d000 r--s 00002000 fd:01 479468623                  /home/me/dev/projects/liferay-portal/.gradle/caches/jars-9/c20413d362422015404195e9f258bd05/proj.jar
7f1879a0d000-7f1879a0e000 r--s 00002000 fd:01 479468621                  /home/me/dev/projects/liferay-portal/.gradle/caches/jars-9/12c619cdf4b7487bba9a6dd7fc1b8792/proj.jar
7f1879a0e000-7f1879a0f000 r--s 00001000 fd:01 479468618                  /home/me/dev/projects/liferay-portal/.gradle/caches/jars-9/3ca2a3924ba3be7b612e663e41bba5c4/proj.jar
7f1879a0f000-7f1879a10000 r--s 00001000 fd:01 479470293                  /home/me/dev/projects/liferay-portal/.gradle/caches/jars-9/e8352e379a75c24dcfff3f1a864187a7/proj.jar
7f1879a10000-7f1879a12000 r--s 00001000 fd:01 479470291                  /home/me/dev/projects/liferay-portal/.gradle/caches/jars-9/6ca31590bda0b165c02c3622c759ca1a/proj.jar
7f1879a12000-7f1879a13000 r--s 00001000 fd:01 479470281                  /home/me/dev/projects/liferay-portal/.gradle/caches/jars-9/03a3544ddedc7ef6253a567b8b1c087f/proj.jar
7f1879a13000-7f1879a14000 r--s 00002000 fd:01 479470760                  /home/me/dev/projects/liferay-portal/.gradle/caches/jars-9/3d247cf03760eca6d52f6a3e9052b351/proj.jar
7f1879a14000-7f1879a15000 r--s 00003000 fd:01 479470758                  /home/me/dev/projects/liferay-portal/.gradle/caches/jars-9/604fbf051735d70f82c0d81f141561cd/proj.jar
7f1879a15000-7f1879a16000 r--s 00001000 fd:01 479470756                  /home/me/dev/projects/liferay-portal/.gradle/caches/jars-9/6fd8cfc3c0706dd1f16df7547140cc18/proj.jar
7f1879a16000-7f1879a17000 r--s 00004000 fd:01 479470754                  /home/me/dev/projects/liferay-portal/.gradle/caches/jars-9/a324f183c32a6232dd076a78b2e8440d/proj.jar
7f1879a17000-7f1879a18000 r--s 00003000 fd:01 479470752                  /home/me/dev/projects/liferay-portal/.gradle/caches/jars-9/7e5dd1612b61f047858c16ed8edf0931/proj.jar
7f1879a18000-7f1879a1a000 r--s 00002000 fd:01 479470750                  /home/me/dev/projects/liferay-portal/.gradle/caches/jars-9/f9f45b303db2a59ddb862ec121de97f9/proj.jar
7f1879a1a000-7f1879a1b000 r--s 00002000 fd:01 479470817                  /home/me/dev/projects/liferay-portal/.gradle/caches/jars-9/c0129576d6789d534ef1745eab8f35c9/proj.jar
7f1879a1b000-7f1879a1c000 r--s 00002000 fd:01 479470806                  /home/me/dev/projects/liferay-portal/.gradle/caches/jars-9/215c504b7c97e86776d70ede13851ded/proj.jar
7f1879a1c000-7f1879a1e000 r--s 00001000 fd:01 479495812                  /home/me/dev/projects/liferay-portal/.gradle/caches/jars-9/b2aa65fa078278f9dde79bd6537b2d80/proj.jar
7f1879a1e000-7f1879a1f000 r--s 00002000 fd:01 479496261                  /home/me/dev/projects/liferay-portal/.gradle/caches/jars-9/a8d049aec9c2cb4100dd2fcfe993c369/proj.jar
7f1879a1f000-7f1879a20000 r--s 00002000 fd:01 479517178                  /home/me/dev/projects/liferay-portal/.gradle/caches/jars-9/faebe370afb0c3c960cddd270bc8f2db/proj.jar
7f1879a20000-7f1879a21000 r--s 00002000 fd:01 479522245                  /home/me/dev/projects/liferay-portal/.gradle/caches/jars-9/49cf4e6b73dcd0abefcd4196be8f65c0/proj.jar
7f1879a21000-7f1879a22000 r--s 00001000 fd:01 479588798                  /home/me/dev/projects/liferay-portal/.gradle/caches/jars-9/8e486377015368c277272f28a90d4792/proj.jar
7f1879a22000-7f1879a23000 r--s 00002000 fd:01 479588763                  /home/me/dev/projects/liferay-portal/.gradle/caches/jars-9/e102b3319dcd7697e743f78e0ad4d95e/proj.jar
7f1879a23000-7f1879a24000 r--s 00002000 fd:01 479588761                  /home/me/dev/projects/liferay-portal/.gradle/caches/jars-9/25106b3080e75fe78b78814c693a8d35/proj.jar
7f1879a24000-7f1879a25000 r--s 00002000 fd:01 479590945                  /home/me/dev/projects/liferay-portal/.gradle/caches/jars-9/22d2ac91f7b06b45f0459ea93af58f65/proj.jar
7f1879a25000-7f1879a26000 r--s 00002000 fd:01 479590932                  /home/me/dev/projects/liferay-portal/.gradle/caches/jars-9/7efba15fca585bd970fef251b9120bfd/proj.jar
7f1879a26000-7f1879a27000 r--s 00001000 fd:01 479590918                  /home/me/dev/projects/liferay-portal/.gradle/caches/jars-9/0e9711f53deed4c91691564223982bfc/proj.jar
7f1879a27000-7f1879a28000 r--s 00002000 fd:01 479590916                  /home/me/dev/projects/liferay-portal/.gradle/caches/jars-9/663de892448b8a6316f587308c3eeb96/proj.jar
7f1879a28000-7f1879a29000 r--s 00001000 fd:01 479590912                  /home/me/dev/projects/liferay-portal/.gradle/caches/jars-9/e727957f1d2858914f79d70dcb62771e/proj.jar
7f1879a29000-7f1879a2a000 r--s 00003000 fd:01 479665500                  /home/me/dev/projects/liferay-portal/.gradle/caches/jars-9/4280faeb0468f9babf7124e40f115278/proj.jar
7f1879a2a000-7f1879a2b000 r--s 00001000 fd:01 479665490                  /home/me/dev/projects/liferay-portal/.gradle/caches/jars-9/08b3eeeeafa1ccf49f8fe740e3aa1d0a/proj.jar
7f1879a2b000-7f1879a2c000 r--s 00002000 fd:01 479665488                  /home/me/dev/projects/liferay-portal/.gradle/caches/jars-9/760a1112c9b03bc67d959baae9be1517/proj.jar
7f1879a2c000-7f1879a2d000 r--s 00001000 fd:01 479665485                  /home/me/dev/projects/liferay-portal/.gradle/caches/jars-9/3fff27452c304728e912ab8092e8eec1/proj.jar
7f1879a2d000-7f1879a2e000 r--s 00002000 fd:01 479665483                  /home/me/dev/projects/liferay-portal/.gradle/caches/jars-9/7592bd242b5946c1b72d8f0ed489c379/proj.jar
7f1879a2e000-7f1879a2f000 r--s 00001000 fd:01 479678059                  /home/me/dev/projects/liferay-portal/.gradle/caches/jars-9/72333a58d8de9201eaf5f96cc44e420f/proj.jar
7f1879a2f000-7f1879a30000 r--s 00002000 fd:01 479678057                  /home/me/dev/projects/liferay-portal/.gradle/caches/jars-9/ab480dc71f4f566e2dfca55eaf33bae2/proj.jar
7f1879a30000-7f1879a31000 r--s 00003000 fd:01 479678055                  /home/me/dev/projects/liferay-portal/.gradle/caches/jars-9/97c2ab7d5d196305d53f467a9ed1e555/proj.jar
7f1879a31000-7f1879a32000 r--s 00001000 fd:01 479678053                  /home/me/dev/projects/liferay-portal/.gradle/caches/jars-9/9a86677fce2503318f7ff268701073d2/proj.jar
7f1879a32000-7f1879a33000 r--s 00002000 fd:01 479678051                  /home/me/dev/projects/liferay-portal/.gradle/caches/jars-9/325d68a8ad24ec75092c29d728fc4301/proj.jar
7f1879a33000-7f1879a34000 r--s 00003000 fd:01 479678046                  /home/me/dev/projects/liferay-portal/.gradle/caches/jars-9/6864cedb231384a7914aa9983e8a8b78/proj.jar
7f1879a34000-7f1879a35000 r--s 00002000 fd:01 479678044                  /home/me/dev/projects/liferay-portal/.gradle/caches/jars-9/0e03858d713d08a848da01b725a327cc/proj.jar
7f1879a35000-7f1879a36000 r--s 00003000 fd:01 479678042                  /home/me/dev/projects/liferay-portal/.gradle/caches/jars-9/a327b2b15632adf0dcf4664814fa59af/proj.jar
7f1879a36000-7f1879a38000 r--s 00001000 fd:01 479678040                  /home/me/dev/projects/liferay-portal/.gradle/caches/jars-9/273d841109bc519fb192321da47f919c/proj.jar
7f1879a38000-7f1879a39000 r--s 00002000 fd:01 479678038                  /home/me/dev/projects/liferay-portal/.gradle/caches/jars-9/a7a0d73c00a4557bfcf3fa67ade4da4b/proj.jar
7f1879a39000-7f1879a3a000 r--s 00003000 fd:01 479678036                  /home/me/dev/projects/liferay-portal/.gradle/caches/jars-9/aef62fe026c14bf0eba1b6103aa888ee/proj.jar
7f1879a3a000-7f1879a3b000 r--s 00002000 fd:01 479678034                  /home/me/dev/projects/liferay-portal/.gradle/caches/jars-9/757821907b0e567aab1b81252f13011a/proj.jar
7f1879a3b000-7f1879a3c000 r--s 00002000 fd:01 479678032                  /home/me/dev/projects/liferay-portal/.gradle/caches/jars-9/1ac1a091f3f9933b210c3c245fb0367a/proj.jar
7f1879a3c000-7f1879a3d000 r--s 00003000 fd:01 479678030                  /home/me/dev/projects/liferay-portal/.gradle/caches/jars-9/faa50a59ac3528cb7a51b16ccf65dcb3/proj.jar
7f1879a3d000-7f1879a3e000 r--s 00002000 fd:01 479678028                  /home/me/dev/projects/liferay-portal/.gradle/caches/jars-9/bbe10bc054ca729c0f5e7810a8339d62/proj.jar
7f1879a3e000-7f1879a41000 ---p 00000000 00:00 0 
7f1879a41000-7f1879b3e000 rw-p 00000000 00:00 0 
7f1879b3e000-7f1879b42000 r--p 00000000 fd:01 67114207                   /usr/lib64/libnss_resolve.so.2
7f1879b42000-7f1879b5c000 r-xp 00004000 fd:01 67114207                   /usr/lib64/libnss_resolve.so.2
7f1879b5c000-7f1879b63000 r--p 0001e000 fd:01 67114207                   /usr/lib64/libnss_resolve.so.2
7f1879b63000-7f1879b64000 r--p 00025000 fd:01 67114207                   /usr/lib64/libnss_resolve.so.2
7f1879b64000-7f1879b65000 rw-p 00026000 fd:01 67114207                   /usr/lib64/libnss_resolve.so.2
7f1879b65000-7f1879b66000 r--p 00000000 fd:01 67144968                   /usr/lib64/libnss_mdns4_minimal.so.2
7f1879b66000-7f1879b68000 r-xp 00001000 fd:01 67144968                   /usr/lib64/libnss_mdns4_minimal.so.2
7f1879b68000-7f1879b69000 r--p 00003000 fd:01 67144968                   /usr/lib64/libnss_mdns4_minimal.so.2
7f1879b69000-7f1879b6a000 r--p 00003000 fd:01 67144968                   /usr/lib64/libnss_mdns4_minimal.so.2
7f1879b6a000-7f1879b6b000 rw-p 00000000 00:00 0 
7f1879b6b000-7f1879b6d000 r--p 00000000 fd:01 68377911                   /usr/lib64/libcap.so.2.48
7f1879b6d000-7f1879b71000 r-xp 00002000 fd:01 68377911                   /usr/lib64/libcap.so.2.48
7f1879b71000-7f1879b73000 r--p 00006000 fd:01 68377911                   /usr/lib64/libcap.so.2.48
7f1879b73000-7f1879b74000 r--p 00007000 fd:01 68377911                   /usr/lib64/libcap.so.2.48
7f1879b74000-7f1879b75000 rw-p 00008000 fd:01 68377911                   /usr/lib64/libcap.so.2.48
7f1879b75000-7f1879c00000 r--s 01270000 fd:01 483725286                  /home/me/dev/projects/liferay-portal/.gradle/caches/jars-9/f58ebbb2e3b44145613603278132e83c/biz.aQute.bnd-6.4.0.jar
7f1879c00000-7f1879dc0000 rw-p 00000000 00:00 0 
7f1879dc0000-7f187a000000 rw-p 00000000 00:00 0 
7f187a000000-7f187a003000 ---p 00000000 00:00 0 
7f187a003000-7f187a100000 rw-p 00000000 00:00 0 
7f187a100000-7f187a103000 ---p 00000000 00:00 0 
7f187a103000-7f187a200000 rw-p 00000000 00:00 0 
7f187a200000-7f187a203000 ---p 00000000 00:00 0 
7f187a203000-7f187a300000 rw-p 00000000 00:00 0 
7f187a300000-7f187a303000 ---p 00000000 00:00 0 
7f187a303000-7f187a400000 rw-p 00000000 00:00 0 
7f187a400000-7f187a600000 rw-p 00000000 00:00 0 
7f187a600000-7f187a603000 ---p 00000000 00:00 0 
7f187a603000-7f187a700000 rw-p 00000000 00:00 0 
7f187a700000-7f187a703000 ---p 00000000 00:00 0 
7f187a703000-7f187a800000 rw-p 00000000 00:00 0 
7f187a800000-7f187a9c0000 rw-p 00000000 00:00 0 
7f187a9c0000-7f187ac00000 rw-p 00000000 00:00 0 
7f187ac00000-7f187ac03000 ---p 00000000 00:00 0 
7f187ac03000-7f187ad00000 rw-p 00000000 00:00 0 
7f187ad00000-7f187ad03000 ---p 00000000 00:00 0 
7f187ad03000-7f187ae00000 rw-p 00000000 00:00 0 
7f187ae00000-7f187afc0000 rw-p 00000000 00:00 0 
7f187afc0000-7f187b200000 rw-p 00000000 00:00 0 
7f187b200000-7f187b203000 ---p 00000000 00:00 0 
7f187b203000-7f187b300000 rw-p 00000000 00:00 0 
7f187b300000-7f187b303000 ---p 00000000 00:00 0 
7f187b303000-7f187b400000 rw-p 00000000 00:00 0 
7f187b400000-7f187b403000 ---p 00000000 00:00 0 
7f187b403000-7f187b500000 rw-p 00000000 00:00 0 
7f187b500000-7f187b503000 ---p 00000000 00:00 0 
7f187b503000-7f187b600000 rw-p 00000000 00:00 0 
7f187b600000-7f187b603000 ---p 00000000 00:00 0 
7f187b603000-7f187b700000 rw-p 00000000 00:00 0 
7f187b700000-7f187b703000 ---p 00000000 00:00 0 
7f187b703000-7f187b800000 rw-p 00000000 00:00 0 
7f187b800000-7f187b803000 ---p 00000000 00:00 0 
7f187b803000-7f187b900000 rw-p 00000000 00:00 0 
7f187b900000-7f187b903000 ---p 00000000 00:00 0 
7f187b903000-7f187ba00000 rw-p 00000000 00:00 0 
7f187ba00000-7f187ba03000 ---p 00000000 00:00 0 
7f187ba03000-7f187bb00000 rw-p 00000000 00:00 0 
7f187bb00000-7f187bb03000 ---p 00000000 00:00 0 
7f187bb03000-7f187bc00000 rw-p 00000000 00:00 0 
7f187bc00000-7f187bc03000 ---p 00000000 00:00 0 
7f187bc03000-7f187bd00000 rw-p 00000000 00:00 0 
7f187bd00000-7f187bd03000 ---p 00000000 00:00 0 
7f187bd03000-7f187be00000 rw-p 00000000 00:00 0 
7f187be00000-7f187be03000 ---p 00000000 00:00 0 
7f187be03000-7f187bf00000 rw-p 00000000 00:00 0 
7f187bf00000-7f187bf03000 ---p 00000000 00:00 0 
7f187bf03000-7f187c000000 rw-p 00000000 00:00 0 
7f187c000000-7f187c021000 rw-p 00000000 00:00 0 
7f187c021000-7f1880003000 ---p 00000000 00:00 0 
7f1880003000-7f1880100000 rw-p 00000000 00:00 0 
7f1880100000-7f1880103000 ---p 00000000 00:00 0 
7f1880103000-7f1880200000 rw-p 00000000 00:00 0 
7f1880200000-7f1880203000 ---p 00000000 00:00 0 
7f1880203000-7f1880300000 rw-p 00000000 00:00 0 
7f1880300000-7f1880303000 ---p 00000000 00:00 0 
7f1880303000-7f1880400000 rw-p 00000000 00:00 0 
7f1880400000-7f1880403000 ---p 00000000 00:00 0 
7f1880403000-7f1880500000 rw-p 00000000 00:00 0 
7f1880500000-7f1880503000 ---p 00000000 00:00 0 
7f1880503000-7f1880600000 rw-p 00000000 00:00 0 
7f1880600000-7f1880603000 ---p 00000000 00:00 0 
7f1880603000-7f1880700000 rw-p 00000000 00:00 0 
7f1880700000-7f1880703000 ---p 00000000 00:00 0 
7f1880703000-7f1880800000 rw-p 00000000 00:00 0 
7f1880800000-7f1880803000 ---p 00000000 00:00 0 
7f1880803000-7f1880900000 rw-p 00000000 00:00 0 
7f1880900000-7f1880903000 ---p 00000000 00:00 0 
7f1880903000-7f1880a00000 rw-p 00000000 00:00 0 
7f1880a00000-7f1880bc0000 rw-p 00000000 00:00 0 
7f1880bc0000-7f1880dc0000 rw-p 00000000 00:00 0 
7f1880dc0000-7f1880fc0000 rw-p 00000000 00:00 0 
7f1880fc0000-7f18811c0000 rw-p 00000000 00:00 0 
7f18811c0000-7f18813c0000 rw-p 00000000 00:00 0 
7f18813c0000-7f18815c0000 rw-p 00000000 00:00 0 
7f18815c0000-7f18817c0000 rw-p 00000000 00:00 0 
7f18817c0000-7f18819c0000 rw-p 00000000 00:00 0 
7f18819c0000-7f1881c00000 rw-p 00000000 00:00 0 
7f1881c00000-7f1881c03000 ---p 00000000 00:00 0 
7f1881c03000-7f1881d00000 rw-p 00000000 00:00 0 
7f1881d00000-7f1881d03000 ---p 00000000 00:00 0 
7f1881d03000-7f1881e00000 rw-p 00000000 00:00 0 
7f1881e00000-7f1881fc0000 rw-p 00000000 00:00 0 
7f1881fc0000-7f18821c0000 rw-p 00000000 00:00 0 
7f18821c0000-7f18823c0000 rw-p 00000000 00:00 0 
7f18823c0000-7f1882600000 rw-p 00000000 00:00 0 
7f1882600000-7f1882609000 r-xp 00000000 fd:01 1811992061                 /opt/java/jdk1.8.0_221/jre/lib/amd64/libmanagement.so
7f1882609000-7f1882808000 ---p 00009000 fd:01 1811992061                 /opt/java/jdk1.8.0_221/jre/lib/amd64/libmanagement.so
7f1882808000-7f1882809000 r--p 00008000 fd:01 1811992061                 /opt/java/jdk1.8.0_221/jre/lib/amd64/libmanagement.so
7f1882809000-7f188280a000 rw-p 00009000 fd:01 1811992061                 /opt/java/jdk1.8.0_221/jre/lib/amd64/libmanagement.so
7f188280a000-7f188280b000 r--s 00001000 fd:01 479693887                  /home/me/dev/projects/liferay-portal/.gradle/caches/jars-9/e20a2a5cff1765acbe5c75609be4481c/proj.jar
7f188280b000-7f1882810000 r--p 00000000 fd:01 67113797                   /usr/lib64/libnss_myhostname.so.2
7f1882810000-7f1882824000 r-xp 00005000 fd:01 67113797                   /usr/lib64/libnss_myhostname.so.2
7f1882824000-7f188282f000 r--p 00019000 fd:01 67113797                   /usr/lib64/libnss_myhostname.so.2
7f188282f000-7f1882834000 r--p 00023000 fd:01 67113797                   /usr/lib64/libnss_myhostname.so.2
7f1882834000-7f1882835000 rw-p 00028000 fd:01 67113797                   /usr/lib64/libnss_myhostname.so.2
7f1882835000-7f1882836000 r--s 00002000 fd:01 479693885                  /home/me/dev/projects/liferay-portal/.gradle/caches/jars-9/05e66f7345e899cca2922bfa99cee186/proj.jar
7f1882836000-7f1882837000 r--s 00002000 fd:01 479693883                  /home/me/dev/projects/liferay-portal/.gradle/caches/jars-9/01050174ab33dd8d2d3e86b443f085c5/proj.jar
7f1882837000-7f1882838000 r--s 00003000 fd:01 479693881                  /home/me/dev/projects/liferay-portal/.gradle/caches/jars-9/34096152d7920b9006be6a0e5044b567/proj.jar
7f1882838000-7f188283a000 r--s 00001000 fd:01 479693879                  /home/me/dev/projects/liferay-portal/.gradle/caches/jars-9/ad8110990b097f3c01bf02b72a121a8b/proj.jar
7f188283a000-7f188283b000 r--s 00002000 fd:01 479701196                  /home/me/dev/projects/liferay-portal/.gradle/caches/jars-9/4e8912d09a506ebb79a0cdcc5d9f232a/proj.jar
7f188283b000-7f188283c000 r--s 00001000 fd:01 479712189                  /home/me/dev/projects/liferay-portal/.gradle/caches/jars-9/443df38f277142e729117a53e319ff05/proj.jar
7f188283c000-7f188283d000 r--s 00001000 fd:01 479712183                  /home/me/dev/projects/liferay-portal/.gradle/caches/jars-9/12f3b20d7819d2661dc231291f99b59a/proj.jar
7f188283d000-7f188283e000 r--s 00002000 fd:01 479712181                  /home/me/dev/projects/liferay-portal/.gradle/caches/jars-9/0d997c645dbc495be521a53b347b8136/proj.jar
7f188283e000-7f188283f000 r--s 00003000 fd:01 479712179                  /home/me/dev/projects/liferay-portal/.gradle/caches/jars-9/14695b27d1ccf0f5fb8407a6fb514efe/proj.jar
7f188283f000-7f1882841000 r--s 00001000 fd:01 479712177                  /home/me/dev/projects/liferay-portal/.gradle/caches/jars-9/d5304aaa664b4d2af7e68f6a437864fa/proj.jar
7f1882841000-7f1882842000 r--s 00002000 fd:01 479712175                  /home/me/dev/projects/liferay-portal/.gradle/caches/jars-9/cebfd27ba75711525860d4fea0a57e5f/proj.jar
7f1882842000-7f1882843000 r--s 00002000 fd:01 479712173                  /home/me/dev/projects/liferay-portal/.gradle/caches/jars-9/199798a203542284b6a39a3b285fc270/proj.jar
7f1882843000-7f1882844000 r--s 00002000 fd:01 479712171                  /home/me/dev/projects/liferay-portal/.gradle/caches/jars-9/fdcebc2dd7359da9e34a20f41910d028/proj.jar
7f1882844000-7f1882846000 r--s 00001000 fd:01 481433350                  /home/me/dev/projects/liferay-portal/.gradle/caches/jars-9/c05d36875b5289d2da7d34196032c139/proj.jar
7f1882846000-7f1882850000 r--s 0013d000 fd:01 483780496                  /home/me/dev/projects/liferay-portal/.gradle/caches/jars-9/736a181f30adfbd9ea8e2211d7331445/aQute.libg-6.4.0.jar
7f1882850000-7f1882851000 r--s 00007000 fd:01 484630129                  /home/me/dev/projects/liferay-portal/.gradle/caches/jars-9/34c6c14683364a84342b6801ff873804/com.liferay.gradle.plugins.app.javadoc.builder-1.2.6.jar
7f1882851000-7f1882852000 r--s 00000000 fd:01 482091387                  /home/me/dev/projects/liferay-portal/.gradle/caches/jars-9/6c6ad910953493ca73775343f0200d0b/proj.jar
7f1882852000-7f1882858000 r--s 0003f000 fd:01 1409304229                 /opt/java/jdk1.8.0_221/jre/lib/ext/sunjce_provider.jar
7f1882858000-7f1882859000 r--s 0000e000 fd:01 1409304226                 /opt/java/jdk1.8.0_221/jre/lib/ext/sunec.jar
7f1882859000-7f188285c000 r--s 0001a000 fd:01 71030826                   /opt/java/jdk1.8.0_221/jre/lib/jce.jar
7f188285c000-7f188285d000 r--s 0000d000 fd:01 482091383                  /home/me/dev/projects/liferay-portal/.gradle/caches/jars-9/82a764b585dbdc8576cac2581a82631f/dsl.jar
7f188285d000-7f188285e000 r--s 00001000 fd:01 482091382                  /home/me/dev/projects/liferay-portal/.gradle/caches/jars-9/9c8fa875b5967eac76f1027ab71ea3e7/cp_dsl.jar
7f188285e000-7f188285f000 r--s 00000000 fd:01 482091375                  /home/me/dev/projects/liferay-portal/.gradle/caches/jars-9/978a93aa4f5ec360ced97ef29894c6c4/proj.jar
7f188285f000-7f1882860000 r--s 00002000 fd:01 482091367                  /home/me/dev/projects/liferay-portal/.gradle/caches/jars-9/253ca01b449351bbc40c6e4a27131efb/proj.jar
7f1882860000-7f1882887000 r--s 001f6000 fd:01 482094124                  /home/me/dev/projects/liferay-portal/.gradle/caches/modules-2/files-2.1/org.apache.commons/commons-math3/3.6.1/e4ba98f1d4b3c80ec46392f25e094a6a2e58fcbf/commons-math3-3.6.1.jar
7f1882887000-7f188288a000 r--s 00011000 fd:01 482094122                  /home/me/dev/projects/liferay-portal/.gradle/caches/modules-2/files-2.1/net.sf.jopt-simple/jopt-simple/5.0.4/4fdac2fbe92dfad86aa6e9301736f6b4342a3f5c/jopt-simple-5.0.4.jar
7f188288a000-7f1882894000 r--s 0007e000 fd:01 482094123                  /home/me/dev/projects/liferay-portal/.gradle/caches/modules-2/files-2.1/org.openjdk.jmh/jmh-core/1.37/896f27e49105b35ea1964319c83d12082e7a79ef/jmh-core-1.37.jar
7f1882894000-7f1882896000 r--s 00037000 fd:01 482094126                  /home/me/dev/projects/liferay-portal/.gradle/caches/jars-9/7f3b37e758153869d6c9fef2212f9e6f/jmh-gradle-plugin-0.7.2.jar
7f1882896000-7f1882899000 r--s 00014000 fd:01 482094125                  /home/me/dev/projects/liferay-portal/.gradle/caches/modules-2/files-2.1/me.champeau.jmh/jmh-gradle-plugin/0.7.2/138464b2e226169ee6881f6a005ee55bffc8e58b/jmh-gradle-plugin-0.7.2.jar
7f1882899000-7f188289a000 r--s 00002000 fd:01 482091363                  /home/me/dev/projects/liferay-portal/.gradle/caches/jars-9/cd8225e8f1375e82be27c3cd9cefb01d/proj.jar
7f188289a000-7f188289c000 r--s 00004000 fd:01 482094115                  /home/me/dev/projects/liferay-portal/.gradle/caches/jars-9/e26e595b4fda3d0ddc05b81e72e6b0a7/cp_proj.jar
7f188289c000-7f188289d000 r--s 00001000 fd:01 482094114                  /home/me/dev/projects/liferay-portal/.gradle/caches/jars-9/71c08fb5f1a7d917875fbeb0077c0955/proj.jar
7f188289d000-7f188289e000 r--s 00001000 fd:01 482094112                  /home/me/dev/projects/liferay-portal/.gradle/caches/jars-9/172db43fd3d4e51286166d82591d4548/proj.jar
7f188289e000-7f188289f000 r--s 00001000 fd:01 482094110                  /home/me/dev/projects/liferay-portal/.gradle/caches/jars-9/3dfb0f8434d090a1f52b5c03b7c4f581/proj.jar
7f188289f000-7f18828a0000 r--s 00001000 fd:01 482094108                  /home/me/dev/projects/liferay-portal/.gradle/caches/jars-9/0d155bbed17e37eef2341e0026b151c8/proj.jar
7f18828a0000-7f18828a1000 r--s 00001000 fd:01 482094106                  /home/me/dev/projects/liferay-portal/.gradle/caches/jars-9/a3fb97a7465f02206d05de096f665af0/proj.jar
7f18828a1000-7f18828a2000 r--s 00001000 fd:01 482094103                  /home/me/dev/projects/liferay-portal/.gradle/caches/jars-9/f69b3175875de69ea1bcaa17fad3496b/proj.jar
7f18828a2000-7f18828a3000 r--s 00001000 fd:01 482094101                  /home/me/dev/projects/liferay-portal/.gradle/caches/jars-9/47ec5c262fb822d6755cd74d965f59c1/proj.jar
7f18828a3000-7f18828a4000 r--s 00001000 fd:01 482094099                  /home/me/dev/projects/liferay-portal/.gradle/caches/jars-9/950595c788799bc3be85b28a897478c2/proj.jar
7f18828a4000-7f18828a5000 r--s 00001000 fd:01 482094097                  /home/me/dev/projects/liferay-portal/.gradle/caches/jars-9/9531ef2654b3bfcda10be2a1ef9e199f/proj.jar
7f18828a5000-7f18828a7000 r--s 0000c000 fd:01 484630128                  /home/me/dev/projects/liferay-portal/.gradle/caches/jars-9/32aa2085eee3b81fb685ff12170189f7/com.liferay.gradle.plugins.cache-1.0.19.jar
7f18828a7000-7f18828a8000 r--s 0000c000 fd:01 484630138                  /home/me/dev/projects/liferay-portal/.gradle/caches/jars-9/d9e6798b47fbfa52e85e028ae12f093c/com.liferay.gradle.plugins.patcher-1.0.23.jar
7f18828a8000-7f18828a9000 r--s 00001000 fd:01 482094095                  /home/me/dev/projects/liferay-portal/.gradle/caches/jars-9/60cc378d08706337701ee24c17a07ff9/proj.jar
7f18828a9000-7f18828ab000 r--s 00015000 fd:01 484630131                  /home/me/dev/projects/liferay-portal/.gradle/caches/jars-9/d401c74e9aadce6f157ed14f8d107ea1/com.liferay.gradle.plugins.maven.plugin.builder-2.0.2.jar
7f18828ab000-7f18828ad000 r--s 00013000 fd:01 483780484                  /home/me/dev/projects/liferay-portal/.gradle/caches/jars-9/73051067d64d2610eb5163952f5be607/expiringmap-0.5.7.jar
7f18828ad000-7f18828af000 r--s 00004000 fd:01 484630143                  /home/me/dev/projects/liferay-portal/.gradle/caches/jars-9/8a3965c4a7a7841be2921c9a2d37a56a/com.liferay.gradle.plugins.whip-1.0.10.jar
7f18828af000-7f18828b0000 r--s 0000f000 fd:01 485874073                  /home/me/dev/projects/liferay-portal/.gradle/caches/jars-9/83e2b3e87d30061b9a971d29f0f29ad8/dsl.jar
7f18828b0000-7f18828bc000 r--s 000f6000 fd:01 484248007                  /home/me/dev/projects/liferay-portal/.gradle/caches/jars-9/abfee7d2a7ea09ec685ccaecc493c287/plugin-publish-plugin-0.11.0.jar
7f18828bc000-7f18828bd000 r--s 00009000 fd:01 484630139                  /home/me/dev/projects/liferay-portal/.gradle/caches/jars-9/f1adefdc14643e7a9263129932b9009f/com.liferay.gradle.plugins.jsdoc-2.0.79.jar
7f18828bd000-7f18828bf000 r--s 00006000 fd:01 484630133                  /home/me/dev/projects/liferay-portal/.gradle/caches/jars-9/8dd3e5cd4ae60f841614b7ab589ad62b/com.liferay.gradle.plugins.dependency.checker-1.0.6.jar
7f18828bf000-7f18828c0000 r--s 00012000 fd:01 484630132                  /home/me/dev/projects/liferay-portal/.gradle/caches/jars-9/545bdc31c64aa7807fde2bdc52947960/com.liferay.gradle.plugins.baseline-7.0.3.jar
7f18828c0000-7f18828c2000 r--s 00041000 fd:01 483933250                  /home/me/dev/projects/liferay-portal/.gradle/caches/jars-9/77aaf1a313b8390d3347a01a10a709d5/biz.aQute.bnd.gradle-6.4.0.jar
7f18828c2000-7f18828c8000 r--s 000a5000 fd:01 483780493                  /home/me/dev/projects/liferay-portal/.gradle/caches/jars-9/70501bd4b17a96b6efba3b8436b8c1a7/biz.aQute.bnd.util-6.4.0.jar
7f18828c8000-7f18828d4000 r--s 00173000 fd:01 483780495                  /home/me/dev/projects/liferay-portal/.gradle/caches/jars-9/f1a36179af1dfa5f40666c8c9734e8a6/biz.aQute.repository-6.4.0.jar
7f18828d4000-7f18828db000 r--s 000e7000 fd:01 483780491                  /home/me/dev/projects/liferay-portal/.gradle/caches/jars-9/73cfd8a758589233bf45a848df127be8/biz.aQute.resolve-6.4.0.jar
7f18828db000-7f18828dd000 r--s 00016000 fd:01 483780481                  /home/me/dev/projects/liferay-portal/.gradle/caches/jars-9/cac8a6d3743b82963555372e921a738d/com.liferay.ant.bnd-3.2.12.jar
7f18828dd000-7f18828de000 r--s 00003000 fd:01 484248026                  /home/me/dev/projects/liferay-portal/.gradle/caches/jars-9/58f49f8a32ad2a38e55461e83d469040/com.liferay.gradle.plugins.upgrade.table.builder-3.0.5.jar
7f18828de000-7f18828e0000 r--s 00011000 fd:01 470321451                  /home/me/dev/projects/liferay-portal/.gradle/caches/jars-9/5cb6ad3479113368cbf203f1aaba94f6/com.liferay.gradle.plugins.service.builder-4.0.169.jar
7f18828e0000-7f18828e1000 r--s 00005000 fd:01 485837995                  /home/me/dev/projects/liferay-portal/.gradle/caches/jars-9/1341dfa6512353e8c7f9c3cd547a3c13/com.liferay.gradle.plugins.rest.builder-1.1.254.jar
7f18828e1000-7f18828e2000 r--s 00004000 fd:01 484248014                  /home/me/dev/projects/liferay-portal/.gradle/caches/jars-9/df57d92d819257fee048d3c339b5468c/com.liferay.gradle.plugins.db.support-1.1.1.jar
7f18828e2000-7f18828e4000 r--s 00004000 fd:01 484248010                  /home/me/dev/projects/liferay-portal/.gradle/caches/jars-9/295f2e222b7f7821cdbf81db2b2119db/com.liferay.gradle.plugins.alloy.taglib-2.0.6.jar
7f18828e4000-7f18828e7000 r--s 00026000 fd:01 484248023                  /home/me/dev/projects/liferay-portal/.gradle/caches/jars-9/85854116e79d3f8d199dc039ec0f5a12/com.liferay.gradle.plugins.test.integration-4.0.6.jar
7f18828e7000-7f1882900000 r--s 00421000 fd:01 483780497                  /home/me/dev/projects/liferay-portal/.gradle/caches/jars-9/e8ce8dca2d4e1f5493708d9ae687a95a/biz.aQute.bndlib-6.4.0.jar
7f1882900000-7f1882903000 ---p 00000000 00:00 0 
7f1882903000-7f1882a00000 rw-p 00000000 00:00 0 
7f1882a00000-7f1882a01000 r--s 00004000 fd:01 484924871                  /home/me/dev/projects/liferay-portal/.gradle/caches/jars-9/14e11485a98a50c2219b5990ad494c52/proj.jar
7f1882a01000-7f1882a02000 r--s 00002000 fd:01 479712155                  /home/me/dev/projects/liferay-portal/.gradle/caches/jars-9/a9676492251ca263b781e452d7274f77/proj.jar
7f1882a02000-7f1882a03000 r--s 00001000 fd:01 479712152                  /home/me/dev/projects/liferay-portal/.gradle/caches/jars-9/e156f3c916618b38ed5795ad30e3c4fa/proj.jar
7f1882a03000-7f1882a04000 r--s 00003000 fd:01 479712148                  /home/me/dev/projects/liferay-portal/.gradle/caches/jars-9/88ce3fefbe978cc3735c7c454163be65/proj.jar
7f1882a04000-7f1882a05000 r--s 00002000 fd:01 479712146                  /home/me/dev/projects/liferay-portal/.gradle/caches/jars-9/d74beb76cb255f9c94b3b003733f84a4/proj.jar
7f1882a05000-7f1882a06000 r--s 00002000 fd:01 479712144                  /home/me/dev/projects/liferay-portal/.gradle/caches/jars-9/cbf157da7ab9d639863b16bf32687cd3/proj.jar
7f1882a06000-7f1882a07000 r--s 00003000 fd:01 479712142                  /home/me/dev/projects/liferay-portal/.gradle/caches/jars-9/d303800c49946555f7bc68d15bfc4cde/proj.jar
7f1882a07000-7f1882a08000 r--s 00003000 fd:01 479716093                  /home/me/dev/projects/liferay-portal/.gradle/caches/jars-9/495d1ea55953a022a2e778b8682a6393/proj.jar
7f1882a08000-7f1882a09000 r--s 00003000 fd:01 484924868                  /home/me/dev/projects/liferay-portal/.gradle/caches/jars-9/18ee65d0e704596cc716c0c271e1ef27/proj.jar
7f1882a09000-7f1882a0a000 r--s 00002000 fd:01 484924867                  /home/me/dev/projects/liferay-portal/.gradle/caches/jars-9/b83f91f35c71e2e1a6b7f674e105aa72/proj.jar
7f1882a0a000-7f1882a0b000 r--s 00001000 fd:01 479718268                  /home/me/dev/projects/liferay-portal/.gradle/caches/jars-9/a74d46e7f0380c2f47ba92e99fa12285/proj.jar
7f1882a0b000-7f1882a0d000 r--s 00001000 fd:01 479718265                  /home/me/dev/projects/liferay-portal/.gradle/caches/jars-9/da002b54e9c4a45481af46f6563a9e89/proj.jar
7f1882a0d000-7f1882a0e000 r--s 00001000 fd:01 479718263                  /home/me/dev/projects/liferay-portal/.gradle/caches/jars-9/b67c368c7580f4b3449034e0304abe23/proj.jar
7f1882a0e000-7f1882a0f000 r--s 00002000 fd:01 479718261                  /home/me/dev/projects/liferay-portal/.gradle/caches/jars-9/5965d12260e02eddfa8e9cff921caa6a/proj.jar
7f1882a0f000-7f1882a10000 r--s 00003000 fd:01 479718259                  /home/me/dev/projects/liferay-portal/.gradle/caches/jars-9/e083d43067754cdd630278f0f3d782ce/proj.jar
7f1882a10000-7f1882a11000 r--s 00001000 fd:01 479718257                  /home/me/dev/projects/liferay-portal/.gradle/caches/jars-9/6a5cb8ba537ac481bc433d4226851157/proj.jar
7f1882a11000-7f1882a12000 r--s 00003000 fd:01 479718255                  /home/me/dev/projects/liferay-portal/.gradle/caches/jars-9/88a126b2ce51ad8c0b2d6b7eb2a980bc/proj.jar
7f1882a12000-7f1882a13000 r--s 00002000 fd:01 479718253                  /home/me/dev/projects/liferay-portal/.gradle/caches/jars-9/2c9f2ac909d875811c604777de8e343d/proj.jar
7f1882a13000-7f1882a15000 r--s 00001000 fd:01 479718250                  /home/me/dev/projects/liferay-portal/.gradle/caches/jars-9/340647651774739773bac66f61b209b4/proj.jar
7f1882a15000-7f1882a17000 r--s 00001000 fd:01 479718246                  /home/me/dev/projects/liferay-portal/.gradle/caches/jars-9/287f314615b63429b1d583a0909b1009/proj.jar
7f1882a17000-7f1882a18000 r--s 00004000 fd:01 479718244                  /home/me/dev/projects/liferay-portal/.gradle/caches/jars-9/23204102b95c3ea056b31aaec91ecf50/proj.jar
7f1882a18000-7f1882a19000 r--s 00002000 fd:01 479718242                  /home/me/dev/projects/liferay-portal/.gradle/caches/jars-9/360dcc99e89c29165dc155746f5ae5ca/proj.jar
7f1882a19000-7f1882a1a000 r--s 00002000 fd:01 479718239                  /home/me/dev/projects/liferay-portal/.gradle/caches/jars-9/bb726ad61ead73eb1cff95102469fff4/proj.jar
7f1882a1a000-7f1882a1b000 r--s 00002000 fd:01 479718237                  /home/me/dev/projects/liferay-portal/.gradle/caches/jars-9/6883cc4ddf0b7553f47c80eb9f62e287/proj.jar
7f1882a1b000-7f1882a1c000 r--s 00001000 fd:01 479718233                  /home/me/dev/projects/liferay-portal/.gradle/caches/jars-9/63d9f0cfe545be02236efcc61872092a/proj.jar
7f1882a1c000-7f1882a1d000 r--s 00003000 fd:01 479718231                  /home/me/dev/projects/liferay-portal/.gradle/caches/jars-9/4baa60f3b476b6255c6c1350d398dcb6/proj.jar
7f1882a1d000-7f1882a1e000 r--s 00003000 fd:01 485875837                  /home/me/dev/projects/liferay-portal/.gradle/caches/jars-9/b2a81795822f4f2bcb6d21fa8a2baf9c/proj.jar
7f1882a1e000-7f1882a1f000 r--s 00002000 fd:01 485875836                  /home/me/dev/projects/liferay-portal/.gradle/caches/jars-9/a5fa427fa1cf30cc12413c3f49cf6866/proj.jar
7f1882a1f000-7f1882a20000 r--s 00002000 fd:01 479718225                  /home/me/dev/projects/liferay-portal/.gradle/caches/jars-9/3e3b7605488ef644202f66f2921256c2/proj.jar
7f1882a20000-7f1882a21000 r--s 00001000 fd:01 479718223                  /home/me/dev/projects/liferay-portal/.gradle/caches/jars-9/381cabc6cd530e0df5cb0d478d1a7111/proj.jar
7f1882a21000-7f1882a22000 r--s 00002000 fd:01 479718209                  /home/me/dev/projects/liferay-portal/.gradle/caches/jars-9/d75a3baf4859d4eb46a2d1bc41b92c51/proj.jar
7f1882a22000-7f1882a23000 r--s 00002000 fd:01 479724927                  /home/me/dev/projects/liferay-portal/.gradle/caches/jars-9/9b665142e54f247b52272c992be3566c/proj.jar
7f1882a23000-7f1882a24000 r--s 00002000 fd:01 479724925                  /home/me/dev/projects/liferay-portal/.gradle/caches/jars-9/2a5ca5ff03a15904ea34b1c293323c59/proj.jar
7f1882a24000-7f1882a25000 r--s 00002000 fd:01 479724923                  /home/me/dev/projects/liferay-portal/.gradle/caches/jars-9/c0ce9fe2852c084f79b87341bedc5a60/proj.jar
7f1882a25000-7f1882a26000 r--s 00003000 fd:01 479724921                  /home/me/dev/projects/liferay-portal/.gradle/caches/jars-9/2071a1afc90c07a7b46f2c6e53b5f447/proj.jar
7f1882a26000-7f1882a27000 r--s 00002000 fd:01 479724919                  /home/me/dev/projects/liferay-portal/.gradle/caches/jars-9/c5e53b6e14ee504b0b3adb7728917f78/proj.jar
7f1882a27000-7f1882a28000 r--s 00003000 fd:01 479724917                  /home/me/dev/projects/liferay-portal/.gradle/caches/jars-9/072592930d622ebbecd8dfc11ac14a42/proj.jar
7f1882a28000-7f1882a29000 r--s 00002000 fd:01 479724915                  /home/me/dev/projects/liferay-portal/.gradle/caches/jars-9/88c81174df98e5d8de5e2a16b018af5a/proj.jar
7f1882a29000-7f1882a2a000 r--s 00002000 fd:01 479724913                  /home/me/dev/projects/liferay-portal/.gradle/caches/jars-9/95af526d3ea0f785e1818ac3053c3885/proj.jar
7f1882a2a000-7f1882a2c000 r--s 00002000 fd:01 479724911                  /home/me/dev/projects/liferay-portal/.gradle/caches/jars-9/9ff99d67698e2680432914708bfc0822/proj.jar
7f1882a2c000-7f1882a2d000 r--s 00003000 fd:01 479724908                  /home/me/dev/projects/liferay-portal/.gradle/caches/jars-9/6d6b0c6e4e893ff4149d60de6252cae8/proj.jar
7f1882a2d000-7f1882a2e000 r--s 00002000 fd:01 479724904                  /home/me/dev/projects/liferay-portal/.gradle/caches/jars-9/13ef88376f92ce4b5df258bf9974af2e/proj.jar
7f1882a2e000-7f1882a2f000 r--s 00002000 fd:01 479724901                  /home/me/dev/projects/liferay-portal/.gradle/caches/jars-9/641ef45e85e148e968c25532b02c7961/proj.jar
7f1882a2f000-7f1882a30000 r--s 00002000 fd:01 479724891                  /home/me/dev/projects/liferay-portal/.gradle/caches/jars-9/cf09fc51e5876418cc0efd1824fae7bb/proj.jar
7f1882a30000-7f1882a31000 r--s 00002000 fd:01 479724889                  /home/me/dev/projects/liferay-portal/.gradle/caches/jars-9/8ced483650c977f878cc9c3e65e9a9dc/proj.jar
7f1882a31000-7f1882a32000 r--s 00001000 fd:01 479724886                  /home/me/dev/projects/liferay-portal/.gradle/caches/jars-9/89343a5419668d854a5410022104c953/proj.jar
7f1882a32000-7f1882a33000 r--s 00002000 fd:01 479724884                  /home/me/dev/projects/liferay-portal/.gradle/caches/jars-9/501097b51e3d403a2e41fb223ada597b/proj.jar
7f1882a33000-7f1882a34000 r--s 00002000 fd:01 479724882                  /home/me/dev/projects/liferay-portal/.gradle/caches/jars-9/fc20af770426a789b64e210f38c1f8b7/proj.jar
7f1882a34000-7f1882a35000 r--s 00003000 fd:01 479724880                  /home/me/dev/projects/liferay-portal/.gradle/caches/jars-9/dee69ce2014466333bc67323feeee458/proj.jar
7f1882a35000-7f1882a37000 r--s 00001000 fd:01 479724878                  /home/me/dev/projects/liferay-portal/.gradle/caches/jars-9/3d9902907901e82abf2b024fa7ece38a/proj.jar
7f1882a37000-7f1882a38000 r--s 00003000 fd:01 485875835                  /home/me/dev/projects/liferay-portal/.gradle/caches/jars-9/1bc78b4206bff9c24a739b843df9ba5a/proj.jar
7f1882a38000-7f1882a39000 r--s 00002000 fd:01 479724874                  /home/me/dev/projects/liferay-portal/.gradle/caches/jars-9/8906ec51552a73cd474df256142b4b58/proj.jar
7f1882a39000-7f1882a3b000 r--s 00002000 fd:01 479724871                  /home/me/dev/projects/liferay-portal/.gradle/caches/jars-9/854f2eb789501e692ed5817c4c6bb994/proj.jar
7f1882a3b000-7f1882a3c000 r--s 00003000 fd:01 479724869                  /home/me/dev/projects/liferay-portal/.gradle/caches/jars-9/1cfee48e06d40612114f77b2bcdb4c2e/proj.jar
7f1882a3c000-7f1882a3d000 r--s 00001000 fd:01 479724867                  /home/me/dev/projects/liferay-portal/.gradle/caches/jars-9/d19c8f135ddbdcca95da1227d1b8e24d/proj.jar
7f1882a3d000-7f1882a3e000 r--s 00002000 fd:01 479724865                  /home/me/dev/projects/liferay-portal/.gradle/caches/jars-9/37370eea6b6ee366863a3550578b2fd9/proj.jar
7f1882a3e000-7f1882a3f000 r--s 00001000 fd:01 479734589                  /home/me/dev/projects/liferay-portal/.gradle/caches/jars-9/ea4308da7c5be240009ba9ef79705059/proj.jar
7f1882a3f000-7f1882a40000 r--s 00002000 fd:01 479734586                  /home/me/dev/projects/liferay-portal/.gradle/caches/jars-9/7bc7c34599ceb60270e56e91d725e1b8/proj.jar
7f1882a40000-7f1882a41000 r--s 00001000 fd:01 479734583                  /home/me/dev/projects/liferay-portal/.gradle/caches/jars-9/ab69943a5ce9bffa326f400f22bc16ec/proj.jar
7f1882a41000-7f1882a42000 r--s 00002000 fd:01 479734581                  /home/me/dev/projects/liferay-portal/.gradle/caches/jars-9/425d2ac628d1efa1c1fbd45d529130a0/proj.jar
7f1882a42000-7f1882a43000 r--s 00003000 fd:01 479734579                  /home/me/dev/projects/liferay-portal/.gradle/caches/jars-9/be91d115103a857d4d9fc3ede4c1a672/proj.jar
7f1882a43000-7f1882a44000 r--s 00001000 fd:01 479734545                  /home/me/dev/projects/liferay-portal/.gradle/caches/jars-9/c4f3d7f74556f9def0c445edc439f493/proj.jar
7f1882a44000-7f1882a45000 r--s 00002000 fd:01 479734528                  /home/me/dev/projects/liferay-portal/.gradle/caches/jars-9/5a388bc0a0495804c0c14a8d404c2dde/proj.jar
7f1882a45000-7f1882a47000 r--s 00001000 fd:01 479734643                  /home/me/dev/projects/liferay-portal/.gradle/caches/jars-9/6ec84c2e942f50483b5cf6346809b15a/proj.jar
7f1882a47000-7f1882a48000 r--s 00002000 fd:01 479734639                  /home/me/dev/projects/liferay-portal/.gradle/caches/jars-9/6ff219cf63347298adb4da6a8bbf57ef/proj.jar
7f1882a48000-7f1882a49000 r--s 00002000 fd:01 479734637                  /home/me/dev/projects/liferay-portal/.gradle/caches/jars-9/0502297d1df5db821444d9ea61c7e4a6/proj.jar
7f1882a49000-7f1882a4a000 r--s 00001000 fd:01 479734631                  /home/me/dev/projects/liferay-portal/.gradle/caches/jars-9/ffecf2fc3d4286ef16fa3254a963bce0/proj.jar
7f1882a4a000-7f1882a4b000 r--s 00002000 fd:01 479734620                  /home/me/dev/projects/liferay-portal/.gradle/caches/jars-9/f9bf108616d29525b9c421695c72d60c/proj.jar
7f1882a4b000-7f1882a4c000 r--s 00002000 fd:01 479734612                  /home/me/dev/projects/liferay-portal/.gradle/caches/jars-9/25ee4d8a64dd157f5a98a9fec8a034e4/proj.jar
7f1882a4c000-7f1882a4d000 r--s 00002000 fd:01 485875831                  /home/me/dev/projects/liferay-portal/.gradle/caches/jars-9/c8d502a8ad25dff4dc2c40e28203652c/proj.jar
7f1882a4d000-7f1882a4e000 r--s 00002000 fd:01 479734592                  /home/me/dev/projects/liferay-portal/.gradle/caches/jars-9/b1820ba5de6eee343bbec69adede59db/proj.jar
7f1882a4e000-7f1882a4f000 r--s 00001000 fd:01 479750204                  /home/me/dev/projects/liferay-portal/.gradle/caches/jars-9/caf037bb75cce79039935175cdb0bf99/proj.jar
7f1882a4f000-7f1882a50000 r--s 00003000 fd:01 479750202                  /home/me/dev/projects/liferay-portal/.gradle/caches/jars-9/a2619f02d4712691cba5cb5e930fd31c/proj.jar
7f1882a50000-7f1882a51000 r--s 00002000 fd:01 479750200                  /home/me/dev/projects/liferay-portal/.gradle/caches/jars-9/83b38aaa37ac89c015cc3b7231fc15f3/proj.jar
7f1882a51000-7f1882a52000 r--s 00002000 fd:01 479750198                  /home/me/dev/projects/liferay-portal/.gradle/caches/jars-9/d4c8e1b82e281992b68e141a298a4acd/proj.jar
7f1882a52000-7f1882a53000 r--s 00002000 fd:01 479750196                  /home/me/dev/projects/liferay-portal/.gradle/caches/jars-9/83ae3072b5b594420855f4d0e1de86b5/proj.jar
7f1882a53000-7f1882a55000 r--s 00002000 fd:01 479750194                  /home/me/dev/projects/liferay-portal/.gradle/caches/jars-9/0b6bbfb57b0ff1faf3bd83f66371c295/proj.jar
7f1882a55000-7f1882a56000 r--s 00003000 fd:01 485863556                  /home/me/dev/projects/liferay-portal/.gradle/caches/jars-9/55d32c3c1d341975ecb939381ef75b58/proj.jar
7f1882a56000-7f1882a57000 r--s 00001000 fd:01 479750190                  /home/me/dev/projects/liferay-portal/.gradle/caches/jars-9/a8a60b58a1c783fbf5e8b9ac1fd024d3/proj.jar
7f1882a57000-7f1882a58000 r--s 00002000 fd:01 479750188                  /home/me/dev/projects/liferay-portal/.gradle/caches/jars-9/59735ddb0e54e4b99d2f6b8da84690f9/proj.jar
7f1882a58000-7f1882a59000 r--s 00002000 fd:01 479750186                  /home/me/dev/projects/liferay-portal/.gradle/caches/jars-9/4842684cd202075bfeb5e5c2382c8858/proj.jar
7f1882a59000-7f1882a5a000 r--s 00002000 fd:01 479750184                  /home/me/dev/projects/liferay-portal/.gradle/caches/jars-9/3be573c70b95523667f51faf1f965408/proj.jar
7f1882a5a000-7f1882a5b000 r--s 00002000 fd:01 479750182                  /home/me/dev/projects/liferay-portal/.gradle/caches/jars-9/3442c9cf2cc03af73cc7d09e5e5ef6e8/proj.jar
7f1882a5b000-7f1882a5c000 r--s 00002000 fd:01 479750179                  /home/me/dev/projects/liferay-portal/.gradle/caches/jars-9/46c04b84becbacfc1ec9cdfed4235844/proj.jar
7f1882a5c000-7f1882a5d000 r--s 00002000 fd:01 485863571                  /home/me/dev/projects/liferay-portal/.gradle/caches/jars-9/2db1fc1dba6a99591077ba2706510bb5/proj.jar
7f1882a5d000-7f1882a5e000 r--s 00002000 fd:01 479750175                  /home/me/dev/projects/liferay-portal/.gradle/caches/jars-9/9d48ebc97462d5438ca69ec27a85f8c0/proj.jar
7f1882a5e000-7f1882a5f000 r--s 00001000 fd:01 479750173                  /home/me/dev/projects/liferay-portal/.gradle/caches/jars-9/e35c6ead9d29dc2ca06f2f4bc149e641/proj.jar
7f1882a5f000-7f1882a60000 r--s 00002000 fd:01 479750171                  /home/me/dev/projects/liferay-portal/.gradle/caches/jars-9/c3bfe51b9874adc2a64db3e6d3030da1/proj.jar
7f1882a60000-7f1882a61000 r--s 00002000 fd:01 479750169                  /home/me/dev/projects/liferay-portal/.gradle/caches/jars-9/c869235d750830827727937a3f1e7518/proj.jar
7f1882a61000-7f1882a62000 r--s 00002000 fd:01 485863570                  /home/me/dev/projects/liferay-portal/.gradle/caches/jars-9/5c8d2fa755afbe207a8e9a689345ddf3/proj.jar
7f1882a62000-7f1882a63000 r--s 00002000 fd:01 479750165                  /home/me/dev/projects/liferay-portal/.gradle/caches/jars-9/e07f8d93200be2cf984865b2a01d4a9b/proj.jar
7f1882a63000-7f1882a65000 r--s 00002000 fd:01 479750163                  /home/me/dev/projects/liferay-portal/.gradle/caches/jars-9/27ace10e902ba919b277d98528d801d1/proj.jar
7f1882a65000-7f1882a66000 r--s 00002000 fd:01 479750161                  /home/me/dev/projects/liferay-portal/.gradle/caches/jars-9/a9eabe973f0305438cc1d0bbbbf21b30/proj.jar
7f1882a66000-7f1882a67000 r--s 00001000 fd:01 479750159                  /home/me/dev/projects/liferay-portal/.gradle/caches/jars-9/06c34f1e7bab531c46777a87aec0397d/proj.jar
7f1882a67000-7f1882a68000 r--s 00002000 fd:01 479750157                  /home/me/dev/projects/liferay-portal/.gradle/caches/jars-9/5002639f2155700e36598fa223aabc8f/proj.jar
7f1882a68000-7f1882a69000 r--s 00002000 fd:01 479750155                  /home/me/dev/projects/liferay-portal/.gradle/caches/jars-9/3e82d6aee647a49b5bf4596d374c12a5/proj.jar
7f1882a69000-7f1882a6a000 r--s 00001000 fd:01 479750153                  /home/me/dev/projects/liferay-portal/.gradle/caches/jars-9/29e8e980a9919403d1a5e5a9d4e9b4ec/proj.jar
7f1882a6a000-7f1882a6b000 r--s 00001000 fd:01 479750151                  /home/me/dev/projects/liferay-portal/.gradle/caches/jars-9/608c55d7f4f737d0b3fd211122e29268/proj.jar
7f1882a6b000-7f1882a6c000 r--s 00002000 fd:01 479750149                  /home/me/dev/projects/liferay-portal/.gradle/caches/jars-9/8af581de2632d1cb011d654e4f5076ba/proj.jar
7f1882a6c000-7f1882a6d000 r--s 00001000 fd:01 479750147                  /home/me/dev/projects/liferay-portal/.gradle/caches/jars-9/66e06865f3ced3b975a176be330054cc/proj.jar
7f1882a6d000-7f1882a6e000 r--s 00001000 fd:01 479750145                  /home/me/dev/projects/liferay-portal/.gradle/caches/jars-9/522f044f1c2545ca221e570074715eb1/proj.jar
7f1882a6e000-7f1882a6f000 r--s 00001000 fd:01 479756170                  /home/me/dev/projects/liferay-portal/.gradle/caches/jars-9/f4d588c7df42d665d8ffaa9d485b39f0/proj.jar
7f1882a6f000-7f1882a70000 r--s 00002000 fd:01 479756168                  /home/me/dev/projects/liferay-portal/.gradle/caches/jars-9/351574f843b5b608a8aa101fa99a9f61/proj.jar
7f1882a70000-7f1882a71000 r--s 00001000 fd:01 479756166                  /home/me/dev/projects/liferay-portal/.gradle/caches/jars-9/02601e59735071b9f0ccf3c2219c500d/proj.jar
7f1882a71000-7f1882a72000 r--s 00002000 fd:01 479756164                  /home/me/dev/projects/liferay-portal/.gradle/caches/jars-9/8670ace207184a3704bc9f91d928f0c3/proj.jar
7f1882a72000-7f1882a73000 r--s 00001000 fd:01 479756162                  /home/me/dev/projects/liferay-portal/.gradle/caches/jars-9/5f693be3f8e74518fa87d9bcbfd4bf11/proj.jar
7f1882a73000-7f1882a74000 r--s 00002000 fd:01 479756160                  /home/me/dev/projects/liferay-portal/.gradle/caches/jars-9/452211e0f721477b09969df4ba45ecde/proj.jar
7f1882a74000-7f1882a75000 r--s 00001000 fd:01 479769085                  /home/me/dev/projects/liferay-portal/.gradle/caches/jars-9/5511e7a1e64cc0c861d9f5b682b35d5c/proj.jar
7f1882a75000-7f1882a76000 r--s 00003000 fd:01 479769083                  /home/me/dev/projects/liferay-portal/.gradle/caches/jars-9/faabf00424630a8d03821033c03cff52/proj.jar
7f1882a76000-7f1882a77000 r--s 00001000 fd:01 479769081                  /home/me/dev/projects/liferay-portal/.gradle/caches/jars-9/1b8aaa7c089c6b4e6cb9fa0e45c22932/proj.jar
7f1882a77000-7f1882a78000 r--s 00002000 fd:01 479771454                  /home/me/dev/projects/liferay-portal/.gradle/caches/jars-9/5126364be20f1670a65caa67e3006658/proj.jar
7f1882a78000-7f1882a79000 r--s 00003000 fd:01 479771452                  /home/me/dev/projects/liferay-portal/.gradle/caches/jars-9/6e03286034181d4dddcd3e1092b94bc0/proj.jar
7f1882a79000-7f1882a7a000 r--s 00001000 fd:01 479771450                  /home/me/dev/projects/liferay-portal/.gradle/caches/jars-9/d388299bbab55262f145ba585bcaf03f/proj.jar
7f1882a7a000-7f1882a7b000 r--s 00003000 fd:01 485808074                  /home/me/dev/projects/liferay-portal/.gradle/caches/jars-9/de295eb5488222a753fe5697301613ff/proj.jar
7f1882a7b000-7f1882a7c000 r--s 00003000 fd:01 479771444                  /home/me/dev/projects/liferay-portal/.gradle/caches/jars-9/ed583742a58be9d82f7bab870c9d3d87/proj.jar
7f1882a7c000-7f1882a7d000 r--s 00003000 fd:01 479771442                  /home/me/dev/projects/liferay-portal/.gradle/caches/jars-9/9410b35c094f9e74ecef598540d0b4f5/proj.jar
7f1882a7d000-7f1882a7e000 r--s 00001000 fd:01 479771440                  /home/me/dev/projects/liferay-portal/.gradle/caches/jars-9/c767d8851407ff4ddd48ce1cbe011a37/proj.jar
7f1882a7e000-7f1882a7f000 r--s 00001000 fd:01 479774524                  /home/me/dev/projects/liferay-portal/.gradle/caches/jars-9/f74d4f0232f098c4158e4d412084897b/proj.jar
7f1882a7f000-7f1882a80000 r--s 00003000 fd:01 479774501                  /home/me/dev/projects/liferay-portal/.gradle/caches/jars-9/faa1fb431172282370a1575cc74f01e2/proj.jar
7f1882a80000-7f1882a81000 r--s 00002000 fd:01 479774499                  /home/me/dev/projects/liferay-portal/.gradle/caches/jars-9/dedf8995beb40bb5217f4c2cae03beaa/proj.jar
7f1882a81000-7f1882a82000 r--s 00001000 fd:01 479774497                  /home/me/dev/projects/liferay-portal/.gradle/caches/jars-9/5370440dddd5731a8b5627699c32e432/proj.jar
7f1882a82000-7f1882a83000 r--s 00002000 fd:01 479774495                  /home/me/dev/projects/liferay-portal/.gradle/caches/jars-9/5d6a66e07ee64afacd6885abf63db47b/proj.jar
7f1882a83000-7f1882a84000 r--s 00001000 fd:01 479774492                  /home/me/dev/projects/liferay-portal/.gradle/caches/jars-9/82f73269a99ae15caee5d6c411c4d10b/proj.jar
7f1882a84000-7f1882a85000 r--s 00002000 fd:01 479774489                  /home/me/dev/projects/liferay-portal/.gradle/caches/jars-9/a9c0b9d0092087bc94f0d9d411520d98/proj.jar
7f1882a85000-7f1882a86000 r--s 00002000 fd:01 479774487                  /home/me/dev/projects/liferay-portal/.gradle/caches/jars-9/6f375226c1e3b5bfdb8acdb5c3a6a1a5/proj.jar
7f1882a86000-7f1882a87000 r--s 00001000 fd:01 479774546                  /home/me/dev/projects/liferay-portal/.gradle/caches/jars-9/128e1ee0ec58f857723e2d276329377d/proj.jar
7f1882a87000-7f1882a88000 r--s 00002000 fd:01 479774540                  /home/me/dev/projects/liferay-portal/.gradle/caches/jars-9/71bc0aefd82dccc7f29046ad4997c193/proj.jar
7f1882a88000-7f1882a89000 r--s 00002000 fd:01 479774537                  /home/me/dev/projects/liferay-portal/.gradle/caches/jars-9/2bf2e9902c6eba6d5f9acec1ff872ba9/proj.jar
7f1882a89000-7f1882a8a000 r--s 00003000 fd:01 479774535                  /home/me/dev/projects/liferay-portal/.gradle/caches/jars-9/cc191f5f7046d687e196a0ca17b09200/proj.jar
7f1882a8a000-7f1882a8b000 r--s 00002000 fd:01 479774532                  /home/me/dev/projects/liferay-portal/.gradle/caches/jars-9/2ebbcd7b44e55a9bc5970a23265c7d3a/proj.jar
7f1882a8b000-7f1882a8c000 r--s 00001000 fd:01 479774529                  /home/me/dev/projects/liferay-portal/.gradle/caches/jars-9/daf74522cd6fe2ed711a885a8ae588c0/proj.jar
7f1882a8c000-7f1882a8d000 r--s 00003000 fd:01 479774718                  /home/me/dev/projects/liferay-portal/.gradle/caches/jars-9/ce02ae539f3e172d7563bbbf4571f698/proj.jar
7f1882a8d000-7f1882a8e000 r--s 00003000 fd:01 479774715                  /home/me/dev/projects/liferay-portal/.gradle/caches/jars-9/446619e6db0c277f78c627a368a0486a/proj.jar
7f1882a8e000-7f1882a8f000 r--s 00001000 fd:01 479774680                  /home/me/dev/projects/liferay-portal/.gradle/caches/jars-9/058150b30944e39766b070b33c854eb7/proj.jar
7f1882a8f000-7f1882a90000 r--s 00001000 fd:01 479774677                  /home/me/dev/projects/liferay-portal/.gradle/caches/jars-9/94061e1eb9605790b49b0ba9a828ba86/proj.jar
7f1882a90000-7f1882a91000 r--s 00001000 fd:01 479774675                  /home/me/dev/projects/liferay-portal/.gradle/caches/jars-9/4a5456628603514ead759490f23d3d7d/proj.jar
7f1882a91000-7f1882a92000 r--s 00002000 fd:01 479775111                  /home/me/dev/projects/liferay-portal/.gradle/caches/jars-9/735914af6eb04e37bb0d6315e87a7336/proj.jar
7f1882a92000-7f1882a93000 r--s 00002000 fd:01 479775109                  /home/me/dev/projects/liferay-portal/.gradle/caches/jars-9/9e4501541a461c253e6c7f20f453da06/proj.jar
7f1882a93000-7f1882a94000 r--s 00002000 fd:01 479775107                  /home/me/dev/projects/liferay-portal/.gradle/caches/jars-9/a91e18a2751a1256b4356e00b9b98c97/proj.jar
7f1882a94000-7f1882a95000 r--s 00001000 fd:01 479775105                  /home/me/dev/projects/liferay-portal/.gradle/caches/jars-9/f5cf4d2bbb60cc8bf6fec595b6eb2640/proj.jar
7f1882a95000-7f1882a97000 r--s 00002000 fd:01 479780926                  /home/me/dev/projects/liferay-portal/.gradle/caches/jars-9/c90471b7d12607c1dce530584a30e874/proj.jar
7f1882a97000-7f1882a98000 r--s 00003000 fd:01 479780923                  /home/me/dev/projects/liferay-portal/.gradle/caches/jars-9/27860d20f18bd1e037ebc91254b7a27a/proj.jar
7f1882a98000-7f1882a99000 r--s 00001000 fd:01 479784013                  /home/me/dev/projects/liferay-portal/.gradle/caches/jars-9/ffd5eb6dbe1eb3ae2a8a545087cdd16f/proj.jar
7f1882a99000-7f1882a9a000 r--s 00003000 fd:01 479784011                  /home/me/dev/projects/liferay-portal/.gradle/caches/jars-9/6803571f2efc7bf036d4b9dfcba5d0bf/proj.jar
7f1882a9a000-7f1882a9b000 r--s 00001000 fd:01 479784007                  /home/me/dev/projects/liferay-portal/.gradle/caches/jars-9/cde59f9df20e39b27d7fac2c3104ab3a/proj.jar
7f1882a9b000-7f1882a9d000 r--s 00002000 fd:01 479784005                  /home/me/dev/projects/liferay-portal/.gradle/caches/jars-9/d7f99930947482fe61730e3d1069192e/proj.jar
7f1882a9d000-7f1882a9e000 r--s 00003000 fd:01 479786687                  /home/me/dev/projects/liferay-portal/.gradle/caches/jars-9/ec669a137ae315b52166451fef48d30a/proj.jar
7f1882a9e000-7f1882a9f000 r--s 00002000 fd:01 479786685                  /home/me/dev/projects/liferay-portal/.gradle/caches/jars-9/e8123893418eb9f89ce2e344b7be83de/proj.jar
7f1882a9f000-7f1882aa0000 r--s 00001000 fd:01 479786683                  /home/me/dev/projects/liferay-portal/.gradle/caches/jars-9/3444dcf661e5492069690bc2f29183dc/proj.jar
7f1882aa0000-7f1882aa1000 r--s 00002000 fd:01 479786681                  /home/me/dev/projects/liferay-portal/.gradle/caches/jars-9/9711b6d38c5e6ad3138b3383d5174fb1/proj.jar
7f1882aa1000-7f1882aa2000 r--s 00002000 fd:01 479786679                  /home/me/dev/projects/liferay-portal/.gradle/caches/jars-9/4ff52409b9a020ae555e634bb740102f/proj.jar
7f1882aa2000-7f1882aa3000 r--s 00001000 fd:01 479786677                  /home/me/dev/projects/liferay-portal/.gradle/caches/jars-9/8153f8c3e60aad750707c0d8a46a837d/proj.jar
7f1882aa3000-7f1882aa4000 r--s 00002000 fd:01 479786675                  /home/me/dev/projects/liferay-portal/.gradle/caches/jars-9/1a4eec55d55c17568d4a23fa9fc327cc/proj.jar
7f1882aa4000-7f1882aa5000 r--s 00001000 fd:01 479786673                  /home/me/dev/projects/liferay-portal/.gradle/caches/jars-9/dbea3add959d2b4818fd1f2b3ea557de/proj.jar
7f1882aa5000-7f1882aa6000 r--s 00001000 fd:01 479786671                  /home/me/dev/projects/liferay-portal/.gradle/caches/jars-9/b50d36b4d55fd64acd508f748d4f2951/proj.jar
7f1882aa6000-7f1882aa7000 r--s 00001000 fd:01 479786669                  /home/me/dev/projects/liferay-portal/.gradle/caches/jars-9/5c2fd9baff98f24ab5a072091cdf2da6/proj.jar
7f1882aa7000-7f1882aa8000 r--s 00003000 fd:01 479786667                  /home/me/dev/projects/liferay-portal/.gradle/caches/jars-9/ca6fe7382aefaaff54f3f005457423c6/proj.jar
7f1882aa8000-7f1882aa9000 r--s 00002000 fd:01 479786665                  /home/me/dev/projects/liferay-portal/.gradle/caches/jars-9/6fbad57b144cc49616ac7909a210274b/proj.jar
7f1882aa9000-7f1882aaa000 r--s 00003000 fd:01 479786663                  /home/me/dev/projects/liferay-portal/.gradle/caches/jars-9/a28e0e7fff0e5389b7db037aeaf6e2e0/proj.jar
7f1882aaa000-7f1882aab000 r--s 00002000 fd:01 479786661                  /home/me/dev/projects/liferay-portal/.gradle/caches/jars-9/46182ff43d57351836711991bfe2f074/proj.jar
7f1882aab000-7f1882aac000 r--s 00002000 fd:01 479786659                  /home/me/dev/projects/liferay-portal/.gradle/caches/jars-9/bb055421bdf8084c677803973f3dee62/proj.jar
7f1882aac000-7f1882aad000 r--s 00001000 fd:01 479786657                  /home/me/dev/projects/liferay-portal/.gradle/caches/jars-9/61bef3cd31ce68cf482f2d3bb80415f9/proj.jar
7f1882aad000-7f1882aae000 r--s 00003000 fd:01 479786655                  /home/me/dev/projects/liferay-portal/.gradle/caches/jars-9/0da7219d37dc55ea1c1c756186a40e73/proj.jar
7f1882aae000-7f1882aaf000 r--s 00002000 fd:01 479786653                  /home/me/dev/projects/liferay-portal/.gradle/caches/jars-9/223e1f78ca550a01affe1b85c3aeb76f/proj.jar
7f1882aaf000-7f1882ab0000 r--s 00001000 fd:01 479786651                  /home/me/dev/projects/liferay-portal/.gradle/caches/jars-9/b660e2364591e186329a084277c49a59/proj.jar
7f1882ab0000-7f1882ab1000 r--s 00002000 fd:01 479786649                  /home/me/dev/projects/liferay-portal/.gradle/caches/jars-9/ba68dfe4d505ff60eefc14a402b44340/proj.jar
7f1882ab1000-7f1882ab2000 r--s 00001000 fd:01 479786646                  /home/me/dev/projects/liferay-portal/.gradle/caches/jars-9/c1c28dca7e35ee45eec003e30759b005/proj.jar
7f1882ab2000-7f1882ab3000 r--s 00003000 fd:01 479786644                  /home/me/dev/projects/liferay-portal/.gradle/caches/jars-9/545aee357899c73237a5122d99c60048/proj.jar
7f1882ab3000-7f1882ab4000 r--s 00002000 fd:01 479786642                  /home/me/dev/projects/liferay-portal/.gradle/caches/jars-9/76c57ee89fcf7b8eeaee630dc04b5c19/proj.jar
7f1882ab4000-7f1882ab5000 r--s 00002000 fd:01 479786640                  /home/me/dev/projects/liferay-portal/.gradle/caches/jars-9/8f595fae0d1879c20614bfc188debc1c/proj.jar
7f1882ab5000-7f1882ab6000 r--s 00002000 fd:01 479786638                  /home/me/dev/projects/liferay-portal/.gradle/caches/jars-9/81d360cd920d405f108ef221f39941e1/proj.jar
7f1882ab6000-7f1882ab7000 r--s 00001000 fd:01 479786636                  /home/me/dev/projects/liferay-portal/.gradle/caches/jars-9/6f0cb5506bb1382af4513af7a99f9dad/proj.jar
7f1882ab7000-7f1882ab8000 r--s 00001000 fd:01 479786634                  /home/me/dev/projects/liferay-portal/.gradle/caches/jars-9/389ab2f809206788e663ff040cf789e8/proj.jar
7f1882ab8000-7f1882ab9000 r--s 00001000 fd:01 479786632                  /home/me/dev/projects/liferay-portal/.gradle/caches/jars-9/2cae41a1a8e15cff20745c8bac90af54/proj.jar
7f1882ab9000-7f1882aba000 r--s 00002000 fd:01 479786630                  /home/me/dev/projects/liferay-portal/.gradle/caches/jars-9/9307312bc156a99c4e80a77b175fa531/proj.jar
7f1882aba000-7f1882abb000 r--s 00002000 fd:01 479786628                  /home/me/dev/projects/liferay-portal/.gradle/caches/jars-9/8a33e0ccab079f80322d928af4a1d56a/proj.jar
7f1882abb000-7f1882abc000 r--s 00002000 fd:01 479786626                  /home/me/dev/projects/liferay-portal/.gradle/caches/jars-9/52d00135cd316ad95cae7bd2992551bd/proj.jar
7f1882abc000-7f1882abd000 r--s 00003000 fd:01 479786624                  /home/me/dev/projects/liferay-portal/.gradle/caches/jars-9/4afaa70f31f5035fb9a9a99e9e318d13/proj.jar
7f1882abd000-7f1882abe000 r--s 00001000 fd:01 479786750                  /home/me/dev/projects/liferay-portal/.gradle/caches/jars-9/bda326b00475248a3ab2aa1c69d8e6a4/proj.jar
7f1882abe000-7f1882abf000 r--s 00001000 fd:01 479786748                  /home/me/dev/projects/liferay-portal/.gradle/caches/jars-9/f0b500f447277ed5e0d1ec5f8286178d/proj.jar
7f1882abf000-7f1882ac0000 r--s 00002000 fd:01 479786746                  /home/me/dev/projects/liferay-portal/.gradle/caches/jars-9/aeac8d437ec45521c1a79370bb2ea145/proj.jar
7f1882ac0000-7f1882ac1000 r--s 00003000 fd:01 479786744                  /home/me/dev/projects/liferay-portal/.gradle/caches/jars-9/3f04ad88180e94b015347f04d91532cf/proj.jar
7f1882ac1000-7f1882ac2000 r--s 00002000 fd:01 479786742                  /home/me/dev/projects/liferay-portal/.gradle/caches/jars-9/4ae35480285e2a1d692bcf28bde6a994/proj.jar
7f1882ac2000-7f1882ac3000 r--s 00002000 fd:01 479786740                  /home/me/dev/projects/liferay-portal/.gradle/caches/jars-9/519619601ea7a576d6c083d0cfae138e/proj.jar
7f1882ac3000-7f1882ac4000 r--s 00003000 fd:01 479786738                  /home/me/dev/projects/liferay-portal/.gradle/caches/jars-9/eb5cc9914ba7c4f5e3d31cb8396c0051/proj.jar
7f1882ac4000-7f1882ac5000 r--s 00001000 fd:01 479786736                  /home/me/dev/projects/liferay-portal/.gradle/caches/jars-9/05e7e832a24674ee74ea73c66756f88e/proj.jar
7f1882ac5000-7f1882ac6000 r--s 00002000 fd:01 479786734                  /home/me/dev/projects/liferay-portal/.gradle/caches/jars-9/c5eafa89211d5236f0d8c950fc3d0a1f/proj.jar
7f1882ac6000-7f1882ac7000 r--s 00002000 fd:01 479786732                  /home/me/dev/projects/liferay-portal/.gradle/caches/jars-9/eea5dfd37c34ef5560ff42e3a75df208/proj.jar
7f1882ac7000-7f1882ac8000 r--s 00002000 fd:01 479786730                  /home/me/dev/projects/liferay-portal/.gradle/caches/jars-9/ab32caba903a04e8f81a539f30fef8b9/proj.jar
7f1882ac8000-7f1882ac9000 r--s 00001000 fd:01 479786728                  /home/me/dev/projects/liferay-portal/.gradle/caches/jars-9/fbef2e0fdc21f3fc0e01a136d41ea6a3/proj.jar
7f1882ac9000-7f1882aca000 r--s 00003000 fd:01 479786726                  /home/me/dev/projects/liferay-portal/.gradle/caches/jars-9/eb116b454095a8986a49b9539f38994b/proj.jar
7f1882aca000-7f1882acb000 r--s 00001000 fd:01 479786724                  /home/me/dev/projects/liferay-portal/.gradle/caches/jars-9/d203eb45d2a6ebe2c1582d9eefcf83b7/proj.jar
7f1882acb000-7f1882acc000 r--s 00002000 fd:01 479786722                  /home/me/dev/projects/liferay-portal/.gradle/caches/jars-9/2a9ec3c9d1d40e903cbace489b1c8e19/proj.jar
7f1882acc000-7f1882acd000 r--s 00002000 fd:01 479786720                  /home/me/dev/projects/liferay-portal/.gradle/caches/jars-9/82dcb2587a056a6418b356d2ae4ab206/proj.jar
7f1882acd000-7f1882ace000 r--s 00003000 fd:01 479786718                  /home/me/dev/projects/liferay-portal/.gradle/caches/jars-9/4748fe10b55bf6d22d2ad2f43e65f9a3/proj.jar
7f1882ace000-7f1882acf000 r--s 00002000 fd:01 479786716                  /home/me/dev/projects/liferay-portal/.gradle/caches/jars-9/1e601272941875ac327e50e2d818a539/proj.jar
7f1882acf000-7f1882ad0000 r--s 00001000 fd:01 479786714                  /home/me/dev/projects/liferay-portal/.gradle/caches/jars-9/5435a7ad6d1223a55f03a84a8b515a58/proj.jar
7f1882ad0000-7f1882ad1000 r--s 00002000 fd:01 479786712                  /home/me/dev/projects/liferay-portal/.gradle/caches/jars-9/df6823fd03d3bcf0f303b6da3823541d/proj.jar
7f1882ad1000-7f1882ad2000 r--s 00003000 fd:01 479786710                  /home/me/dev/projects/liferay-portal/.gradle/caches/jars-9/473a173655877d5d0d1120292700367e/proj.jar
7f1882ad2000-7f1882ad3000 r--s 00001000 fd:01 479786708                  /home/me/dev/projects/liferay-portal/.gradle/caches/jars-9/8ed16232070ad3ca4800a787ea29581a/proj.jar
7f1882ad3000-7f1882ad4000 r--s 00002000 fd:01 479786706                  /home/me/dev/projects/liferay-portal/.gradle/caches/jars-9/4cc0a4a9685d2ab58d124448485d2233/proj.jar
7f1882ad4000-7f1882ad5000 r--s 00002000 fd:01 479786704                  /home/me/dev/projects/liferay-portal/.gradle/caches/jars-9/e8eb79ed317b1d66633efbfc42bd76e0/proj.jar
7f1882ad5000-7f1882ad6000 r--s 00001000 fd:01 471736631                  /home/me/dev/projects/liferay-portal/.gradle/caches/jars-9/3cd4879275b51071e2083ba21b985132/proj.jar
7f1882ad6000-7f1882af6000 r--s 003f0000 fd:01 483780489                  /home/me/dev/projects/liferay-portal/.gradle/caches/jars-9/9e0cd48db4cdd190317d4052c0088d45/org.eclipse.jgit-4.1.1.201511131810-r.jar
7f1882af6000-7f1882af8000 r--s 00007000 fd:01 484630130                  /home/me/dev/projects/liferay-portal/.gradle/caches/jars-9/2f2d30f07c83dad200ea03895ee48ee6/com.liferay.gradle.plugins.change.log.builder-1.1.7.jar
7f1882af8000-7f1882af9000 r--s 00000000 fd:01 480230656                  /home/me/dev/projects/liferay-portal/.gradle/caches/jars-9/df35f4bb4625246ba67436fae30f776c/proj.jar
7f1882af9000-7f1882afa000 r--s 00000000 fd:01 480256890                  /home/me/dev/projects/liferay-portal/.gradle/caches/jars-9/3d95e1519ffc53cac38e534b3e9e4f42/proj.jar
7f1882afa000-7f1882afb000 r--s 00000000 fd:01 480262945                  /home/me/dev/projects/liferay-portal/.gradle/caches/jars-9/db98ce553fe1d72544271ec5679ae33b/proj.jar
7f1882afb000-7f1882afc000 r--s 00000000 fd:01 480270466                  /home/me/dev/projects/liferay-portal/.gradle/caches/jars-9/58b3673c68fc021b8de93eff6c7cf8ef/proj.jar
7f1882afc000-7f1882afd000 r--s 00001000 fd:01 480316424                  /home/me/dev/projects/liferay-portal/.gradle/caches/jars-9/1ae80a42653d8143ff1a7f3199eb4a9b/cp_proj.jar
7f1882afd000-7f1882afe000 r--s 00000000 fd:01 481433392                  /home/me/dev/projects/liferay-portal/.gradle/caches/jars-9/aa820cddcbee6f5a66bf76316695ff5c/proj.jar
7f1882afe000-7f1882aff000 r--s 00000000 fd:01 481433352                  /home/me/dev/projects/liferay-portal/.gradle/caches/jars-9/aaeed75b57cbd7a5f0aaceb3ba9bf609/proj.jar
7f1882aff000-7f1882b00000 r--s 00000000 fd:01 483479649                  /home/me/dev/projects/liferay-portal/.gradle/caches/jars-9/8d06f96c1bfe54e870a43a8a7e3da879/proj.jar
7f1882b00000-7f1882b03000 ---p 00000000 00:00 0 
7f1882b03000-7f1882c00000 rw-p 00000000 00:00 0 
7f1882c00000-7f1882e00000 rw-p 00000000 00:00 0 
7f1882e00000-7f1882e53000 r-xp 00000000 fd:01 152327426                  /home/me/dev/projects/liferay-portal/.gradle/native/38dada09dfb8b06ba9b0570ebf7e218e3eb74d4ef43ca46872605cf95ebc2f47/linux-amd64/libnative-platform-file-events.so
7f1882e53000-7f1883052000 ---p 00053000 fd:01 152327426                  /home/me/dev/projects/liferay-portal/.gradle/native/38dada09dfb8b06ba9b0570ebf7e218e3eb74d4ef43ca46872605cf95ebc2f47/linux-amd64/libnative-platform-file-events.so
7f1883052000-7f1883053000 r--p 00052000 fd:01 152327426                  /home/me/dev/projects/liferay-portal/.gradle/native/38dada09dfb8b06ba9b0570ebf7e218e3eb74d4ef43ca46872605cf95ebc2f47/linux-amd64/libnative-platform-file-events.so
7f1883053000-7f1883055000 rw-p 00053000 fd:01 152327426                  /home/me/dev/projects/liferay-portal/.gradle/native/38dada09dfb8b06ba9b0570ebf7e218e3eb74d4ef43ca46872605cf95ebc2f47/linux-amd64/libnative-platform-file-events.so
7f1883055000-7f1883057000 r--s 00018000 fd:01 483780499                  /home/me/dev/projects/liferay-portal/.gradle/caches/jars-9/59d8fc918fd857b6ad7287f277e5f0ce/zt-exec-1.9.jar
7f1883057000-7f1883058000 r--s 00002000 fd:01 484248024                  /home/me/dev/projects/liferay-portal/.gradle/caches/jars-9/9d01953a7da131047490a8d51376f7ff/com.liferay.gradle.plugins.tld.formatter-1.0.15.jar
7f1883058000-7f188305a000 r--s 00010000 fd:01 484248027                  /home/me/dev/projects/liferay-portal/.gradle/caches/jars-9/93d8d4e72d3f50f23a6e8a138251ead3/com.liferay.gradle.plugins.tlddoc.builder-2.0.2.jar
7f188305a000-7f1883061000 r--s 0012d000 fd:01 479691483                  /home/me/dev/projects/liferay-portal/.gradle/caches/jars-9/2587f532402d846670dd640680743f8f/tomcat-jasper-9.0.97.jar
7f1883061000-7f1883062000 r--s 00007000 fd:01 482738844                  /home/me/dev/projects/liferay-portal/.gradle/caches/jars-9/1b8104a812354c35ed0f0aeb044e253b/com.liferay.gradle.plugins.jasper.jspc-2.0.19.jar
7f1883062000-7f1883064000 r--s 00004000 fd:01 484248016                  /home/me/dev/projects/liferay-portal/.gradle/caches/jars-9/a72bd694eb5d05f7f0d8ba730b0310f4/com.liferay.gradle.plugins.javadoc.formatter-2.0.1.jar
7f1883064000-7f1883066000 r--s 0000e000 fd:01 484248013                  /home/me/dev/projects/liferay-portal/.gradle/caches/jars-9/26b7bf24f7fd071fb1c8d8e6b9f96664/com.liferay.gradle.plugins.css.builder-5.0.14.jar
7f1883066000-7f1883069000 r--s 00054000 fd:01 485874049                  /home/me/dev/projects/liferay-portal/.gradle/caches/jars-9/866de773b57757e877b425a89f28db66/dsl.jar
7f1883069000-7f188306b000 r--s 00009000 fd:01 485863598                  /home/me/dev/projects/liferay-portal/.gradle/caches/jars-9/28ae3a13f50dd2218ab9cc6ea1726390/com.liferay.gradle.plugins.lang.builder-3.0.39.jar
7f188306b000-7f188306d000 r--s 00023000 fd:01 484248009                  /home/me/dev/projects/liferay-portal/.gradle/caches/jars-9/51cea585a3c0dc87c831370e28fb9070/spotbugs-gradle-plugin-4.0.0.jar
7f188306d000-7f188306f000 r--s 00006000 fd:01 484248028                  /home/me/dev/projects/liferay-portal/.gradle/caches/jars-9/4b033dde68ed77c4370083f4940ad21a/com.liferay.gradle.plugins.wsdd.builder-1.0.23.jar
7f188306f000-7f1883075000 r--s 000b7000 fd:01 485863605                  /home/me/dev/projects/liferay-portal/.gradle/caches/jars-9/5752b5f34ed28ab13a05ff36d66404da/proj.jar
7f1883075000-7f1883076000 r--s 00001000 fd:01 485863604                  /home/me/dev/projects/liferay-portal/.gradle/caches/jars-9/92486b40ed6f6dd8749e2186e6f64d28/cp_proj.jar
7f1883076000-7f1883079000 ---p 00000000 00:00 0 
7f1883079000-7f18830af000 rw-p 00000000 00:00 0 
7f18830af000-7f18830b2000 r--s 0003a000 fd:01 484248022                  /home/me/dev/projects/liferay-portal/.gradle/caches/jars-9/da36ba4680a99136a346d56290157b72/com.liferay.gradle.plugins.node-8.1.1.jar
7f18830b2000-7f18830b8000 r--s 0008f000 fd:01 485863600                  /home/me/dev/projects/liferay-portal/.gradle/caches/jars-9/014fc74c4edd2f87caf10ab89dd5c99d/com.liferay.gradle.plugins-16.0.9.jar
7f18830b8000-7f18830b9000 r--s 00008000 fd:01 485863599                  /home/me/dev/projects/liferay-portal/.gradle/caches/jars-9/3592ce68b44e3a19facd9d001b2331e8/com.liferay.gradle.plugins.source.formatter-5.2.180.jar
7f18830b9000-7f18830bb000 r--s 00032000 fd:01 483725291                  /home/me/dev/projects/liferay-portal/.gradle/caches/jars-9/8c261579639c312a0af704c39fecb38b/proj.jar
7f18830bb000-7f18830bc000 r--s 00001000 fd:01 483725290                  /home/me/dev/projects/liferay-portal/.gradle/caches/jars-9/8bd255206984779bd3ffda249335fb9b/cp_proj.jar
7f18830bc000-7f18830bf000 r--s 00016000 fd:01 471715938                  /home/me/dev/projects/liferay-portal/.gradle/caches/modules-2/files-2.1/javax.servlet.jsp/jsp-api/2.1/63f943103f250ef1f3a4d5e94d145a0f961f5316/jsp-api-2.1.jar
7f18830bf000-7f18830c1000 r--s 00018000 fd:01 471715937                  /home/me/dev/projects/liferay-portal/.gradle/caches/modules-2/files-2.1/javax.servlet/servlet-api/2.5/5959582d97d8b61f4d154ca9e495aafd16726e34/servlet-api-2.5.jar
7f18830c1000-7f18830c4000 r--s 00007000 fd:01 484630124                  /home/me/dev/projects/liferay-portal/.gradle/caches/modules-2/files-2.1/org.osgi/osgi.annotation/8.0.1/593d823753aa6e128129da357d7891758e66aa1d/osgi.annotation-8.0.1.jar
7f18830c4000-7f18830c6000 r--s 00003000 fd:01 484630127                  /home/me/dev/projects/liferay-portal/.gradle/caches/modules-2/files-2.1/com.google.code.findbugs/jsr305/3.0.2/25ea2e8b0c338a877313bd4672d3fe056ea78f0d/jsr305-3.0.2.jar
7f18830c6000-7f18830cc000 r--s 0004d000 fd:01 484630121                  /home/me/dev/projects/liferay-portal/.gradle/caches/modules-2/files-2.1/org.antlr/antlr4-runtime/4.7.2/e27d8ab4f984f9d186f54da984a6ab1cccac755e/antlr4-runtime-4.7.2.jar
7f18830cc000-7f18830d0000 r--s 00198000 fd:01 484630117                  /home/me/dev/projects/liferay-portal/.gradle/caches/modules-2/files-2.1/net.java.dev.jna/jna/5.7.0/a04e3db7cf0011d1b6a4bcfaee30ab20f077014b/jna-5.7.0.jar
7f18830d0000-7f18830d7000 r--s 0004b000 fd:01 484630115                  /home/me/dev/projects/liferay-portal/.gradle/caches/modules-2/files-2.1/commons-codec/commons-codec/1.11/3acb4705652e16236558f0f4f2192cc33c3bd189/commons-codec-1.11.jar
7f18830d7000-7f18830d9000 r--s 0000e000 fd:01 484630116                  /home/me/dev/projects/liferay-portal/.gradle/caches/modules-2/files-2.1/commons-logging/commons-logging/1.2/4bfc12adfe4842bf07b657f0369c4cb522955686/commons-logging-1.2.jar
7f18830d9000-7f18830e1000 r--s 00049000 fd:01 484630118                  /home/me/dev/projects/liferay-portal/.gradle/caches/modules-2/files-2.1/org.apache.httpcomponents/httpcore/4.4.16/51cf043c87253c9f58b539c9f7e44c8894223850/httpcore-4.4.16.jar
7f18830e1000-7f18830e3000 r--s 00012000 fd:01 484630119                  /home/me/dev/projects/liferay-portal/.gradle/caches/modules-2/files-2.1/net.minidev/accessors-smart/1.1/a527213f2fea112a04c9bdf0ec0264e34104cd08/accessors-smart-1.1.jar
7f18830e3000-7f18830e6000 r--s 00018000 fd:01 484630113                  /home/me/dev/projects/liferay-portal/.gradle/caches/modules-2/files-2.1/commons-io/commons-io/1.4/a8762d07e76cfde2395257a5da47ba7c1dbd3dce/commons-io-1.4.jar
7f18830e6000-7f1883100000 r--s 002e4000 fd:01 479693827                  /home/me/dev/projects/liferay-portal/.gradle/caches/modules-2/files-2.1/org.eclipse.jdt/ecj/3.26.0/4837be609a3368a0f7e7cf0dc1bdbc7fe94993de/ecj-3.26.0.jar
7f1883100000-7f1883103000 ---p 00000000 00:00 0 
7f1883103000-7f1883200000 rw-p 00000000 00:00 0 
7f1883200000-7f1883203000 ---p 00000000 00:00 0 
7f1883203000-7f1883300000 rw-p 00000000 00:00 0 
7f1883300000-7f1883303000 ---p 00000000 00:00 0 
7f1883303000-7f1883400000 rw-p 00000000 00:00 0 
7f1883400000-7f1883405000 r-xp 00000000 fd:01 2958422338                 /home/me/dev/projects/liferay-portal/.gradle/native/c067742578af261105cb4f569cf0c3c89f3d7b1fecec35dd04571415982c5e48/linux-amd64/libnative-platform.so
7f1883405000-7f1883605000 ---p 00005000 fd:01 2958422338                 /home/me/dev/projects/liferay-portal/.gradle/native/c067742578af261105cb4f569cf0c3c89f3d7b1fecec35dd04571415982c5e48/linux-amd64/libnative-platform.so
7f1883605000-7f1883606000 r--p 00005000 fd:01 2958422338                 /home/me/dev/projects/liferay-portal/.gradle/native/c067742578af261105cb4f569cf0c3c89f3d7b1fecec35dd04571415982c5e48/linux-amd64/libnative-platform.so
7f1883606000-7f1883607000 rw-p 00006000 fd:01 2958422338                 /home/me/dev/projects/liferay-portal/.gradle/native/c067742578af261105cb4f569cf0c3c89f3d7b1fecec35dd04571415982c5e48/linux-amd64/libnative-platform.so
7f1883607000-7f1883608000 r--s 0000c000 fd:01 484630125                  /home/me/dev/projects/liferay-portal/.gradle/caches/modules-2/files-2.1/org.ow2.asm/asm/5.0.3/dcc2193db20e19e1feca8b1240dbbc4e190824fa/asm-5.0.3.jar
7f1883608000-7f188360a000 r--s 00006000 fd:01 484630123                  /home/me/dev/projects/liferay-portal/.gradle/caches/modules-2/files-2.1/javax.servlet.jsp.jstl/jstl-api/1.2/f9a034c1ca1f79c03bb461805a688f944544d138/jstl-api-1.2.jar
7f188360a000-7f188360c000 r--s 00014000 fd:01 483167492                  /home/me/dev/projects/liferay-portal/.gradle/caches/modules-2/files-2.1/org.apache.tomcat/tomcat-el-api/9.0.97/53c1efda25dbedc1da882a98bf782bbb3b56c939/tomcat-el-api-9.0.97.jar
7f188360c000-7f188360f000 r--s 00028000 fd:01 483167510                  /home/me/dev/projects/liferay-portal/.gradle/caches/modules-2/files-2.1/org.apache.tomcat/tomcat-jasper-el/9.0.97/ab01f054cab62c78292760f446139b255a2e6103/tomcat-jasper-el-9.0.97.jar
7f188360f000-7f1883611000 r--s 0000b000 fd:01 483168382                  /home/me/dev/projects/liferay-portal/.gradle/caches/modules-2/files-2.1/org.apache.tomcat/tomcat-juli/9.0.97/a83b304763aeb3d74af72ed68b60a5b891af9d3c/tomcat-juli-9.0.97.jar
7f1883611000-7f1883616000 r--s 00035000 fd:01 482963915                  /home/me/dev/projects/liferay-portal/.gradle/caches/modules-2/files-2.1/org.apache.tomcat/tomcat-util/9.0.97/cd2e51113e8718ef431395572844720148a9eb3a/tomcat-util-9.0.97.jar
7f1883616000-7f188361a000 r--s 00042000 fd:01 483049594                  /home/me/dev/projects/liferay-portal/.gradle/caches/modules-2/files-2.1/org.apache.tomcat/tomcat-servlet-api/9.0.97/c88d02f25800cff2b039f826a2116d165e008efe/tomcat-servlet-api-9.0.97.jar
7f188361a000-7f188361b000 r--s 00002000 fd:01 483167502                  /home/me/dev/projects/liferay-portal/.gradle/caches/modules-2/files-2.1/org.apache.tomcat/tomcat-api/9.0.97/c2d84b30dc92f82c340599d1d30832bc36337262/tomcat-api-9.0.97.jar
7f188361b000-7f188361f000 r--s 00034000 fd:01 483168373                  /home/me/dev/projects/liferay-portal/.gradle/caches/modules-2/files-2.1/org.apache.tomcat/tomcat-util-scan/9.0.97/86c3ce7603196f584e523570aa8f6c535bca2f8/tomcat-util-scan-9.0.97.jar
7f188361f000-7f1883622000 r--s 00010000 fd:01 483167525                  /home/me/dev/projects/liferay-portal/.gradle/caches/modules-2/files-2.1/org.apache.tomcat/tomcat-jsp-api/9.0.97/ca3df1bc74c56874555568f47f2afe6ff38a1c6e/tomcat-jsp-api-9.0.97.jar
7f1883622000-7f1883623000 r--s 00005000 fd:01 484630106                  /home/me/dev/projects/liferay-portal/.gradle/caches/modules-2/files-2.1/org.osgi/org.osgi.service.resolver/1.1.1/a275db5df7f8b0f00d38d2ac397ef0d644dc6785/org.osgi.service.resolver-1.1.1.jar
7f1883623000-7f1883624000 r--s 00009000 fd:01 484630122                  /home/me/dev/projects/liferay-portal/.gradle/caches/modules-2/files-2.1/org.osgi/org.osgi.service.coordinator/1.0.2/1e16482d86640d296584b0fa23129c73bb4a4123/org.osgi.service.coordinator-1.0.2.jar
7f1883624000-7f1883627000 r--s 00012000 fd:01 484630105                  /home/me/dev/projects/liferay-portal/.gradle/caches/modules-2/files-2.1/org.osgi/org.osgi.util.promise/1.2.0/26c17e1bbfc885ae9eae878de9a0afb73240f031/org.osgi.util.promise-1.2.0.jar
7f1883627000-7f1883629000 r--s 00005000 fd:01 484630102                  /home/me/dev/projects/liferay-portal/.gradle/caches/modules-2/files-2.1/org.osgi/org.osgi.service.repository/1.1.0/64ef667172ece1a39b0bd9471b8336c5f002370d/org.osgi.service.repository-1.1.0.jar
7f1883629000-7f1883630000 r--s 0004e000 fd:01 484630100                  /home/me/dev/projects/liferay-portal/.gradle/caches/modules-2/files-2.1/org.osgi/org.osgi.framework/1.8.0/b54d03f9621136b7d9d93b5017b0a4fa490e78b0/org.osgi.framework-1.8.0.jar
7f1883630000-7f1883651000 r--s 00126000 fd:01 484630095                  /home/me/dev/projects/liferay-portal/.gradle/caches/modules-2/files-2.1/net.java.dev.jna/jna-platform/5.7.0/7b3683e4fceb28433c1365250dbc1f58e4c1df2c/jna-platform-5.7.0.jar
7f1883651000-7f1883700000 r--s 00ede000 fd:01 485188195                  /home/me/dev/projects/liferay-portal/.gradle/caches/modules-2/files-2.1/biz.aQute.bnd/biz.aQute.bnd/6.4.0/8a359edbb02aad9138b7824a0d7bbe22f02cf990/biz.aQute.bnd-6.4.0.jar
7f1883700000-7f1883703000 ---p 00000000 00:00 0 
7f1883703000-7f1883800000 rw-p 00000000 00:00 0 
7f1883800000-7f1883803000 ---p 00000000 00:00 0 
7f1883803000-7f1883900000 rw-p 00000000 00:00 0 
7f1883900000-7f1883903000 ---p 00000000 00:00 0 
7f1883903000-7f1883a00000 rw-p 00000000 00:00 0 
7f1883a00000-7f1883a11000 r-xp 00000000 fd:01 1811992179                 /opt/java/jdk1.8.0_221/jre/lib/amd64/libnio.so
7f1883a11000-7f1883c10000 ---p 00011000 fd:01 1811992179                 /opt/java/jdk1.8.0_221/jre/lib/amd64/libnio.so
7f1883c10000-7f1883c11000 r--p 00010000 fd:01 1811992179                 /opt/java/jdk1.8.0_221/jre/lib/amd64/libnio.so
7f1883c11000-7f1883c12000 rw-p 00011000 fd:01 1811992179                 /opt/java/jdk1.8.0_221/jre/lib/amd64/libnio.so
7f1883c12000-7f1883c13000 r--s 00005000 fd:01 484630104                  /home/me/dev/projects/liferay-portal/.gradle/caches/modules-2/files-2.1/org.osgi/org.osgi.util.function/1.2.0/9fe65a02596b68e06aad340f41e33d53e3f7b8a7/org.osgi.util.function-1.2.0.jar
7f1883c13000-7f1883c15000 r--s 00003000 fd:01 484630101                  /home/me/dev/projects/liferay-portal/.gradle/caches/modules-2/files-2.1/org.osgi/org.osgi.service.log/1.3.0/ca330e0489eac540d7fc1917556081695ebc3428/org.osgi.service.log-1.3.0.jar
7f1883c15000-7f1883c16000 r--s 0000a000 fd:01 484630103                  /home/me/dev/projects/liferay-portal/.gradle/caches/modules-2/files-2.1/org.osgi/org.osgi.util.tracker/1.5.4/eec58ba28538cb05b7d78aff8c915d6d35b66db8/org.osgi.util.tracker-1.5.4.jar
7f1883c16000-7f1883c18000 r--s 00007000 fd:01 484630098                  /home/me/dev/projects/liferay-portal/.gradle/caches/modules-2/files-2.1/org.osgi/org.osgi.resource/1.0.0/343c88949132984b3f2d4175a72c40b77dc65619/org.osgi.resource-1.0.0.jar
7f1883c18000-7f1883c19000 r--s 00003000 fd:01 484630096                  /home/me/dev/projects/liferay-portal/.gradle/caches/modules-2/files-2.1/org.osgi/org.osgi.dto/1.0.0/1d01eb8c487477f929127d4a88fbfe97af0379a4/org.osgi.dto-1.0.0.jar
7f1883c19000-7f1883c1b000 r--s 00005000 fd:01 484630097                  /home/me/dev/projects/liferay-portal/.gradle/caches/modules-2/files-2.1/org.springframework/spring-jcl/5.3.31/e7ab9ee590a195415dd6b898440d776b4c8db78c/spring-jcl-5.3.31.jar
7f1883c1b000-7f1883c1e000 r--s 00024000 fd:01 485903169                  /home/me/dev/projects/liferay-portal/.gradle/caches/modules-2/files-2.1/org.tomlj/tomlj/1.0.0/d1922fb5e672e04d8e8d8dac0b058b1897e6e940/tomlj-1.0.0.jar
7f1883c1e000-7f1883c35000 r--s 00161000 fd:01 484630094                  /home/me/dev/projects/liferay-portal/.gradle/caches/modules-2/files-2.1/com.fasterxml.jackson.core/jackson-databind/2.13.5/aa95e46dbc32454f3983221d420e78ef19ddf844/jackson-databind-2.13.5.jar
7f1883c35000-7f1883c37000 r--s 00001000 fd:01 484630093                  /home/me/dev/projects/liferay-portal/.gradle/caches/modules-2/files-2.1/com.fasterxml.jackson.module/jackson-module-parameter-names/2.13.5/a401a99e7a45450fd3ef76e82ba39005fd1a8c22/jackson-module-parameter-names-2.13.5.jar
7f1883c37000-7f1883c3c000 r--s 00057000 fd:01 484630099                  /home/me/dev/projects/liferay-portal/.gradle/caches/modules-2/files-2.1/com.fasterxml.jackson.core/jackson-core/2.13.5/d07c97d3de9ea658caf1ff1809fd9de930a286a/jackson-core-2.13.5.jar
7f1883c3c000-7f1883c3f000 r--s 00010000 fd:01 484630092                  /home/me/dev/projects/liferay-portal/.gradle/caches/modules-2/files-2.1/com.fasterxml.jackson.core/jackson-annotations/2.13.5/136f77ab424f302c9e27230b4482e8000e142edf/jackson-annotations-2.13.5.jar
7f1883c3f000-7f1883c43000 r--s 0002d000 fd:01 484630091                  /home/me/dev/projects/liferay-portal/.gradle/caches/modules-2/files-2.1/net.minidev/json-smart/2.2/53200a9d80fff3106dc435de1350cdd20b757819/json-smart-2.2.jar
7f1883c43000-7f1883c45000 r--s 00000000 fd:01 484630087                  /home/me/dev/projects/liferay-portal/.gradle/caches/modules-2/files-2.1/org.eclipse.jdt/org.eclipse.jdt.annotation/1.1.0/c154cecefedc3a8f2a2752db856d8a251ecb49c9/org.eclipse.jdt.annotation-1.1.0.jar
7f1883c45000-7f1883c47000 r--s 00009000 fd:01 484630089                  /home/me/dev/projects/liferay-portal/.gradle/caches/modules-2/files-2.1/org.slf4j/slf4j-api/1.7.25/da76ca59f6a57ee3102f8f9bd9cee742973efa8a/slf4j-api-1.7.25.jar
7f1883c47000-7f1883c54000 r--s 000b3000 fd:01 484630088                  /home/me/dev/projects/liferay-portal/.gradle/caches/modules-2/files-2.1/org.apache.httpcomponents/httpclient/4.5.14/1194890e6f56ec29177673f2f12d0b8e627dec98/httpclient-4.5.14.jar
7f1883c54000-7f1883c57000 r--s 0001c000 fd:01 484630085                  /home/me/dev/projects/liferay-portal/.gradle/caches/modules-2/files-2.1/com.googlecode.javaewah/JavaEWAH/0.7.9/eceaf316a8faf0e794296ebe158ae110c7d72a5a/JavaEWAH-0.7.9.jar
7f1883c57000-7f1883c5c000 r--s 00040000 fd:01 484630086                  /home/me/dev/projects/liferay-portal/.gradle/caches/modules-2/files-2.1/com.jcraft/jsch/0.1.53/658b682d5c817b27ae795637dfec047c63d29935/jsch-0.1.53.jar
7f1883c5c000-7f1883c5e000 r--s 0000b000 fd:01 484630090                  /home/me/dev/projects/liferay-portal/.gradle/caches/modules-2/files-2.1/org.zeroturnaround/zt-exec/1.9/a6c5747098b1ede9f4a6e9c36eaebb357a4430ed/zt-exec-1.9.jar
7f1883c5e000-7f1883c68000 r--s 0006b000 fd:01 483167512                  /home/me/dev/projects/liferay-portal/.gradle/caches/modules-2/files-2.1/org.osgi/osgi.core/6.0.0/c49acdc9ac62cf69ee49cb6f1905b4fdb79ea5c/osgi.core-6.0.0.jar
7f1883c68000-7f1883c71000 r--s 0005b000 fd:01 484630114                  /home/me/dev/projects/liferay-portal/.gradle/caches/modules-2/files-2.1/org.glassfish.web/javax.servlet.jsp.jstl/1.2.3/f8159b40c60622d6c68fd99100872c4270834e43/javax.servlet.jsp.jstl-1.2.3.jar
7f1883c71000-7f1883c79000 r--s 00086000 fd:01 483167490                  /home/me/dev/projects/liferay-portal/.gradle/caches/modules-2/files-2.1/org.apache.tomcat/tomcat-jasper/9.0.97/31a6626db1c71b88aa9426122e038c52d5e8b790/tomcat-jasper-9.0.97.jar
7f1883c79000-7f1883c8c000 r--s 000d8000 fd:01 485188192                  /home/me/dev/projects/liferay-portal/.gradle/caches/modules-2/files-2.1/biz.aQute.bnd/aQute.libg/6.4.0/ba94f4edc7d4ef13a82dbb9cec3fac1c656de702/aQute.libg-6.4.0.jar
7f1883c8c000-7f1883c95000 r--s 00060000 fd:01 485188193                  /home/me/dev/projects/liferay-portal/.gradle/caches/modules-2/files-2.1/biz.aQute.bnd/biz.aQute.bnd.util/6.4.0/e605927994293e2336989ae53bbe8ecb4ead4bf6/biz.aQute.bnd.util-6.4.0.jar
7f1883c95000-7f1883cc5000 r--s 002de000 fd:01 485903230                  /home/me/dev/projects/liferay-portal/.gradle/caches/modules-2/files-2.1/biz.aQute.bnd/biz.aQute.bndlib/6.4.0/7f6895d7fc0570d2a5d0dd9fc7a7002d97f31296/biz.aQute.bndlib-6.4.0.jar
7f1883cc5000-7f1883cd9000 r--s 000f2000 fd:01 484922192                  /home/me/dev/projects/liferay-portal/.gradle/caches/modules-2/files-2.1/biz.aQute.bnd/biz.aQute.repository/6.4.0/7cd88e37ce74525b06eb9ebc6b3589572f2c69d0/biz.aQute.repository-6.4.0.jar
7f1883cd9000-7f1883ce4000 r--s 00095000 fd:01 485903229                  /home/me/dev/projects/liferay-portal/.gradle/caches/modules-2/files-2.1/biz.aQute.bnd/biz.aQute.resolve/6.4.0/633fc93ad79e737f72d7f19711a65a83f94ce517/biz.aQute.resolve-6.4.0.jar
7f1883ce4000-7f1883d00000 r--s 00150000 fd:01 485903228                  /home/me/dev/projects/liferay-portal/.gradle/caches/modules-2/files-2.1/org.springframework/spring-core/5.3.31/368e76f732a3c331b970f69cafec1525d27b34d3/spring-core-5.3.31.jar
7f1883d00000-7f1883d03000 ---p 00000000 00:00 0 
7f1883d03000-7f1883e00000 rw-p 00000000 00:00 0 
7f1883e00000-7f1883e01000 r--s 00002000 fd:01 479786702                  /home/me/dev/projects/liferay-portal/.gradle/caches/jars-9/ecd24550217f331367e51ca16b34dd81/proj.jar
7f1883e01000-7f1883e02000 r--s 00001000 fd:01 479786700                  /home/me/dev/projects/liferay-portal/.gradle/caches/jars-9/fe15a66a908ef5b645fccdc439dc8d9d/proj.jar
7f1883e02000-7f1883e03000 r--s 00001000 fd:01 479786698                  /home/me/dev/projects/liferay-portal/.gradle/caches/jars-9/9b44d668cb098162502bc1d958fa2090/proj.jar
7f1883e03000-7f1883e04000 r--s 00001000 fd:01 479789656                  /home/me/dev/projects/liferay-portal/.gradle/caches/jars-9/9f651919f95fe81bf4c31f60d054582e/proj.jar
7f1883e04000-7f1883e05000 r--s 00002000 fd:01 479790010                  /home/me/dev/projects/liferay-portal/.gradle/caches/jars-9/3b7fceb79dd0b19719f8983e69c9c354/proj.jar
7f1883e05000-7f1883e06000 r--s 00002000 fd:01 479790008                  /home/me/dev/projects/liferay-portal/.gradle/caches/jars-9/8dafed77531f2384ae161b8475255c1d/proj.jar
7f1883e06000-7f1883e08000 r--s 00001000 fd:01 479790006                  /home/me/dev/projects/liferay-portal/.gradle/caches/jars-9/5d183187076f698c09303e8b2dc23430/proj.jar
7f1883e08000-7f1883e09000 r--s 00003000 fd:01 479790004                  /home/me/dev/projects/liferay-portal/.gradle/caches/jars-9/aa22d2691c6a160744fc4ffdf716ac40/proj.jar
7f1883e09000-7f1883e0a000 r--s 00002000 fd:01 479790002                  /home/me/dev/projects/liferay-portal/.gradle/caches/jars-9/46ef3455d9869ce256ca6818216e8069/proj.jar
7f1883e0a000-7f1883e0c000 r--s 00001000 fd:01 479789999                  /home/me/dev/projects/liferay-portal/.gradle/caches/jars-9/a47b749d2291b252b395d238d925abd9/proj.jar
7f1883e0c000-7f1883e0d000 r--s 00001000 fd:01 479789997                  /home/me/dev/projects/liferay-portal/.gradle/caches/jars-9/8559406f17f229dfa9e6fc50bf866324/proj.jar
7f1883e0d000-7f1883e0e000 r--s 00002000 fd:01 479789995                  /home/me/dev/projects/liferay-portal/.gradle/caches/jars-9/6505c9bda7d8255c3cff3daaa5a7a3af/proj.jar
7f1883e0e000-7f1883e0f000 r--s 00001000 fd:01 479789993                  /home/me/dev/projects/liferay-portal/.gradle/caches/jars-9/63853f0913d678faa1876e9df1c0c609/proj.jar
7f1883e0f000-7f1883e10000 r--s 00002000 fd:01 479789991                  /home/me/dev/projects/liferay-portal/.gradle/caches/jars-9/2fe94550ee51a346f428c697af684665/proj.jar
7f1883e10000-7f1883e11000 r--s 00002000 fd:01 479789989                  /home/me/dev/projects/liferay-portal/.gradle/caches/jars-9/50bf61123ef33166aabb28ebbaf2b929/proj.jar
7f1883e11000-7f1883e12000 r--s 00002000 fd:01 479789987                  /home/me/dev/projects/liferay-portal/.gradle/caches/jars-9/1811e61db884768a69132847d74580de/proj.jar
7f1883e12000-7f1883e13000 r--s 00002000 fd:01 479789985                  /home/me/dev/projects/liferay-portal/.gradle/caches/jars-9/34a5799834b8a23b6512adecf4919d50/proj.jar
7f1883e13000-7f1883e14000 r--s 00001000 fd:01 479789983                  /home/me/dev/projects/liferay-portal/.gradle/caches/jars-9/5a6c94ee6d25b724deae37b682700885/proj.jar
7f1883e14000-7f1883e15000 r--s 00002000 fd:01 479789981                  /home/me/dev/projects/liferay-portal/.gradle/caches/jars-9/f5e4ab97f49f7a9c6b078df6cf469ce4/proj.jar
7f1883e15000-7f1883e16000 r--s 00002000 fd:01 479789976                  /home/me/dev/projects/liferay-portal/.gradle/caches/jars-9/d8f246001c6fc7411d554593fbf5997a/proj.jar
7f1883e16000-7f1883e17000 r--s 00002000 fd:01 480102082                  /home/me/dev/projects/liferay-portal/.gradle/caches/jars-9/cc683a3cae8fd078faf2124e7de9bc19/proj.jar
7f1883e17000-7f1883e18000 r--s 00002000 fd:01 479789972                  /home/me/dev/projects/liferay-portal/.gradle/caches/jars-9/d30eb8357eb5966e017be000786003b1/proj.jar
7f1883e18000-7f1883e19000 r--s 00002000 fd:01 485879260                  /home/me/dev/projects/liferay-portal/.gradle/caches/jars-9/168155b8f09ed853ed8042826c116036/proj.jar
7f1883e19000-7f1883e1a000 r--s 00001000 fd:01 479789967                  /home/me/dev/projects/liferay-portal/.gradle/caches/jars-9/736bfb657a19e344c57007250cfe924b/proj.jar
7f1883e1a000-7f1883e1b000 r--s 00003000 fd:01 479789965                  /home/me/dev/projects/liferay-portal/.gradle/caches/jars-9/ccd21005ac88022a5e4faf39731c04f4/proj.jar
7f1883e1b000-7f1883e1c000 r--s 00001000 fd:01 479789963                  /home/me/dev/projects/liferay-portal/.gradle/caches/jars-9/ace19c16a749966b6c4e4f86a87cb611/proj.jar
7f1883e1c000-7f1883e1d000 r--s 00002000 fd:01 470357450                  /home/me/dev/projects/liferay-portal/.gradle/caches/jars-9/e1ba1379a399ee6775906c52837d645f/proj.jar
7f1883e1d000-7f1883e1e000 r--s 00001000 fd:01 479789959                  /home/me/dev/projects/liferay-portal/.gradle/caches/jars-9/4083f84910348b79e6910e8c424038fc/proj.jar
7f1883e1e000-7f1883e1f000 r--s 00002000 fd:01 479789957                  /home/me/dev/projects/liferay-portal/.gradle/caches/jars-9/5833ca8a1260302deb8c7d3cd1299007/proj.jar
7f1883e1f000-7f1883e20000 r--s 00002000 fd:01 479789955                  /home/me/dev/projects/liferay-portal/.gradle/caches/jars-9/8c75749e06d2d670985b1e70537c74cb/proj.jar
7f1883e20000-7f1883e21000 r--s 00002000 fd:01 479789953                  /home/me/dev/projects/liferay-portal/.gradle/caches/jars-9/b23577e20bdc25cde906d3972c7c36b6/proj.jar
7f1883e21000-7f1883e22000 r--s 00002000 fd:01 479790527                  /home/me/dev/projects/liferay-portal/.gradle/caches/jars-9/7107753c616baf8fc7ce6b73c676b060/proj.jar
7f1883e22000-7f1883e24000 r--s 00001000 fd:01 479790525                  /home/me/dev/projects/liferay-portal/.gradle/caches/jars-9/eb9e206bf67f9270dadbf6003abb9890/proj.jar
7f1883e24000-7f1883e25000 r--s 00002000 fd:01 479790523                  /home/me/dev/projects/liferay-portal/.gradle/caches/jars-9/e02ff63d2ab63219093151725eae937c/proj.jar
7f1883e25000-7f1883e26000 r--s 00002000 fd:01 479790520                  /home/me/dev/projects/liferay-portal/.gradle/caches/jars-9/b316760ee9b47559b129a17a70d337eb/proj.jar
7f1883e26000-7f1883e28000 r--s 00001000 fd:01 479790518                  /home/me/dev/projects/liferay-portal/.gradle/caches/jars-9/4dff9bb7dced6635c75b02e77b777b4f/proj.jar
7f1883e28000-7f1883e29000 r--s 00002000 fd:01 479790516                  /home/me/dev/projects/liferay-portal/.gradle/caches/jars-9/ba9b0941dd6e87680c5872b17f9f5cef/proj.jar
7f1883e29000-7f1883e2a000 r--s 00002000 fd:01 479790514                  /home/me/dev/projects/liferay-portal/.gradle/caches/jars-9/e6aad21db431fc14d3a16ea0dfc71f60/proj.jar
7f1883e2a000-7f1883e2b000 r--s 00002000 fd:01 479790512                  /home/me/dev/projects/liferay-portal/.gradle/caches/jars-9/7488b9ac41cf3079bd9eed125e95091d/proj.jar
7f1883e2b000-7f1883e2c000 r--s 00002000 fd:01 479790510                  /home/me/dev/projects/liferay-portal/.gradle/caches/jars-9/feae9a0c1faa7c40efd89068df8a01d8/proj.jar
7f1883e2c000-7f1883e2d000 r--s 00002000 fd:01 479790508                  /home/me/dev/projects/liferay-portal/.gradle/caches/jars-9/04d3ec87ba086a57eb1802feb0ae95ab/proj.jar
7f1883e2d000-7f1883e2e000 r--s 00002000 fd:01 479790505                  /home/me/dev/projects/liferay-portal/.gradle/caches/jars-9/d3a1f7bc5a235f498d7aaae74e7bb004/proj.jar
7f1883e2e000-7f1883e2f000 r--s 00001000 fd:01 479790503                  /home/me/dev/projects/liferay-portal/.gradle/caches/jars-9/9aa6f52d8f8edd75ffb8bbe59b1b4956/proj.jar
7f1883e2f000-7f1883e30000 r--s 00001000 fd:01 479790501                  /home/me/dev/projects/liferay-portal/.gradle/caches/jars-9/2ffaea673e19172f3716b00695a7fb0e/proj.jar
7f1883e30000-7f1883e32000 r--s 00001000 fd:01 479790499                  /home/me/dev/projects/liferay-portal/.gradle/caches/jars-9/04e274a2abbbd4681abe09d4776113dd/proj.jar
7f1883e32000-7f1883e33000 r--s 00003000 fd:01 479790497                  /home/me/dev/projects/liferay-portal/.gradle/caches/jars-9/c47cbf13ef41b667718fea111d3b8bd1/proj.jar
7f1883e33000-7f1883e34000 r--s 00001000 fd:01 479790495                  /home/me/dev/projects/liferay-portal/.gradle/caches/jars-9/a6d735cad6a7c1d1a2c01b8dcb2c4ff8/proj.jar
7f1883e34000-7f1883e35000 r--s 00001000 fd:01 479790493                  /home/me/dev/projects/liferay-portal/.gradle/caches/jars-9/b16e7b58bc2a69410c4d734e485c63e5/proj.jar
7f1883e35000-7f1883e36000 r--s 00003000 fd:01 479790491                  /home/me/dev/projects/liferay-portal/.gradle/caches/jars-9/ab5bc106811095dccb91cf85399a7ef1/proj.jar
7f1883e36000-7f1883e38000 r--s 00001000 fd:01 479790489                  /home/me/dev/projects/liferay-portal/.gradle/caches/jars-9/ccb1af53769e72be71eb5dc9fee20ea5/proj.jar
7f1883e38000-7f1883e39000 r--s 00001000 fd:01 479790487                  /home/me/dev/projects/liferay-portal/.gradle/caches/jars-9/58e380ae06b6a75415186dec2d7d8601/proj.jar
7f1883e39000-7f1883e3a000 r--s 00002000 fd:01 479790485                  /home/me/dev/projects/liferay-portal/.gradle/caches/jars-9/ea82b4caabbb283272fbaf42cd58c96d/proj.jar
7f1883e3a000-7f1883e3b000 r--s 00001000 fd:01 479790483                  /home/me/dev/projects/liferay-portal/.gradle/caches/jars-9/3e8c8c4b2f978e40f4fd5cffe69587c2/proj.jar
7f1883e3b000-7f1883e3c000 r--s 00002000 fd:01 479790481                  /home/me/dev/projects/liferay-portal/.gradle/caches/jars-9/39b6fd603f1c2f475917632d26a4d41d/proj.jar
7f1883e3c000-7f1883e3d000 r--s 00001000 fd:01 479790479                  /home/me/dev/projects/liferay-portal/.gradle/caches/jars-9/a1a3bf24a050645c50c8cf267e9039f3/proj.jar
7f1883e3d000-7f1883e3e000 r--s 00001000 fd:01 479790477                  /home/me/dev/projects/liferay-portal/.gradle/caches/jars-9/f3fa43c5e8c631e79bb005f4685559cb/proj.jar
7f1883e3e000-7f1883e3f000 r--s 00001000 fd:01 479790475                  /home/me/dev/projects/liferay-portal/.gradle/caches/jars-9/a2836cf05758e63ab67fbf919b19f3be/proj.jar
7f1883e3f000-7f1883e40000 r--s 00001000 fd:01 479790473                  /home/me/dev/projects/liferay-portal/.gradle/caches/jars-9/df1947d20ef28ad5022ef12b29c901cf/proj.jar
7f1883e40000-7f1883e42000 r--s 00001000 fd:01 479790471                  /home/me/dev/projects/liferay-portal/.gradle/caches/jars-9/fc08b8fb985ecf24cdf637671159d66b/proj.jar
7f1883e42000-7f1883e43000 r--s 00001000 fd:01 479790469                  /home/me/dev/projects/liferay-portal/.gradle/caches/jars-9/49d8e644a36d148cb8934f0154476014/proj.jar
7f1883e43000-7f1883e44000 r--s 00001000 fd:01 479790467                  /home/me/dev/projects/liferay-portal/.gradle/caches/jars-9/947420af8d6724166a7c4bc520ca5c4c/proj.jar
7f1883e44000-7f1883e45000 r--s 00002000 fd:01 479790464                  /home/me/dev/projects/liferay-portal/.gradle/caches/jars-9/011dfa7c432864e5dedcb78a285b5e26/proj.jar
7f1883e45000-7f1883e46000 r--s 00001000 fd:01 479798782                  /home/me/dev/projects/liferay-portal/.gradle/caches/jars-9/8af0fed4edab1a0493310e7451ebf6d1/proj.jar
7f1883e46000-7f1883e47000 r--s 00001000 fd:01 479798780                  /home/me/dev/projects/liferay-portal/.gradle/caches/jars-9/fd0e88648e75a903875898d25939019b/proj.jar
7f1883e47000-7f1883e48000 r--s 00003000 fd:01 479798778                  /home/me/dev/projects/liferay-portal/.gradle/caches/jars-9/000efe926b002d52f2102e2f785ac108/proj.jar
7f1883e48000-7f1883e49000 r--s 00001000 fd:01 479798776                  /home/me/dev/projects/liferay-portal/.gradle/caches/jars-9/9b64ba0b3e1168a9defe4e7c5ea6a68c/proj.jar
7f1883e49000-7f1883e4a000 r--s 00002000 fd:01 479798774                  /home/me/dev/projects/liferay-portal/.gradle/caches/jars-9/ed393f6bce17897c199c9b8ab45da485/proj.jar
7f1883e4a000-7f1883e4b000 r--s 00002000 fd:01 479798772                  /home/me/dev/projects/liferay-portal/.gradle/caches/jars-9/99de20083923324923a1fbe3e19e700d/proj.jar
7f1883e4b000-7f1883e4c000 r--s 00002000 fd:01 479798770                  /home/me/dev/projects/liferay-portal/.gradle/caches/jars-9/df26f153e6a4fc0878134697bee0d2f6/proj.jar
7f1883e4c000-7f1883e4d000 r--s 00001000 fd:01 479798768                  /home/me/dev/projects/liferay-portal/.gradle/caches/jars-9/cf06c8b5e1dca7d81a985b07c9c06757/proj.jar
7f1883e4d000-7f1883e4e000 r--s 00002000 fd:01 479798766                  /home/me/dev/projects/liferay-portal/.gradle/caches/jars-9/be37cd56ef43f774975b1ba6c12b8309/proj.jar
7f1883e4e000-7f1883e4f000 r--s 0000c000 fd:01 479798764                  /home/me/dev/projects/liferay-portal/.gradle/caches/jars-9/b7cb0f2196ff494db6da844beeb3c629/proj.jar
7f1883e4f000-7f1883e50000 r--s 0000c000 fd:01 479798762                  /home/me/dev/projects/liferay-portal/.gradle/caches/jars-9/53a1e2c40e89a50b920ba1feb9793673/proj.jar
7f1883e50000-7f1883e51000 r--s 0000c000 fd:01 479798760                  /home/me/dev/projects/liferay-portal/.gradle/caches/jars-9/274e1305568f1cc3f5b57e794e1dbb5d/proj.jar
7f1883e51000-7f1883e53000 r--s 00002000 fd:01 479798758                  /home/me/dev/projects/liferay-portal/.gradle/caches/jars-9/b64150993469659cfa9972f55c426ab5/proj.jar
7f1883e53000-7f1883e55000 r--s 00002000 fd:01 479798754                  /home/me/dev/projects/liferay-portal/.gradle/caches/jars-9/3626fcb4825d39b4a5eed7faaa316838/proj.jar
7f1883e55000-7f1883e56000 r--s 00001000 fd:01 479798746                  /home/me/dev/projects/liferay-portal/.gradle/caches/jars-9/b04892703650ae5b9b49061edca1adb9/proj.jar
7f1883e56000-7f1883e57000 r--s 00001000 fd:01 479798735                  /home/me/dev/projects/liferay-portal/.gradle/caches/jars-9/d909594d96bfff347eb093917a8d9ca2/proj.jar
7f1883e57000-7f1883e58000 r--s 00001000 fd:01 479812218                  /home/me/dev/projects/liferay-portal/.gradle/caches/jars-9/5fd712fc7cb6d172c368e417d4791d0e/proj.jar
7f1883e58000-7f1883e59000 r--s 00005000 fd:01 479812216                  /home/me/dev/projects/liferay-portal/.gradle/caches/jars-9/2e934dae47dfe9f064c606c2e0b93031/proj.jar
7f1883e59000-7f1883e5a000 r--s 00006000 fd:01 479812214                  /home/me/dev/projects/liferay-portal/.gradle/caches/jars-9/69da514623584485f0833385bbf41125/proj.jar
7f1883e5a000-7f1883e5b000 r--s 0000f000 fd:01 485808073                  /home/me/dev/projects/liferay-portal/.gradle/caches/jars-9/1f48475e71f134136710fe9be3203355/proj.jar
7f1883e5b000-7f1883e5c000 r--s 00001000 fd:01 479812210                  /home/me/dev/projects/liferay-portal/.gradle/caches/jars-9/5df56a5b1fcad109bbc089f0319183cf/proj.jar
7f1883e5c000-7f1883e5d000 r--s 00001000 fd:01 479812208                  /home/me/dev/projects/liferay-portal/.gradle/caches/jars-9/3b2926f14e4a76a159b2d7b23443518f/proj.jar
7f1883e5d000-7f1883e5e000 r--s 00001000 fd:01 479812206                  /home/me/dev/projects/liferay-portal/.gradle/caches/jars-9/4f42567b3133fd9ec695835e7c7df40a/proj.jar
7f1883e5e000-7f1883e5f000 r--s 00000000 fd:01 479812204                  /home/me/dev/projects/liferay-portal/.gradle/caches/jars-9/572afcb21c16cab543fe00f5d805356b/proj.jar
7f1883e5f000-7f1883e60000 r--s 00000000 fd:01 479812202                  /home/me/dev/projects/liferay-portal/.gradle/caches/jars-9/60c3716a4205062cc6ebe00be49e01b5/proj.jar
7f1883e60000-7f1883e61000 r--s 00000000 fd:01 479812200                  /home/me/dev/projects/liferay-portal/.gradle/caches/jars-9/8d9fe1b841f492e67abcb603fa05fd15/proj.jar
7f1883e61000-7f1883e62000 r--s 00000000 fd:01 479812198                  /home/me/dev/projects/liferay-portal/.gradle/caches/jars-9/4e40f5f141e4f0a9d20e3a85ff83c8f4/proj.jar
7f1883e62000-7f1883e63000 r--s 00000000 fd:01 479812196                  /home/me/dev/projects/liferay-portal/.gradle/caches/jars-9/b840ff27d1bd2b01bb4467132840c4f9/proj.jar
7f1883e63000-7f1883e64000 r--s 00000000 fd:01 479812194                  /home/me/dev/projects/liferay-portal/.gradle/caches/jars-9/465424c384d697d192ed748bebb5fad9/proj.jar
7f1883e64000-7f1883e65000 r--s 00000000 fd:01 479812192                  /home/me/dev/projects/liferay-portal/.gradle/caches/jars-9/570be86b71203ea77207d223ee5dbc50/proj.jar
7f1883e65000-7f1883e66000 r--s 00000000 fd:01 479812190                  /home/me/dev/projects/liferay-portal/.gradle/caches/jars-9/5f386df33e3d669f88c6422f2e8a86d8/proj.jar
7f1883e66000-7f1883e67000 r--s 00000000 fd:01 479812188                  /home/me/dev/projects/liferay-portal/.gradle/caches/jars-9/c3a6415c8598d4b255e03a4377b7b29a/proj.jar
7f1883e67000-7f1883e68000 r--s 00000000 fd:01 479812186                  /home/me/dev/projects/liferay-portal/.gradle/caches/jars-9/07c920eed5e3d54700226349a2ad3dd8/proj.jar
7f1883e68000-7f1883e69000 r--s 00000000 fd:01 479812184                  /home/me/dev/projects/liferay-portal/.gradle/caches/jars-9/9b87fffcc97146b2c480696da242a36d/proj.jar
7f1883e69000-7f1883e6a000 r--s 00000000 fd:01 479812182                  /home/me/dev/projects/liferay-portal/.gradle/caches/jars-9/ef180a73a3e401249b50ac4544aa91e9/proj.jar
7f1883e6a000-7f1883e6b000 r--s 00000000 fd:01 479812180                  /home/me/dev/projects/liferay-portal/.gradle/caches/jars-9/dabe9b3832f904f7e7b63f1e8812957c/proj.jar
7f1883e6b000-7f1883e6c000 r--s 00000000 fd:01 479812178                  /home/me/dev/projects/liferay-portal/.gradle/caches/jars-9/8185b6860a2c6ff9a53990c2b3fcdcf8/proj.jar
7f1883e6c000-7f1883e6d000 r--s 00000000 fd:01 479812176                  /home/me/dev/projects/liferay-portal/.gradle/caches/jars-9/47d4e5307e15abafb1040ef4cf240259/proj.jar
7f1883e6d000-7f1883e6e000 r--s 00000000 fd:01 479812174                  /home/me/dev/projects/liferay-portal/.gradle/caches/jars-9/accb945aa59453e5f4eb025846e2076f/proj.jar
7f1883e6e000-7f1883e6f000 r--s 00000000 fd:01 479812172                  /home/me/dev/projects/liferay-portal/.gradle/caches/jars-9/71fc0a4b895d38e26e93fb45539cdc34/proj.jar
7f1883e6f000-7f1883e70000 r--s 00000000 fd:01 479812170                  /home/me/dev/projects/liferay-portal/.gradle/caches/jars-9/67734b8d71709733cf99bf726f740c13/proj.jar
7f1883e70000-7f1883e71000 r--s 00000000 fd:01 479812168                  /home/me/dev/projects/liferay-portal/.gradle/caches/jars-9/0685ed2c6b2435779831113b7b46819d/proj.jar
7f1883e71000-7f1883e72000 r--s 00000000 fd:01 479812166                  /home/me/dev/projects/liferay-portal/.gradle/caches/jars-9/8defb92d0fb0cf63f74cbc0cdfbbf18e/proj.jar
7f1883e72000-7f1883e73000 r--s 00000000 fd:01 479812164                  /home/me/dev/projects/liferay-portal/.gradle/caches/jars-9/e1608abf44c019f1d3573b8871cf19b6/proj.jar
7f1883e73000-7f1883e74000 r--s 00000000 fd:01 479812162                  /home/me/dev/projects/liferay-portal/.gradle/caches/jars-9/571581e49707c394bdc0502985f84b9b/proj.jar
7f1883e74000-7f1883e75000 r--s 00000000 fd:01 479812160                  /home/me/dev/projects/liferay-portal/.gradle/caches/jars-9/6f5aaa9f35d4bf265ead2263d285c51f/proj.jar
7f1883e75000-7f1883e76000 r--s 00000000 fd:01 479816898                  /home/me/dev/projects/liferay-portal/.gradle/caches/jars-9/d1f324f5c0b6e500856bf9afdeca1ae3/proj.jar
7f1883e76000-7f1883e77000 r--s 00000000 fd:01 479819789                  /home/me/dev/projects/liferay-portal/.gradle/caches/jars-9/422f9bdfadf316d8c7ce9610cce1885a/proj.jar
7f1883e77000-7f1883e78000 r--s 00000000 fd:01 479819787                  /home/me/dev/projects/liferay-portal/.gradle/caches/jars-9/57591aef35e0a12d6cf1c37a17bb753d/proj.jar
7f1883e78000-7f1883e79000 r--s 00000000 fd:01 479819782                  /home/me/dev/projects/liferay-portal/.gradle/caches/jars-9/d497cdff2064791909339a3229f80ff1/proj.jar
7f1883e79000-7f1883e7a000 r--s 00000000 fd:01 479819778                  /home/me/dev/projects/liferay-portal/.gradle/caches/jars-9/4be13377d50c6eb4b30ef9840fe3ecc5/proj.jar
7f1883e7a000-7f1883e7b000 r--s 00000000 fd:01 479822958                  /home/me/dev/projects/liferay-portal/.gradle/caches/jars-9/3f8b35ba0140b63aded7a1b4cad12202/proj.jar
7f1883e7b000-7f1883e7c000 r--s 00000000 fd:01 479822952                  /home/me/dev/projects/liferay-portal/.gradle/caches/jars-9/6c8af2232d691b3118ed5f90eb370775/proj.jar
7f1883e7c000-7f1883e7d000 r--s 00000000 fd:01 479828943                  /home/me/dev/projects/liferay-portal/.gradle/caches/jars-9/0eba68b15d0a17819afb15328e6284da/proj.jar
7f1883e7d000-7f1883e7e000 r--s 00000000 fd:01 479913854                  /home/me/dev/projects/liferay-portal/.gradle/caches/jars-9/f8a407f053cbc4f3cfed46287e1f6301/proj.jar
7f1883e7e000-7f1883e7f000 r--s 00000000 fd:01 479913852                  /home/me/dev/projects/liferay-portal/.gradle/caches/jars-9/6df21872230fbe0766e1698fbe576219/proj.jar
7f1883e7f000-7f1883e80000 r--s 00000000 fd:01 479913850                  /home/me/dev/projects/liferay-portal/.gradle/caches/jars-9/bf5cc44832f529aa41e09bd3b7084e6f/proj.jar
7f1883e80000-7f1883e81000 r--s 00000000 fd:01 479913848                  /home/me/dev/projects/liferay-portal/.gradle/caches/jars-9/0c937438c759f01f29807a9b76b8acda/proj.jar
7f1883e81000-7f1883e82000 r--s 00000000 fd:01 479913845                  /home/me/dev/projects/liferay-portal/.gradle/caches/jars-9/9dcc7fad6d53a2d723cc3ae8871318e9/proj.jar
7f1883e82000-7f1883e83000 r--s 00000000 fd:01 479913843                  /home/me/dev/projects/liferay-portal/.gradle/caches/jars-9/b9784402321c88b598d6a83c2db622b6/proj.jar
7f1883e83000-7f1883e84000 r--s 00000000 fd:01 479913841                  /home/me/dev/projects/liferay-portal/.gradle/caches/jars-9/8a5d1bcd1cb48f356a304e24c392cede/proj.jar
7f1883e84000-7f1883e85000 r--s 00000000 fd:01 479913839                  /home/me/dev/projects/liferay-portal/.gradle/caches/jars-9/6b548a2e2296280b795df931a500d8fc/proj.jar
7f1883e85000-7f1883e86000 r--s 00000000 fd:01 479916551                  /home/me/dev/projects/liferay-portal/.gradle/caches/jars-9/e202694860b9757a6d564d0e2fd6b8ae/proj.jar
7f1883e86000-7f1883e87000 r--s 00000000 fd:01 479945393                  /home/me/dev/projects/liferay-portal/.gradle/caches/jars-9/8705f03f3b5a0f5038c8798fb2c14946/proj.jar
7f1883e87000-7f1883e88000 r--s 00000000 fd:01 479945391                  /home/me/dev/projects/liferay-portal/.gradle/caches/jars-9/9a2db3697bd43794715d3b1a64da575c/proj.jar
7f1883e88000-7f1883e89000 r--s 00000000 fd:01 479945389                  /home/me/dev/projects/liferay-portal/.gradle/caches/jars-9/35ac6b78cbc98d44d8bbe750b5adaecf/proj.jar
7f1883e89000-7f1883e8a000 r--s 00000000 fd:01 479945387                  /home/me/dev/projects/liferay-portal/.gradle/caches/jars-9/2ab2c47efcb40236584aaa589abd47ca/proj.jar
7f1883e8a000-7f1883e8b000 r--s 00000000 fd:01 479945385                  /home/me/dev/projects/liferay-portal/.gradle/caches/jars-9/0a8d1e25d721adf5877fcc7aedd1b5d7/proj.jar
7f1883e8b000-7f1883e8c000 r--s 00000000 fd:01 479945383                  /home/me/dev/projects/liferay-portal/.gradle/caches/jars-9/f1bbf5565c134ca67af2b548f89a5e6d/proj.jar
7f1883e8c000-7f1883e8d000 r--s 00000000 fd:01 479945376                  /home/me/dev/projects/liferay-portal/.gradle/caches/jars-9/531f88965742c84e75c4bb7aeffd542c/proj.jar
7f1883e8d000-7f1883e8e000 r--s 00000000 fd:01 479945374                  /home/me/dev/projects/liferay-portal/.gradle/caches/jars-9/261b35edfa3fa102ee70bdab3b4ed0a5/proj.jar
7f1883e8e000-7f1883e8f000 r--s 00000000 fd:01 479945371                  /home/me/dev/projects/liferay-portal/.gradle/caches/jars-9/92a85077c95ec8278e637cdf8ae763ad/proj.jar
7f1883e8f000-7f1883e90000 r--s 00000000 fd:01 479945369                  /home/me/dev/projects/liferay-portal/.gradle/caches/jars-9/b6a2b410b42899e29e32835fa05776a5/proj.jar
7f1883e90000-7f1883e91000 r--s 00000000 fd:01 479945367                  /home/me/dev/projects/liferay-portal/.gradle/caches/jars-9/4e07fe3ff4a7fad2694971263462c42f/proj.jar
7f1883e91000-7f1883e92000 r--s 00000000 fd:01 479945365                  /home/me/dev/projects/liferay-portal/.gradle/caches/jars-9/a34479bb8d6cb0653ec8799aa226e6b8/proj.jar
7f1883e92000-7f1883e93000 r--s 00000000 fd:01 479945363                  /home/me/dev/projects/liferay-portal/.gradle/caches/jars-9/9eb9f91453ab4a651dca0106c49423ef/proj.jar
7f1883e93000-7f1883e94000 r--s 00000000 fd:01 479945361                  /home/me/dev/projects/liferay-portal/.gradle/caches/jars-9/6b0c3f354e63670105d0d510a110ad4a/proj.jar
7f1883e94000-7f1883e95000 r--s 00000000 fd:01 479945359                  /home/me/dev/projects/liferay-portal/.gradle/caches/jars-9/43c9c09696fae896003d3f2df720a2ea/proj.jar
7f1883e95000-7f1883e96000 r--s 00000000 fd:01 479945357                  /home/me/dev/projects/liferay-portal/.gradle/caches/jars-9/4f6bacda5bee2b757f2764059d7f8bef/proj.jar
7f1883e96000-7f1883e97000 r--s 00000000 fd:01 479945355                  /home/me/dev/projects/liferay-portal/.gradle/caches/jars-9/d0e53c2fd05d5fd7fbf6e8e7e4bc9c9b/proj.jar
7f1883e97000-7f1883e98000 r--s 00000000 fd:01 479945531                  /home/me/dev/projects/liferay-portal/.gradle/caches/jars-9/3121de17902e1e415e2775ac6ed709f0/proj.jar
7f1883e98000-7f1883e99000 r--s 00000000 fd:01 479945528                  /home/me/dev/projects/liferay-portal/.gradle/caches/jars-9/61068ad59eefc049ebe444b370c0273c/proj.jar
7f1883e99000-7f1883e9a000 r--s 00000000 fd:01 479945570                  /home/me/dev/projects/liferay-portal/.gradle/caches/jars-9/ba16c0a61dcb7a140cc541b27d8f15a7/proj.jar
7f1883e9a000-7f1883e9b000 r--s 00000000 fd:01 479945567                  /home/me/dev/projects/liferay-portal/.gradle/caches/jars-9/d2ca63cfaaf795c75309f68a26b22279/proj.jar
7f1883e9b000-7f1883e9c000 r--s 00000000 fd:01 479945565                  /home/me/dev/projects/liferay-portal/.gradle/caches/jars-9/9c24f5a9b884b1f90bebdc14277caa50/proj.jar
7f1883e9c000-7f1883e9d000 r--s 00000000 fd:01 479945555                  /home/me/dev/projects/liferay-portal/.gradle/caches/jars-9/6e23999aa77f0eb1f27104fa24ce151d/proj.jar
7f1883e9d000-7f1883e9e000 r--s 00000000 fd:01 479945553                  /home/me/dev/projects/liferay-portal/.gradle/caches/jars-9/239d35bf8eac368fbef6da0eeab41470/proj.jar
7f1883e9e000-7f1883e9f000 r--s 00000000 fd:01 479945551                  /home/me/dev/projects/liferay-portal/.gradle/caches/jars-9/1e5fdbb4c34abc9cbc66c5abb33d6b0e/proj.jar
7f1883e9f000-7f1883ea0000 r--s 00000000 fd:01 479945549                  /home/me/dev/projects/liferay-portal/.gradle/caches/jars-9/c44dd77daf3e32b2336c3af9f6e4639a/proj.jar
7f1883ea0000-7f1883ea1000 r--s 00000000 fd:01 479945547                  /home/me/dev/projects/liferay-portal/.gradle/caches/jars-9/fb313fb58097fb5b84b340664c3b83fd/proj.jar
7f1883ea1000-7f1883ea2000 r--s 00000000 fd:01 479945545                  /home/me/dev/projects/liferay-portal/.gradle/caches/jars-9/81bd9ba4df99cfffb9aed30dbd9c02cb/proj.jar
7f1883ea2000-7f1883ea3000 r--s 00000000 fd:01 479945543                  /home/me/dev/projects/liferay-portal/.gradle/caches/jars-9/554b15dd391ddbfffa6e6ac25b051bb4/proj.jar
7f1883ea3000-7f1883ea4000 r--s 00000000 fd:01 479945541                  /home/me/dev/projects/liferay-portal/.gradle/caches/jars-9/c64bd4803bbee3d224ab6edaa42398cc/proj.jar
7f1883ea4000-7f1883ea5000 r--s 00000000 fd:01 479945539                  /home/me/dev/projects/liferay-portal/.gradle/caches/jars-9/0ed0b62db2c4b843ab9d29cb0ffd79af/proj.jar
7f1883ea5000-7f1883ea6000 r--s 00000000 fd:01 479945536                  /home/me/dev/projects/liferay-portal/.gradle/caches/jars-9/31da87ede5b385913bef8ee9250d03d3/proj.jar
7f1883ea6000-7f1883ea7000 r--s 00000000 fd:01 479952886                  /home/me/dev/projects/liferay-portal/.gradle/caches/jars-9/be21f0ea1f5caed4b6041cb7b2fabe47/proj.jar
7f1883ea7000-7f1883ea8000 r--s 00000000 fd:01 479965879                  /home/me/dev/projects/liferay-portal/.gradle/caches/jars-9/155441e2ef1382bc8a970cd3de99270f/proj.jar
7f1883ea8000-7f1883ea9000 r--s 00000000 fd:01 479965876                  /home/me/dev/projects/liferay-portal/.gradle/caches/jars-9/035c0e4df7ed940fbe7f10bb7e6762a5/proj.jar
7f1883ea9000-7f1883eaa000 r--s 00000000 fd:01 479965872                  /home/me/dev/projects/liferay-portal/.gradle/caches/jars-9/e5498dbbb57decd55c87f384857a8b5b/proj.jar
7f1883eaa000-7f1883eab000 r--s 00000000 fd:01 479965870                  /home/me/dev/projects/liferay-portal/.gradle/caches/jars-9/c605cb89907188c59fe9ee975228e100/proj.jar
7f1883eab000-7f1883eac000 r--s 00000000 fd:01 479965868                  /home/me/dev/projects/liferay-portal/.gradle/caches/jars-9/15d4f710f4bcae16111966f53212183e/proj.jar
7f1883eac000-7f1883ead000 r--s 00000000 fd:01 479965866                  /home/me/dev/projects/liferay-portal/.gradle/caches/jars-9/ac454318f197004c8008fd467eb3a2eb/proj.jar
7f1883ead000-7f1883eae000 r--s 00000000 fd:01 479965864                  /home/me/dev/projects/liferay-portal/.gradle/caches/jars-9/5b90f26e3a356b7f9c79980df7254335/proj.jar
7f1883eae000-7f1883eaf000 r--s 00000000 fd:01 479965862                  /home/me/dev/projects/liferay-portal/.gradle/caches/jars-9/4afa558fb15498e35b4b63f2d0817dc5/proj.jar
7f1883eaf000-7f1883eb0000 r--s 00000000 fd:01 479965860                  /home/me/dev/projects/liferay-portal/.gradle/caches/jars-9/13654a0113afa2bdc52eefe4f3284912/proj.jar
7f1883eb0000-7f1883eb1000 r--s 00000000 fd:01 479965858                  /home/me/dev/projects/liferay-portal/.gradle/caches/jars-9/bf8f3cbccc279cfa47d4a37dbc32f1e1/proj.jar
7f1883eb1000-7f1883eb2000 r--s 00000000 fd:01 479965856                  /home/me/dev/projects/liferay-portal/.gradle/caches/jars-9/bd1980a5f3d533511402c0a98cd52313/proj.jar
7f1883eb2000-7f1883eb3000 r--s 00000000 fd:01 479965854                  /home/me/dev/projects/liferay-portal/.gradle/caches/jars-9/a5223fbc50531ad1057a39ea9660138a/proj.jar
7f1883eb3000-7f1883eb4000 r--s 00000000 fd:01 479965852                  /home/me/dev/projects/liferay-portal/.gradle/caches/jars-9/07a83e36a24a5198d7680cd63eb2d452/proj.jar
7f1883eb4000-7f1883eb5000 r--s 00000000 fd:01 479965850                  /home/me/dev/projects/liferay-portal/.gradle/caches/jars-9/572a929492729fd63ec40e785903a0a9/proj.jar
7f1883eb5000-7f1883eb6000 r--s 00000000 fd:01 479965848                  /home/me/dev/projects/liferay-portal/.gradle/caches/jars-9/fcb29ab845ecd24b8d03147c466fd341/proj.jar
7f1883eb6000-7f1883eb7000 r--s 00000000 fd:01 479965846                  /home/me/dev/projects/liferay-portal/.gradle/caches/jars-9/7d204dd3ac89b726e6e1b9e73fcf425f/proj.jar
7f1883eb7000-7f1883eb8000 r--s 00000000 fd:01 479965844                  /home/me/dev/projects/liferay-portal/.gradle/caches/jars-9/70b9faca4d495bec634ee8c806fd9a86/proj.jar
7f1883eb8000-7f1883eb9000 r--s 00000000 fd:01 479965842                  /home/me/dev/projects/liferay-portal/.gradle/caches/jars-9/0d1ea1782fad2d02ec1c1bdfab6cb27f/proj.jar
7f1883eb9000-7f1883eba000 r--s 00000000 fd:01 479965840                  /home/me/dev/projects/liferay-portal/.gradle/caches/jars-9/98ee9b90631561cfe94f7c3cd74fb851/proj.jar
7f1883eba000-7f1883ebb000 r--s 00000000 fd:01 479965838                  /home/me/dev/projects/liferay-portal/.gradle/caches/jars-9/50b2edab16a5b5f61d0e0a74371eb49a/proj.jar
7f1883ebb000-7f1883ebc000 r--s 00000000 fd:01 479965836                  /home/me/dev/projects/liferay-portal/.gradle/caches/jars-9/9748b43e53da3a986f8e681bad4813a4/proj.jar
7f1883ebc000-7f1883ebd000 r--s 00000000 fd:01 479965834                  /home/me/dev/projects/liferay-portal/.gradle/caches/jars-9/fe1c98ae747693ea93e4a3f2252d05ed/proj.jar
7f1883ebd000-7f1883ebe000 r--s 00000000 fd:01 479965832                  /home/me/dev/projects/liferay-portal/.gradle/caches/jars-9/5e691bb3ea1603c8f19432082e41d25d/proj.jar
7f1883ebe000-7f1883ebf000 r--s 00000000 fd:01 479965830                  /home/me/dev/projects/liferay-portal/.gradle/caches/jars-9/6f4c786f96f564f73c70e634db10ead0/proj.jar
7f1883ebf000-7f1883ec0000 r--s 00000000 fd:01 480002672                  /home/me/dev/projects/liferay-portal/.gradle/caches/jars-9/940f68a7107ac125da281668ab7fb041/proj.jar
7f1883ec0000-7f1883ec1000 r--s 00000000 fd:01 480002639                  /home/me/dev/projects/liferay-portal/.gradle/caches/jars-9/114c09bc76e2dc11e09e176733baeab9/proj.jar
7f1883ec1000-7f1883ec2000 r--s 00000000 fd:01 480025599                  /home/me/dev/projects/liferay-portal/.gradle/caches/jars-9/82f9073573eff39aa7cd44a7d85bfae1/proj.jar
7f1883ec2000-7f1883ec3000 r--s 00000000 fd:01 480025597                  /home/me/dev/projects/liferay-portal/.gradle/caches/jars-9/67d3604ac299fd4432ed3a89e0028180/proj.jar
7f1883ec3000-7f1883ec4000 r--s 00000000 fd:01 480025595                  /home/me/dev/projects/liferay-portal/.gradle/caches/jars-9/de84e9e96c2677ad2467707e09a13702/proj.jar
7f1883ec4000-7f1883ec5000 r--s 00000000 fd:01 480025593                  /home/me/dev/projects/liferay-portal/.gradle/caches/jars-9/402ad28156a6985d74dc34466e303b49/proj.jar
7f1883ec5000-7f1883ec6000 r--s 00000000 fd:01 480025591                  /home/me/dev/projects/liferay-portal/.gradle/caches/jars-9/9500dec82a1ecf1d227d853c3e0e8a2c/proj.jar
7f1883ec6000-7f1883ec7000 r--s 00000000 fd:01 480025589                  /home/me/dev/projects/liferay-portal/.gradle/caches/jars-9/6c9a5c2b4d266f4e66e14cb10d158cd2/proj.jar
7f1883ec7000-7f1883ec8000 r--s 00000000 fd:01 480025587                  /home/me/dev/projects/liferay-portal/.gradle/caches/jars-9/b3df3448a048e39af6dca52e084517c6/proj.jar
7f1883ec8000-7f1883ec9000 r--s 00000000 fd:01 480025585                  /home/me/dev/projects/liferay-portal/.gradle/caches/jars-9/2955b210e9134bb7a3483fc317ad2d07/proj.jar
7f1883ec9000-7f1883eca000 r--s 00000000 fd:01 480025583                  /home/me/dev/projects/liferay-portal/.gradle/caches/jars-9/401e9e8d4d53fc6e34944aadc6d91605/proj.jar
7f1883eca000-7f1883ecb000 r--s 00000000 fd:01 480025581                  /home/me/dev/projects/liferay-portal/.gradle/caches/jars-9/57eccfd7692da45a83710370cc036602/proj.jar
7f1883ecb000-7f1883ecc000 r--s 00000000 fd:01 480025579                  /home/me/dev/projects/liferay-portal/.gradle/caches/jars-9/52991163e8c8bb999e065394e4373697/proj.jar
7f1883ecc000-7f1883ecd000 r--s 00000000 fd:01 480025577                  /home/me/dev/projects/liferay-portal/.gradle/caches/jars-9/f88c7d5e13a832e33cb391193961074f/proj.jar
7f1883ecd000-7f1883ece000 r--s 00000000 fd:01 480040719                  /home/me/dev/projects/liferay-portal/.gradle/caches/jars-9/74c8cb8f81e4be0d74b6857436b16262/proj.jar
7f1883ece000-7f1883ecf000 r--s 00000000 fd:01 480048490                  /home/me/dev/projects/liferay-portal/.gradle/caches/jars-9/0eb234da5e0c99cfab138d9b3433ba8b/proj.jar
7f1883ecf000-7f1883ed0000 r--s 00000000 fd:01 480048488                  /home/me/dev/projects/liferay-portal/.gradle/caches/jars-9/35cabd670c2b3885a59daace63efec16/proj.jar
7f1883ed0000-7f1883ed1000 r--s 00000000 fd:01 480048486                  /home/me/dev/projects/liferay-portal/.gradle/caches/jars-9/bf865fa1be4627555653133f58a7b904/proj.jar
7f1883ed1000-7f1883ed2000 r--s 00000000 fd:01 480048484                  /home/me/dev/projects/liferay-portal/.gradle/caches/jars-9/d47037f3e7ab624d2d0e3f9d23ef833f/proj.jar
7f1883ed2000-7f1883ed3000 r--s 00000000 fd:01 480048482                  /home/me/dev/projects/liferay-portal/.gradle/caches/jars-9/b4cd9a1de70ae3f678aff047198d8081/proj.jar
7f1883ed3000-7f1883ed4000 r--s 00000000 fd:01 480048480                  /home/me/dev/projects/liferay-portal/.gradle/caches/jars-9/2405c89f2da293926cd28a551904c778/proj.jar
7f1883ed4000-7f1883ed5000 r--s 00000000 fd:01 480048478                  /home/me/dev/projects/liferay-portal/.gradle/caches/jars-9/0d3c12e7ed2a93776589a3968c714f4c/proj.jar
7f1883ed5000-7f1883ed6000 r--s 00000000 fd:01 480048476                  /home/me/dev/projects/liferay-portal/.gradle/caches/jars-9/777d6ffbc8c772807fe27ababdd3247b/proj.jar
7f1883ed6000-7f1883ed7000 r--s 00000000 fd:01 480048473                  /home/me/dev/projects/liferay-portal/.gradle/caches/jars-9/39df33178bfda7123f8a592b6915d79e/proj.jar
7f1883ed7000-7f1883ed8000 r--s 00000000 fd:01 480048471                  /home/me/dev/projects/liferay-portal/.gradle/caches/jars-9/c7431a91dd8d199f996f76c1858df576/proj.jar
7f1883ed8000-7f1883ed9000 r--s 00000000 fd:01 480048469                  /home/me/dev/projects/liferay-portal/.gradle/caches/jars-9/16b02793e106768336874916ce540036/proj.jar
7f1883ed9000-7f1883eda000 r--s 00000000 fd:01 480048467                  /home/me/dev/projects/liferay-portal/.gradle/caches/jars-9/cc6fb79d877aaa7266b493d3bc0af27f/proj.jar
7f1883eda000-7f1883edb000 r--s 00000000 fd:01 480099327                  /home/me/dev/projects/liferay-portal/.gradle/caches/jars-9/3639a2297ea8136d5e664ede6a453e29/proj.jar
7f1883edb000-7f1883edc000 r--s 00000000 fd:01 480099305                  /home/me/dev/projects/liferay-portal/.gradle/caches/jars-9/b5b8e5589e9429569b4e02f8d50766bf/proj.jar
7f1883edc000-7f1883edd000 r--s 00000000 fd:01 480099303                  /home/me/dev/projects/liferay-portal/.gradle/caches/jars-9/86fe6c13b968c291a97c8ca6bb899a33/proj.jar
7f1883edd000-7f1883ede000 r--s 00000000 fd:01 480099284                  /home/me/dev/projects/liferay-portal/.gradle/caches/jars-9/1391d25c9e2ce7f71feab887ef79418d/proj.jar
7f1883ede000-7f1883edf000 r--s 00000000 fd:01 480099282                  /home/me/dev/projects/liferay-portal/.gradle/caches/jars-9/a1985be07d0006980ba6f77cc5139a66/proj.jar
7f1883edf000-7f1883ee0000 r--s 00000000 fd:01 480099280                  /home/me/dev/projects/liferay-portal/.gradle/caches/jars-9/072131be1bdb22953a27462a550ce292/proj.jar
7f1883ee0000-7f1883ee1000 r--s 00000000 fd:01 480099278                  /home/me/dev/projects/liferay-portal/.gradle/caches/jars-9/114f6052798489c32d2469a1303447ea/proj.jar
7f1883ee1000-7f1883ee2000 r--s 00000000 fd:01 480099276                  /home/me/dev/projects/liferay-portal/.gradle/caches/jars-9/b72e1daf1ebf131aa760f43b6de28865/proj.jar
7f1883ee2000-7f1883ee3000 r--s 00000000 fd:01 480099274                  /home/me/dev/projects/liferay-portal/.gradle/caches/jars-9/1f411fca2252e04c48bfc69b76f732e6/proj.jar
7f1883ee3000-7f1883ee4000 r--s 00000000 fd:01 480099272                  /home/me/dev/projects/liferay-portal/.gradle/caches/jars-9/3564670f84c2b8e7e9b0b0ec09aa903e/proj.jar
7f1883ee4000-7f1883ee5000 r--s 00000000 fd:01 480099270                  /home/me/dev/projects/liferay-portal/.gradle/caches/jars-9/8ae0e641ae47f5508b56c4c96037cddb/proj.jar
7f1883ee5000-7f1883ee6000 r--s 00000000 fd:01 480099268                  /home/me/dev/projects/liferay-portal/.gradle/caches/jars-9/c2c7ddb7f7f1cd5a8b2ff17f8c6cd73e/proj.jar
7f1883ee6000-7f1883ee7000 r--s 00000000 fd:01 480099266                  /home/me/dev/projects/liferay-portal/.gradle/caches/jars-9/2f826fe2da643e230fe63489badb4083/proj.jar
7f1883ee7000-7f1883ee8000 r--s 00000000 fd:01 480099264                  /home/me/dev/projects/liferay-portal/.gradle/caches/jars-9/8474a9ab9f545e3c00a035556744f978/proj.jar
7f1883ee8000-7f1883ee9000 r--s 00000000 fd:01 480106765                  /home/me/dev/projects/liferay-portal/.gradle/caches/jars-9/a340f7dcc2306fc2fc9462c02d0b286b/proj.jar
7f1883ee9000-7f1883eea000 r--s 00000000 fd:01 480106763                  /home/me/dev/projects/liferay-portal/.gradle/caches/jars-9/ce82272bcc499b95f2799980544207c8/proj.jar
7f1883eea000-7f1883eeb000 r--s 00000000 fd:01 480106761                  /home/me/dev/projects/liferay-portal/.gradle/caches/jars-9/ebf6a998d9457711222964ec8547e1a3/proj.jar
7f1883eeb000-7f1883eec000 r--s 00000000 fd:01 480106758                  /home/me/dev/projects/liferay-portal/.gradle/caches/jars-9/ba7d5fab1334fee635f227a89452cd63/proj.jar
7f1883eec000-7f1883eed000 r--s 00000000 fd:01 480116566                  /home/me/dev/projects/liferay-portal/.gradle/caches/jars-9/31ab92459f96de7c9fc38fc99100b8da/proj.jar
7f1883eed000-7f1883eee000 r--s 00000000 fd:01 480116564                  /home/me/dev/projects/liferay-portal/.gradle/caches/jars-9/cfa117ea633d3cd9c65a5040e769b685/proj.jar
7f1883eee000-7f1883eef000 r--s 00000000 fd:01 480116562                  /home/me/dev/projects/liferay-portal/.gradle/caches/jars-9/8cd1c7bb99970d9b6635f2bfc5d79b54/proj.jar
7f1883eef000-7f1883ef0000 r--s 00000000 fd:01 480116560                  /home/me/dev/projects/liferay-portal/.gradle/caches/jars-9/1e88f37f958371b32770c515a8c72a78/proj.jar
7f1883ef0000-7f1883ef1000 r--s 00000000 fd:01 480116558                  /home/me/dev/projects/liferay-portal/.gradle/caches/jars-9/a557a6268f14cdff7e22c520cf238478/proj.jar
7f1883ef1000-7f1883ef2000 r--s 00000000 fd:01 480116556                  /home/me/dev/projects/liferay-portal/.gradle/caches/jars-9/c6ee22ccd7d9ab55a8c8b910e3b44231/proj.jar
7f1883ef2000-7f1883ef3000 r--s 00000000 fd:01 480116554                  /home/me/dev/projects/liferay-portal/.gradle/caches/jars-9/5dbc36099dc76064d38904de5b3d68f2/proj.jar
7f1883ef3000-7f1883ef4000 r--s 00000000 fd:01 480116552                  /home/me/dev/projects/liferay-portal/.gradle/caches/jars-9/b5ba327495ae270479283101ad2df747/proj.jar
7f1883ef4000-7f1883ef5000 r--s 00000000 fd:01 480116550                  /home/me/dev/projects/liferay-portal/.gradle/caches/jars-9/5adfcc5045f379f25f088187a6b7620e/proj.jar
7f1883ef5000-7f1883ef6000 r--s 00000000 fd:01 480116548                  /home/me/dev/projects/liferay-portal/.gradle/caches/jars-9/391bbe0a6cacc9589c6bd6bbe5713abd/proj.jar
7f1883ef6000-7f1883ef7000 r--s 00000000 fd:01 480116546                  /home/me/dev/projects/liferay-portal/.gradle/caches/jars-9/73f6c6e00c949630b24f6786f7996eec/proj.jar
7f1883ef7000-7f1883ef8000 r--s 00000000 fd:01 480116544                  /home/me/dev/projects/liferay-portal/.gradle/caches/jars-9/516fe1d1119eac8d0e188178757ad7a3/proj.jar
7f1883ef8000-7f1883ef9000 r--s 00000000 fd:01 480141455                  /home/me/dev/projects/liferay-portal/.gradle/caches/jars-9/8b2242dfdaa42c09a1d8f5ec4f4bc287/proj.jar
7f1883ef9000-7f1883efa000 r--s 00000000 fd:01 480141453                  /home/me/dev/projects/liferay-portal/.gradle/caches/jars-9/1a8c7322bcb302b6b325c7958e10295b/proj.jar
7f1883efa000-7f1883efb000 r--s 00000000 fd:01 480141451                  /home/me/dev/projects/liferay-portal/.gradle/caches/jars-9/18cf90b2b15d1327f198fa8e9a4dbcde/proj.jar
7f1883efb000-7f1883efc000 r--s 00000000 fd:01 480214334                  /home/me/dev/projects/liferay-portal/.gradle/caches/jars-9/e9397d94ca8cb1f956af9102f6cd6a23/proj.jar
7f1883efc000-7f1883efd000 r--s 00000000 fd:01 480214329                  /home/me/dev/projects/liferay-portal/.gradle/caches/jars-9/3eb1e9421ba243b843ff4a9b01d61570/proj.jar
7f1883efd000-7f1883efe000 r--s 00000000 fd:01 480230670                  /home/me/dev/projects/liferay-portal/.gradle/caches/jars-9/48d86503b05ae6226ad79fc9f3d6d046/proj.jar
7f1883efe000-7f1883eff000 r--s 00000000 fd:01 480230668                  /home/me/dev/projects/liferay-portal/.gradle/caches/jars-9/7d3d75657c15fe4caae81b2382cd5143/proj.jar
7f1883eff000-7f1883f00000 r--s 00000000 fd:01 480230662                  /home/me/dev/projects/liferay-portal/.gradle/caches/jars-9/310907c82df0763409f105da3473a8ec/proj.jar
7f1883f00000-7f1883f03000 ---p 00000000 00:00 0 
7f1883f03000-7f1884000000 rw-p 00000000 00:00 0 
7f1884000000-7f1884021000 rw-p 00000000 00:00 0 
7f1884021000-7f1888000000 ---p 00000000 00:00 0 
7f18880fa000-7f18880fc000 r--s 00001000 fd:01 2684959280                 /home/me/dev/projects/liferay-portal/tools/sdk/dist/com.liferay.frontend.taglib.react-6.0.3.jar
7f18880fc000-7f18880ff000 ---p 00000000 00:00 0 
7f18880ff000-7f18881fc000 rw-p 00000000 00:00 0 
7f18881fc000-7f18881fd000 r--s 00001000 fd:01 471723993                  /home/me/dev/projects/liferay-portal/.gradle/caches/jars-9/4f1fd6636db6888fa0cbdebe7acc6c9d/proj.jar
7f18881fd000-7f18881fe000 r--s 00007000 fd:01 471723991                  /home/me/dev/projects/liferay-portal/.gradle/caches/jars-9/e0358248a2277b25eeab7fb1b00f41d0/proj.jar
7f18881fe000-7f18881ff000 r--s 00008000 fd:01 471723989                  /home/me/dev/projects/liferay-portal/.gradle/caches/jars-9/f3bfbc93df5f699247e1adbc2846d984/proj.jar
7f18881ff000-7f1888200000 r--s 00008000 fd:01 471723987                  /home/me/dev/projects/liferay-portal/.gradle/caches/jars-9/8f73a41b751fe249e26d597417f3045b/proj.jar
7f1888200000-7f188829c000 r--p 00000000 fd:01 67173098                   /usr/lib64/libstdc++.so.6.0.32
7f188829c000-7f18883c6000 r-xp 0009c000 fd:01 67173098                   /usr/lib64/libstdc++.so.6.0.32
7f18883c6000-7f1888442000 r--p 001c6000 fd:01 67173098                   /usr/lib64/libstdc++.so.6.0.32
7f1888442000-7f188844f000 r--p 00242000 fd:01 67173098                   /usr/lib64/libstdc++.so.6.0.32
7f188844f000-7f1888450000 rw-p 0024f000 fd:01 67173098                   /usr/lib64/libstdc++.so.6.0.32
7f1888450000-7f1888454000 rw-p 00000000 00:00 0 
7f1888454000-7f1888456000 r--s 0000a000 fd:01 483168372                  /home/me/dev/projects/liferay-portal/.gradle/caches/modules-2/files-2.1/javax.servlet.jsp.jstl/javax.servlet.jsp.jstl-api/1.2.2/8c180218e860de0347bd2908328e2c67cec46442/javax.servlet.jsp.jstl-api-1.2.2.jar
7f1888456000-7f1888457000 r--s 005ba000 fd:01 485903231                  /home/me/dev/projects/liferay-portal/.gradle/caches/modules-2/files-2.1/biz.aQute.bnd/biz.aQute.bnd.embedded-repo/6.4.0/1c054f67bf516667c400447928c32e31799dcb40/biz.aQute.bnd.embedded-repo-6.4.0.jar
7f1888457000-7f1888468000 r--s 000e8000 fd:01 485903227                  /home/me/dev/projects/liferay-portal/.gradle/caches/modules-2/files-2.1/org.apache.commons/commons-compress/1.21/4ec95b60d4e86b5c95a0e919cb172a0af98011ef/commons-compress-1.21.jar
7f1888468000-7f1888477000 r--s 000a1000 fd:01 485903226                  /home/me/dev/projects/liferay-portal/.gradle/caches/modules-2/files-2.1/io.spring.gradle/dependency-management-plugin/1.0.15.RELEASE/ecf21890a2b11cf34bd47deffed006152ebdaae/dependency-management-plugin-1.0.15.RELEASE.jar
7f1888477000-7f188847b000 r--s 0003a000 fd:01 485903225                  /home/me/dev/projects/liferay-portal/.gradle/caches/modules-2/files-2.1/org.springframework.boot/spring-boot-loader-tools/2.7.18/c5edbe3ee20ce519ea0ce0103e3dcaadd14153c3/spring-boot-loader-tools-2.7.18.jar
7f188847b000-7f1888482000 r--s 0003a000 fd:01 485903223                  /home/me/dev/projects/liferay-portal/.gradle/caches/modules-2/files-2.1/org.springframework.boot/spring-boot-buildpack-platform/2.7.18/b19ac0a37fdb98950de05c612348a7dc39c05fe1/spring-boot-buildpack-platform-2.7.18.jar
7f1888482000-7f1888487000 r--s 0002a000 fd:01 485903224                  /home/me/dev/projects/liferay-portal/.gradle/caches/modules-2/files-2.1/com.jayway.jsonpath/json-path/2.1.0/397bd8076ff9581ad2ebad787da45ba76ee39112/json-path-2.1.0.jar
7f1888487000-7f1888489000 r--s 00008000 fd:01 485903222                  /home/me/dev/projects/liferay-portal/.gradle/caches/modules-2/files-2.1/net.jodah/expiringmap/0.5.7/9ce15de4173a001d0e76ae6a73e7e555f912bbd/expiringmap-0.5.7.jar
7f1888489000-7f18884aa000 r--s 001f0000 fd:01 485903221                  /home/me/dev/projects/liferay-portal/.gradle/caches/modules-2/files-2.1/org.eclipse.jgit/org.eclipse.jgit/4.1.1.201511131810-r/17cf7d0cb7da8bbcc16e43f0ab5dbfc43b5cb539/org.eclipse.jgit-4.1.1.201511131810-r.jar
7f18884aa000-7f18884ab000 r--s 00000000 fd:01 485903218                  /home/me/dev/projects/liferay-portal/.gradle/caches/modules-2/files-2.1/com.liferay/com.liferay.gogo.shell.client/1.0.0/a2c68ef23692e106082a9fa57dc8a7474f847a03/com.liferay.gogo.shell.client-1.0.0.jar
7f18884ab000-7f18884ad000 r--s 0000c000 fd:01 485903219                  /home/me/dev/projects/liferay-portal/.gradle/caches/modules-2/files-2.1/com.liferay/com.liferay.ant.bnd/3.2.12/a63b567545afece0d0609c1addf98b2ba909a05d/com.liferay.ant.bnd-3.2.12.jar
7f18884ad000-7f18884af000 r--s 0001a000 fd:01 485903217                  /home/me/dev/projects/liferay-portal/.gradle/caches/modules-2/files-2.1/biz.aQute.bnd/biz.aQute.bnd.gradle/6.4.0/47b90ca2f62c88b3a72112c146fe095e0af98330/biz.aQute.bnd.gradle-6.4.0.jar
7f18884af000-7f18884b1000 r--s 00026000 fd:01 485903220                  /home/me/dev/projects/liferay-portal/.gradle/caches/modules-2/files-2.1/org.apache.maven/maven-model/3.0.4/5e149cfe15daedebbb1e8970d6a5ff1bea61b94c/maven-model-3.0.4.jar
7f18884b1000-7f18884b3000 r--s 00009000 fd:01 485903216                  /home/me/dev/projects/liferay-portal/.gradle/caches/modules-2/files-2.1/jakarta.activation/jakarta.activation-api/1.2.1/562a587face36ec7eff2db7f2fc95425c6602bc1/jakarta.activation-api-1.2.1.jar
7f18884b3000-7f18884b8000 r--s 0004b000 fd:01 485903213                  /home/me/dev/projects/liferay-portal/.gradle/caches/modules-2/files-2.1/org.dom4j/dom4j/2.1.3/a75914155a9f5808963170ec20653668a2ffd2fd/dom4j-2.1.3.jar
7f18884b8000-7f18884bc000 r--s 00028000 fd:01 485903214                  /home/me/dev/projects/liferay-portal/.gradle/caches/modules-2/files-2.1/com.thoughtworks.qdox/qdox/1.12.1/f7122f6ab1f64bdf9f5970b0e89bfb355e036897/qdox-1.12.1.jar
7f18884bc000-7f18884bd000 r--s 00005000 fd:01 483725289                  /home/me/dev/projects/liferay-portal/.gradle/caches/jars-9/bcf963dbed08d5c3da8a35b878c6f09b/dsl.jar
7f18884bd000-7f18884bf000 r--s 0001b000 fd:01 485834631                  /home/me/dev/projects/liferay-portal/.gradle/caches/jars-9/e6b80482028d298d9bc3f7a8042586f4/com.liferay.gradle.util-1.0.49.jar
7f18884bf000-7f18884c0000 r--s 00003000 fd:01 485903208                  /home/me/dev/projects/liferay-portal/.gradle/caches/modules-2/files-2.1/com.liferay/com.liferay.gradle.plugins.xsd.builder/1.0.13/d1bd7e83befc162f01058834e540150fdd3264fc/com.liferay.gradle.plugins.xsd.builder-1.0.13.jar
7f18884c0000-7f18884c2000 r--s 00005000 fd:01 485903207                  /home/me/dev/projects/liferay-portal/.gradle/caches/modules-2/files-2.1/com.liferay/com.liferay.gradle.plugins.wsdl.builder/3.0.4/6b9d14d822174d4857bfdae4537ee9a03119440e/com.liferay.gradle.plugins.wsdl.builder-3.0.4.jar
7f18884c2000-7f18884c4000 r--s 00003000 fd:01 485903206                  /home/me/dev/projects/liferay-portal/.gradle/caches/modules-2/files-2.1/com.liferay/com.liferay.gradle.plugins.wsdd.builder/1.0.23/d3a3c91af9f5b847cbdb7d22e420371a113f155d/com.liferay.gradle.plugins.wsdd.builder-1.0.23.jar
7f18884c4000-7f18884c5000 r--s 00002000 fd:01 485903205                  /home/me/dev/projects/liferay-portal/.gradle/caches/modules-2/files-2.1/com.liferay/com.liferay.gradle.plugins.upgrade.table.builder/3.0.5/5b7a5be0ef8453f46a6208e723c4d6c9a68a5292/com.liferay.gradle.plugins.upgrade.table.builder-3.0.5.jar
7f18884c5000-7f18884c7000 r--s 00007000 fd:01 485903204                  /home/me/dev/projects/liferay-portal/.gradle/caches/modules-2/files-2.1/com.liferay/com.liferay.gradle.plugins.tlddoc.builder/2.0.2/b5c6cd1d7397a3453f8c4757de3caa13c1ce0a56/com.liferay.gradle.plugins.tlddoc.builder-2.0.2.jar
7f18884c7000-7f18884c9000 r--s 00001000 fd:01 485903203                  /home/me/dev/projects/liferay-portal/.gradle/caches/modules-2/files-2.1/com.liferay/com.liferay.gradle.plugins.tld.formatter/1.0.15/a490278461d6b1f42f14ec127b3e7fd19b4e3750/com.liferay.gradle.plugins.tld.formatter-1.0.15.jar
7f18884c9000-7f18884cc000 r--s 00011000 fd:01 485903202                  /home/me/dev/projects/liferay-portal/.gradle/caches/modules-2/files-2.1/com.liferay/com.liferay.gradle.plugins.test.integration/4.0.6/fb9d69cf5e4d20f1fd135449e3c393672a5af73/com.liferay.gradle.plugins.test.integration-4.0.6.jar
7f18884cc000-7f18884ce000 r--s 00003000 fd:01 485863596                  /home/me/dev/projects/liferay-portal/.gradle/caches/modules-2/files-2.1/com.liferay/com.liferay.gradle.plugins.source.formatter/5.2.180/8a15feb1bb9a5abb267d66aaecdbceedc314aad2/com.liferay.gradle.plugins.source.formatter-5.2.180.jar
7f18884ce000-7f18884d0000 r--s 00007000 fd:01 470321447                  /home/me/dev/projects/liferay-portal/.gradle/caches/modules-2/files-2.1/com.liferay/com.liferay.gradle.plugins.service.builder/4.0.169/5f8e99e57b86840a0475be84c02fd6efd15fb22e/com.liferay.gradle.plugins.service.builder-4.0.169.jar
7f18884d0000-7f18884d1000 r--s 00003000 fd:01 485837964                  /home/me/dev/projects/liferay-portal/.gradle/caches/modules-2/files-2.1/com.liferay/com.liferay.gradle.plugins.rest.builder/1.1.254/c042d50851f57fddad2bed701e31206b3ef07326/com.liferay.gradle.plugins.rest.builder-1.1.254.jar
7f18884d1000-7f18884d5000 r--s 0001a000 fd:01 485903198                  /home/me/dev/projects/liferay-portal/.gradle/caches/modules-2/files-2.1/com.liferay/com.liferay.gradle.plugins.node/8.1.1/107755940a1d17ea453e780be12ef3ee21a65659/com.liferay.gradle.plugins.node-8.1.1.jar
7f18884d5000-7f18884d7000 r--s 00004000 fd:01 485863597                  /home/me/dev/projects/liferay-portal/.gradle/caches/modules-2/files-2.1/com.liferay/com.liferay.gradle.plugins.lang.builder/3.0.39/b3cd412f148eee31f387f66665df905457e1800/com.liferay.gradle.plugins.lang.builder-3.0.39.jar
7f18884d7000-7f18884d9000 r--s 00002000 fd:01 485903196                  /home/me/dev/projects/liferay-portal/.gradle/caches/modules-2/files-2.1/com.liferay/com.liferay.gradle.plugins.javadoc.formatter/2.0.1/c8eae7be29bfe697e5c0afbe7bfdfd71e2b00e96/com.liferay.gradle.plugins.javadoc.formatter-2.0.1.jar
7f18884d9000-7f18884db000 r--s 00003000 fd:01 482738843                  /home/me/dev/projects/liferay-portal/.gradle/caches/modules-2/files-2.1/com.liferay/com.liferay.gradle.plugins.jasper.jspc/2.0.19/2036971cf7e4a36e6a3fd0aa93447277b865c084/com.liferay.gradle.plugins.jasper.jspc-2.0.19.jar
7f18884db000-7f18884dd000 r--s 00002000 fd:01 485903193                  /home/me/dev/projects/liferay-portal/.gradle/caches/modules-2/files-2.1/com.liferay/com.liferay.gradle.plugins.db.support/1.1.1/e9760fe5a96b7baec2691d56354d782744cf6225/com.liferay.gradle.plugins.db.support-1.1.1.jar
7f18884dd000-7f18884df000 r--s 00006000 fd:01 485903194                  /home/me/dev/projects/liferay-portal/.gradle/caches/modules-2/files-2.1/com.liferay/com.liferay.gradle.plugins.css.builder/5.0.14/3e05a95e0f7509da520464416ca96a219a090caa/com.liferay.gradle.plugins.css.builder-5.0.14.jar
7f18884df000-7f18884e1000 r--s 00002000 fd:01 485903192                  /home/me/dev/projects/liferay-portal/.gradle/caches/modules-2/files-2.1/com.liferay/com.liferay.gradle.plugins.alloy.taglib/2.0.6/808eec5fb9405eaa9cbe4ca1e99a4400f515e720/com.liferay.gradle.plugins.alloy.taglib-2.0.6.jar
7f18884e1000-7f18884e4000 r--s 0001d000 fd:01 485903191                  /home/me/dev/projects/liferay-portal/.gradle/caches/modules-2/files-2.1/org.springframework.boot/spring-boot-gradle-plugin/2.7.18/e0d5c34cb8699bd8b9ce7a01d7660ed1f995f9ad/spring-boot-gradle-plugin-2.7.18.jar
7f18884e4000-7f18884e6000 r--s 00006000 fd:01 485903189                  /home/me/dev/projects/liferay-portal/.gradle/caches/modules-2/files-2.1/org.apache.aries.jmx/org.apache.aries.jmx.api/1.1.0/fdde443a7c653db5e596981caec82cec4d25e928/org.apache.aries.jmx.api-1.1.0.jar
7f18884e6000-7f18884e8000 r--s 0000e000 fd:01 485903190                  /home/me/dev/projects/liferay-portal/.gradle/caches/modules-2/files-2.1/gradle.plugin.com.github.spotbugs.snom/spotbugs-gradle-plugin/4.0.0/78ae68417adb49168e11b7af3fae0f978ba2a52f/spotbugs-gradle-plugin-4.0.0.jar
7f18884e8000-7f18884ea000 r--s 00009000 fd:01 485903188                  /home/me/dev/projects/liferay-portal/.gradle/caches/modules-2/files-2.1/gradle.plugin.com.github.maiflai/gradle-scalatest/0.25/4cad467cfa0a5a0f88d23d9678b7194367bf4e2/gradle-scalatest-0.25.jar
7f18884ea000-7f18884ec000 r--s 00002000 fd:01 485903186                  /home/me/dev/projects/liferay-portal/.gradle/caches/modules-2/files-2.1/com.liferay/com.liferay.gradle.plugins.whip/1.0.10/e5984f9ff36900311676c61b9d583171295a45d3/com.liferay.gradle.plugins.whip-1.0.10.jar
7f18884ec000-7f18884ee000 r--s 00001000 fd:01 485903187                  /home/me/dev/projects/liferay-portal/.gradle/caches/modules-2/files-2.1/com.liferay/com.liferay.gradle.plugins.testray/1.0.22/fecd2530f97a18b34dec5916ff0ae2e22609a07e/com.liferay.gradle.plugins.testray-1.0.22.jar
7f18884ee000-7f18884f0000 r--s 0000b000 fd:01 485903185                  /home/me/dev/projects/liferay-portal/.gradle/caches/modules-2/files-2.1/com.liferay/com.liferay.gradle.plugins.poshi.runner/4.0.20/e03a7330bb20f71c06b4632a0900faa20fd46b45/com.liferay.gradle.plugins.poshi.runner-4.0.20.jar
7f18884f0000-7f18884f2000 r--s 00005000 fd:01 485903184                  /home/me/dev/projects/liferay-portal/.gradle/caches/modules-2/files-2.1/com.liferay/com.liferay.gradle.plugins.patcher/1.0.23/a42e3eb76d68680c0f4a87a3350ef302f1cffd61/com.liferay.gradle.plugins.patcher-1.0.23.jar
7f18884f2000-7f18884f4000 r--s 00004000 fd:01 485903182                  /home/me/dev/projects/liferay-portal/.gradle/caches/modules-2/files-2.1/com.liferay/com.liferay.gradle.plugins.jsdoc/2.0.79/dc052cc57dd44f6bf425f736afed727d91a35ffe/com.liferay.gradle.plugins.jsdoc-2.0.79.jar
7f18884f4000-7f18884f6000 r--s 00005000 fd:01 485903183                  /home/me/dev/projects/liferay-portal/.gradle/caches/modules-2/files-2.1/com.liferay/com.liferay.gradle.plugins.go/2.0.1/2b31906900d10c7b200a49de77c422807cfb42e8/com.liferay.gradle.plugins.go-2.0.1.jar
7f18884f6000-7f18884f8000 r--s 00003000 fd:01 485903174                  /home/me/dev/projects/liferay-portal/.gradle/caches/modules-2/files-2.1/com.liferay/com.liferay.gradle.plugins.dependency.checker/1.0.6/e69177e43578a14b7eebaf32eddcdb0c0828d343/com.liferay.gradle.plugins.dependency.checker-1.0.6.jar
7f18884f8000-7f18884f9000 r--s 00004000 fd:01 485903175                  /home/me/dev/projects/liferay-portal/.gradle/caches/modules-2/files-2.1/com.liferay/com.liferay.gradle.plugins.change.log.builder/1.1.7/d1046253945449a89fac24e885bdbdad66045f0d/com.liferay.gradle.plugins.change.log.builder-1.1.7.jar
7f18884f9000-7f1888500000 r--s 0003e000 fd:01 485863594                  /home/me/dev/projects/liferay-portal/.gradle/caches/modules-2/files-2.1/com.liferay/com.liferay.gradle.plugins/16.0.9/9415745161b38b71e241dbd6daf576127e8e0335/com.liferay.gradle.plugins-16.0.9.jar
7f1888500000-7f1888503000 ---p 00000000 00:00 0 
7f1888503000-7f1888600000 rw-p 00000000 00:00 0 
7f1888600000-7f1888a94000 rw-p 00000000 00:00 0 
7f1888a94000-7f1888a95000 r--s 00006000 fd:01 485903172                  /home/me/dev/projects/liferay-portal/.gradle/caches/modules-2/files-2.1/com.liferay/com.liferay.gradle.plugins.cache/1.0.19/84034599e05173e8e811ef3f195ab0c65bb6b76f/com.liferay.gradle.plugins.cache-1.0.19.jar
7f1888a95000-7f1888a97000 r--s 00008000 fd:01 485903177                  /home/me/dev/projects/liferay-portal/.gradle/caches/modules-2/files-2.1/com.liferay/com.liferay.gradle.plugins.baseline/7.0.3/bacdf7bdfc664cfad6e352e452adf3021a792021/com.liferay.gradle.plugins.baseline-7.0.3.jar
7f1888a97000-7f1888a98000 r--s 00003000 fd:01 485903181                  /home/me/dev/projects/liferay-portal/.gradle/caches/modules-2/files-2.1/com.liferay/com.liferay.gradle.plugins.app.javadoc.builder/1.2.6/57063c8b112d783a0dda42545c61e9f2b99c88fc/com.liferay.gradle.plugins.app.javadoc.builder-1.2.6.jar
7f1888a98000-7f1888aa5000 r--s 0006c000 fd:01 485903176                  /home/me/dev/projects/liferay-portal/.gradle/caches/modules-2/files-2.1/com.gradle.publish/plugin-publish-plugin/0.11.0/96ce2b2721729c826bd049cfe1ca0b48bbf8c148/plugin-publish-plugin-0.11.0.jar
7f1888aa5000-7f1888aad000 r--s 00073000 fd:01 485903170                  /home/me/dev/projects/liferay-portal/.gradle/caches/modules-2/files-2.1/com.github.jk1/gradle-license-report/2.0/16eda18c6020d498d6da7105cd7844d5f6625296/gradle-license-report-2.0.jar
7f1888aad000-7f1888ab1000 r--s 00019000 fd:01 485903173                  /home/me/dev/projects/liferay-portal/.gradle/caches/modules-2/files-2.1/jakarta.xml.bind/jakarta.xml.bind-api/2.3.2/8d49996a4338670764d7ca4b85a1c4ccf7fe665d/jakarta.xml.bind-api-2.3.2.jar
7f1888ab1000-7f1888ae3000 r--s 001e1000 fd:01 485903180                  /home/me/dev/projects/liferay-portal/.gradle/caches/modules-2/files-2.1/de.undercouch/gradle-download-task/5.4.0/3187bf3900dd15991de20b47bd3041106016595b/gradle-download-task-5.4.0.jar
7f1888ae3000-7f1888ae5000 r--s 00009000 fd:01 485903179                  /home/me/dev/projects/liferay-portal/.gradle/caches/modules-2/files-2.1/com.liferay/com.liferay.gradle.plugins.maven.plugin.builder/2.0.2/f6a1396191eb7199fe5ecdd1b5784fc1050930fd/com.liferay.gradle.plugins.maven.plugin.builder-2.0.2.jar
7f1888ae5000-7f1888aed000 r--s 000de000 fd:01 485863601                  /home/me/dev/projects/liferay-portal/.gradle/caches/jars-9/b0128bd9961d532b91792f0cfa9ebfcb/com.liferay.gradle.plugins.defaults-10.1.220.jar
7f1888aed000-7f1888b00000 r--s 00345000 fd:01 71030829                   /opt/java/jdk1.8.0_221/jre/lib/resources.jar
7f1888b00000-7f1888b03000 ---p 00000000 00:00 0 
7f1888b03000-7f1888c00000 rw-p 00000000 00:00 0 
7f1888c00000-7f1888c16000 r-xp 00000000 fd:01 1811992060                 /opt/java/jdk1.8.0_221/jre/lib/amd64/libnet.so
7f1888c16000-7f1888e15000 ---p 00016000 fd:01 1811992060                 /opt/java/jdk1.8.0_221/jre/lib/amd64/libnet.so
7f1888e15000-7f1888e16000 r--p 00015000 fd:01 1811992060                 /opt/java/jdk1.8.0_221/jre/lib/amd64/libnet.so
7f1888e16000-7f1888e17000 rw-p 00016000 fd:01 1811992060                 /opt/java/jdk1.8.0_221/jre/lib/amd64/libnet.so
7f1888e17000-7f1888e21000 r--s 00060000 fd:01 485863595                  /home/me/dev/projects/liferay-portal/.gradle/caches/modules-2/files-2.1/com.liferay/com.liferay.gradle.plugins.defaults/10.1.220/966d88c973a172d8cec7e51198fa116bdc5f5bd4/com.liferay.gradle.plugins.defaults-10.1.220.jar
7f1888e21000-7f1888e22000 r--s 00001000 fd:01 483725287                  /home/me/dev/projects/liferay-portal/.gradle/caches/jars-9/764b514f9d03c851af9a304faf8519d6/settings.jar
7f1888e22000-7f1888e23000 r--s 00004000 fd:01 485834640                  /home/me/dev/projects/liferay-portal/.gradle/caches/jars-9/64f40fa76376b2b7e668e6acf52c12db/dsl.jar
7f1888e23000-7f1888e24000 r--s 00005000 fd:01 485863603                  /home/me/dev/projects/liferay-portal/.gradle/caches/jars-9/032f5c464dfd977d07f5573dafced6d5/dsl.jar
7f1888e24000-7f1888e25000 r--s 00003000 fd:01 485834633                  /home/me/dev/projects/liferay-portal/.gradle/caches/jars-9/5550cfc09e25d1cfe99c2bf0e4687df0/cp_settings.jar
7f1888e25000-7f1888e27000 r--s 0000c000 fd:01 485834630                  /home/me/dev/projects/liferay-portal/.gradle/caches/modules-2/files-2.1/com.liferay/com.liferay.gradle.util/1.0.49/fb59d42eeed49ec6b161af4e6798972bcc7cd581/com.liferay.gradle.util-1.0.49.jar
7f1888e27000-7f1888e28000 r--s 00008000 fd:01 485834632                  /home/me/dev/projects/liferay-portal/.gradle/caches/jars-9/b946576e0e80de6878c11df458bd86e5/init.jar
7f1888e28000-7f1888e2a000 r--s 00006000 fd:01 485834625                  /home/me/dev/projects/liferay-portal/.gradle/caches/jars-9/d91564c000eadf5a037ecfdf806e189a/cp_init.jar
7f1888e2a000-7f1888ea4000 r--s 010fd000 fd:01 2818591866                 /opt/java/jdk1.8.0_221/lib/tools.jar
7f1888ea4000-7f1888ea7000 ---p 00000000 00:00 0 
7f1888ea7000-7f1888fa4000 rw-p 00000000 00:00 0 
7f1888fa4000-7f1888fa9000 r--s 000a3000 fd:01 71030839                   /opt/java/jdk1.8.0_221/jre/lib/jsse.jar
7f1888fa9000-7f1888fac000 ---p 00000000 00:00 0 
7f1888fac000-7f18890a9000 rw-p 00000000 00:00 0 
7f18890a9000-7f18890ac000 r--s 00015000 fd:01 2760500573                 /home/me/dev/projects/liferay-portal/.gradle/wrapper/dists/gradle-8.5.LIFERAY-PATCHED-1-bin/el9hh4x2u8blgfqq2ywaprhf1/gradle-8.5/lib/plugins/gradle-tooling-api-builders-8.5.jar
7f18890ac000-7f18890ae000 r--s 00009000 fd:01 2760500565                 /home/me/dev/projects/liferay-portal/.gradle/wrapper/dists/gradle-8.5.LIFERAY-PATCHED-1-bin/el9hh4x2u8blgfqq2ywaprhf1/gradle-8.5/lib/plugins/gradle-test-kit-8.5.jar
7f18890ae000-7f18890b4000 r--s 0003f000 fd:01 2760539977                 /home/me/dev/projects/liferay-portal/.gradle/wrapper/dists/gradle-8.5.LIFERAY-PATCHED-1-bin/el9hh4x2u8blgfqq2ywaprhf1/gradle-8.5/lib/plugins/capsule-0.6.3.jar
7f18890b4000-7f18890dc000 r--s 001e9000 fd:01 2760539993                 /home/me/dev/projects/liferay-portal/.gradle/wrapper/dists/gradle-8.5.LIFERAY-PATCHED-1-bin/el9hh4x2u8blgfqq2ywaprhf1/gradle-8.5/lib/plugins/gradle-configuration-cache-8.5.jar
7f18890dc000-7f18890dd000 r--s 00005000 fd:01 2760539990                 /home/me/dev/projects/liferay-portal/.gradle/wrapper/dists/gradle-8.5.LIFERAY-PATCHED-1-bin/el9hh4x2u8blgfqq2ywaprhf1/gradle-8.5/lib/plugins/gradle-build-profile-8.5.jar
7f18890dd000-7f18890de000 r--s 0000a000 fd:01 2760500578                 /home/me/dev/projects/liferay-portal/.gradle/wrapper/dists/gradle-8.5.LIFERAY-PATCHED-1-bin/el9hh4x2u8blgfqq2ywaprhf1/gradle-8.5/lib/plugins/gradle-wrapper-8.5.jar
7f18890de000-7f18890e0000 r--s 00002000 fd:01 2760500576                 /home/me/dev/projects/liferay-portal/.gradle/wrapper/dists/gradle-8.5.LIFERAY-PATCHED-1-bin/el9hh4x2u8blgfqq2ywaprhf1/gradle-8.5/lib/plugins/gradle-war-8.5.jar
7f18890e0000-7f1889107000 r--s 00292000 fd:01 2760481626                 /home/me/dev/projects/liferay-portal/.gradle/wrapper/dists/gradle-8.5.LIFERAY-PATCHED-1-bin/el9hh4x2u8blgfqq2ywaprhf1/gradle-8.5/lib/plugins/org.eclipse.jgit-5.7.0.202003110725-r.jar
7f1889107000-7f1889109000 r--s 00010000 fd:01 2760500601                 /home/me/dev/projects/liferay-portal/.gradle/wrapper/dists/gradle-8.5.LIFERAY-PATCHED-1-bin/el9hh4x2u8blgfqq2ywaprhf1/gradle-8.5/lib/plugins/jzlib-1.1.3.jar
7f1889109000-7f188911d000 r--s 000c5000 fd:01 2760539974                 /home/me/dev/projects/liferay-portal/.gradle/wrapper/dists/gradle-8.5.LIFERAY-PATCHED-1-bin/el9hh4x2u8blgfqq2ywaprhf1/gradle-8.5/lib/plugins/bcpkix-jdk15on-1.68.jar
7f188911d000-7f188911f000 r--s 0000d000 fd:01 2760500575                 /home/me/dev/projects/liferay-portal/.gradle/wrapper/dists/gradle-8.5.LIFERAY-PATCHED-1-bin/el9hh4x2u8blgfqq2ywaprhf1/gradle-8.5/lib/plugins/gradle-version-control-8.5.jar
7f188911f000-7f1889121000 r--s 00003000 fd:01 2760500574                 /home/me/dev/projects/liferay-portal/.gradle/wrapper/dists/gradle-8.5.LIFERAY-PATCHED-1-bin/el9hh4x2u8blgfqq2ywaprhf1/gradle-8.5/lib/plugins/gradle-tooling-native-8.5.jar
7f1889121000-7f1889125000 r--s 00018000 fd:01 2760500571                 /home/me/dev/projects/liferay-portal/.gradle/wrapper/dists/gradle-8.5.LIFERAY-PATCHED-1-bin/el9hh4x2u8blgfqq2ywaprhf1/gradle-8.5/lib/plugins/gradle-testing-native-8.5.jar
7f1889125000-7f1889126000 r--s 00001000 fd:01 2760481625                 /home/me/dev/projects/liferay-portal/.gradle/wrapper/dists/gradle-8.5.LIFERAY-PATCHED-1-bin/el9hh4x2u8blgfqq2ywaprhf1/gradle-8.5/lib/plugins/opentest4j-1.2.0.jar
7f1889126000-7f188912a000 r--s 00023000 fd:01 2760500600                 /home/me/dev/projects/liferay-portal/.gradle/wrapper/dists/gradle-8.5.LIFERAY-PATCHED-1-bin/el9hh4x2u8blgfqq2ywaprhf1/gradle-8.5/lib/plugins/junit-platform-launcher-1.8.2.jar
7f188912a000-7f188912f000 r--s 00029000 fd:01 2760500599                 /home/me/dev/projects/liferay-portal/.gradle/wrapper/dists/gradle-8.5.LIFERAY-PATCHED-1-bin/el9hh4x2u8blgfqq2ywaprhf1/gradle-8.5/lib/plugins/junit-platform-engine-1.8.2.jar
7f188912f000-7f1889131000 r--s 00017000 fd:01 2760500598                 /home/me/dev/projects/liferay-portal/.gradle/wrapper/dists/gradle-8.5.LIFERAY-PATCHED-1-bin/el9hh4x2u8blgfqq2ywaprhf1/gradle-8.5/lib/plugins/junit-platform-commons-1.8.2.jar
7f1889131000-7f1889132000 r--s 00004000 fd:01 2760500568                 /home/me/dev/projects/liferay-portal/.gradle/wrapper/dists/gradle-8.5.LIFERAY-PATCHED-1-bin/el9hh4x2u8blgfqq2ywaprhf1/gradle-8.5/lib/plugins/gradle-testing-junit-platform-8.5.jar
7f1889132000-7f1889134000 r--s 00007000 fd:01 2760500564                 /home/me/dev/projects/liferay-portal/.gradle/wrapper/dists/gradle-8.5.LIFERAY-PATCHED-1-bin/el9hh4x2u8blgfqq2ywaprhf1/gradle-8.5/lib/plugins/gradle-signing-8.5.jar
7f1889134000-7f1889137000 r--s 00015000 fd:01 2760500562                 /home/me/dev/projects/liferay-portal/.gradle/wrapper/dists/gradle-8.5.LIFERAY-PATCHED-1-bin/el9hh4x2u8blgfqq2ywaprhf1/gradle-8.5/lib/plugins/gradle-scala-8.5.jar
7f1889137000-7f188913b000 r--s 00041000 fd:01 2760500596                 /home/me/dev/projects/liferay-portal/.gradle/wrapper/dists/gradle-8.5.LIFERAY-PATCHED-1-bin/el9hh4x2u8blgfqq2ywaprhf1/gradle-8.5/lib/plugins/jsch-0.1.55.jar
7f188913b000-7f188913d000 r--s 00004000 fd:01 2760500551                 /home/me/dev/projects/liferay-portal/.gradle/wrapper/dists/gradle-8.5.LIFERAY-PATCHED-1-bin/el9hh4x2u8blgfqq2ywaprhf1/gradle-8.5/lib/plugins/gradle-resources-sftp-8.5.jar
7f188913d000-7f188914d000 r--s 0008d000 fd:01 2760500595                 /home/me/dev/projects/liferay-portal/.gradle/wrapper/dists/gradle-8.5.LIFERAY-PATCHED-1-bin/el9hh4x2u8blgfqq2ywaprhf1/gradle-8.5/lib/plugins/joda-time-2.10.4.jar
7f188914d000-7f188914f000 r--s 00005000 fd:01 2760500594                 /home/me/dev/projects/liferay-portal/.gradle/wrapper/dists/gradle-8.5.LIFERAY-PATCHED-1-bin/el9hh4x2u8blgfqq2ywaprhf1/gradle-8.5/lib/plugins/jmespath-java-1.12.365.jar
7f188914f000-7f1889156000 r--s 00034000 fd:01 2760500590                 /home/me/dev/projects/liferay-portal/.gradle/wrapper/dists/gradle-8.5.LIFERAY-PATCHED-1-bin/el9hh4x2u8blgfqq2ywaprhf1/gradle-8.5/lib/plugins/jaxb-core-3.0.0.jar
7f1889156000-7f188915a000 r--s 0001c000 fd:01 2760500588                 /home/me/dev/projects/liferay-portal/.gradle/wrapper/dists/gradle-8.5.LIFERAY-PATCHED-1-bin/el9hh4x2u8blgfqq2ywaprhf1/gradle-8.5/lib/plugins/jakarta.xml.bind-api-3.0.0.jar
7f188915a000-7f188915c000 r--s 0000e000 fd:01 2760500587                 /home/me/dev/projects/liferay-portal/.gradle/wrapper/dists/gradle-8.5.LIFERAY-PATCHED-1-bin/el9hh4x2u8blgfqq2ywaprhf1/gradle-8.5/lib/plugins/jakarta.activation-2.0.0.jar
7f188915c000-7f1889175000 r--s 00173000 fd:01 2760500586                 /home/me/dev/projects/liferay-portal/.gradle/wrapper/dists/gradle-8.5.LIFERAY-PATCHED-1-bin/el9hh4x2u8blgfqq2ywaprhf1/gradle-8.5/lib/plugins/jackson-databind-2.15.3.jar
7f1889175000-7f188917c000 r--s 00080000 fd:01 2760500585                 /home/me/dev/projects/liferay-portal/.gradle/wrapper/dists/gradle-8.5.LIFERAY-PATCHED-1-bin/el9hh4x2u8blgfqq2ywaprhf1/gradle-8.5/lib/plugins/jackson-core-2.15.3.jar
7f188917c000-7f188917f000 r--s 00010000 fd:01 2760500584                 /home/me/dev/projects/liferay-portal/.gradle/wrapper/dists/gradle-8.5.LIFERAY-PATCHED-1-bin/el9hh4x2u8blgfqq2ywaprhf1/gradle-8.5/lib/plugins/jackson-annotations-2.15.3.jar
7f188917f000-7f1889189000 r--s 00081000 fd:01 2760500582                 /home/me/dev/projects/liferay-portal/.gradle/wrapper/dists/gradle-8.5.LIFERAY-PATCHED-1-bin/el9hh4x2u8blgfqq2ywaprhf1/gradle-8.5/lib/plugins/ion-java-1.0.2.jar
7f1889189000-7f188918d000 r--s 00021000 fd:01 2760539972                 /home/me/dev/projects/liferay-portal/.gradle/wrapper/dists/gradle-8.5.LIFERAY-PATCHED-1-bin/el9hh4x2u8blgfqq2ywaprhf1/gradle-8.5/lib/plugins/aws-java-sdk-sts-1.12.365.jar
7f188918d000-7f18891a8000 r--s 00119000 fd:01 2760539971                 /home/me/dev/projects/liferay-portal/.gradle/wrapper/dists/gradle-8.5.LIFERAY-PATCHED-1-bin/el9hh4x2u8blgfqq2ywaprhf1/gradle-8.5/lib/plugins/aws-java-sdk-s3-1.12.365.jar
7f18891a8000-7f18891b7000 r--s 0009d000 fd:01 2760539970                 /home/me/dev/projects/liferay-portal/.gradle/wrapper/dists/gradle-8.5.LIFERAY-PATCHED-1-bin/el9hh4x2u8blgfqq2ywaprhf1/gradle-8.5/lib/plugins/aws-java-sdk-kms-1.12.365.jar
7f18891b7000-7f18891cf000 r--s 000e9000 fd:01 2760539969                 /home/me/dev/projects/liferay-portal/.gradle/wrapper/dists/gradle-8.5.LIFERAY-PATCHED-1-bin/el9hh4x2u8blgfqq2ywaprhf1/gradle-8.5/lib/plugins/aws-java-sdk-core-1.12.365.jar
7f18891cf000-7f18891d0000 r--s 00005000 fd:01 2760500550                 /home/me/dev/projects/liferay-portal/.gradle/wrapper/dists/gradle-8.5.LIFERAY-PATCHED-1-bin/el9hh4x2u8blgfqq2ywaprhf1/gradle-8.5/lib/plugins/gradle-resources-s3-8.5.jar
7f18891d0000-7f18891d1000 r--s 00005000 fd:01 2760481624                 /home/me/dev/projects/liferay-portal/.gradle/wrapper/dists/gradle-8.5.LIFERAY-PATCHED-1-bin/el9hh4x2u8blgfqq2ywaprhf1/gradle-8.5/lib/plugins/opencensus-contrib-http-util-0.31.1.jar
7f18891d1000-7f18891db000 r--s 0004d000 fd:01 2760500607                 /home/me/dev/projects/liferay-portal/.gradle/wrapper/dists/gradle-8.5.LIFERAY-PATCHED-1-bin/el9hh4x2u8blgfqq2ywaprhf1/gradle-8.5/lib/plugins/opencensus-api-0.31.1.jar
7f18891db000-7f18891dd000 r--s 00006000 fd:01 2760500579                 /home/me/dev/projects/liferay-portal/.gradle/wrapper/dists/gradle-8.5.LIFERAY-PATCHED-1-bin/el9hh4x2u8blgfqq2ywaprhf1/gradle-8.5/lib/plugins/grpc-context-1.27.2.jar
7f18891dd000-7f18891e0000 r--s 00011000 fd:01 2760539985                 /home/me/dev/projects/liferay-portal/.gradle/wrapper/dists/gradle-8.5.LIFERAY-PATCHED-1-bin/el9hh4x2u8blgfqq2ywaprhf1/gradle-8.5/lib/plugins/google-oauth-client-1.34.1.jar
7f18891e0000-7f18891e1000 r--s 00002000 fd:01 2760539984                 /home/me/dev/projects/liferay-portal/.gradle/wrapper/dists/gradle-8.5.LIFERAY-PATCHED-1-bin/el9hh4x2u8blgfqq2ywaprhf1/gradle-8.5/lib/plugins/google-http-client-gson-1.42.2.jar
7f18891e1000-7f18891e8000 r--s 00041000 fd:01 2760539982                 /home/me/dev/projects/liferay-portal/.gradle/wrapper/dists/gradle-8.5.LIFERAY-PATCHED-1-bin/el9hh4x2u8blgfqq2ywaprhf1/gradle-8.5/lib/plugins/google-http-client-1.42.2.jar
7f18891e8000-7f18891ec000 r--s 0002b000 fd:01 2760539981                 /home/me/dev/projects/liferay-portal/.gradle/wrapper/dists/gradle-8.5.LIFERAY-PATCHED-1-bin/el9hh4x2u8blgfqq2ywaprhf1/gradle-8.5/lib/plugins/google-api-services-storage-v1-rev20220705-1.32.1.jar
7f18891ec000-7f18891fe000 r--s 0007c000 fd:01 2760540022                 /home/me/dev/projects/liferay-portal/.gradle/wrapper/dists/gradle-8.5.LIFERAY-PATCHED-1-bin/el9hh4x2u8blgfqq2ywaprhf1/gradle-8.5/lib/plugins/gradle-platform-native-8.5.jar
7f18891fe000-7f188955d000 r--s 035fe000 fd:01 2624916639                 /home/me/dev/projects/liferay-portal/.gradle/wrapper/dists/gradle-8.5.LIFERAY-PATCHED-1-bin/el9hh4x2u8blgfqq2ywaprhf1/gradle-8.5/lib/kotlin-compiler-embeddable-1.9.20.jar
7f188955d000-7f188955e000 r--s 00002000 fd:01 2760539983                 /home/me/dev/projects/liferay-portal/.gradle/wrapper/dists/gradle-8.5.LIFERAY-PATCHED-1-bin/el9hh4x2u8blgfqq2ywaprhf1/gradle-8.5/lib/plugins/google-http-client-apache-v2-1.42.2.jar
7f188955e000-7f1889564000 r--s 00044000 fd:01 2760539980                 /home/me/dev/projects/liferay-portal/.gradle/wrapper/dists/gradle-8.5.LIFERAY-PATCHED-1-bin/el9hh4x2u8blgfqq2ywaprhf1/gradle-8.5/lib/plugins/google-api-client-1.34.0.jar
7f1889564000-7f1889566000 r--s 00003000 fd:01 2760500548                 /home/me/dev/projects/liferay-portal/.gradle/wrapper/dists/gradle-8.5.LIFERAY-PATCHED-1-bin/el9hh4x2u8blgfqq2ywaprhf1/gradle-8.5/lib/plugins/gradle-resources-gcs-8.5.jar
7f1889566000-7f1889567000 r--s 00004000 fd:01 2760500545                 /home/me/dev/projects/liferay-portal/.gradle/wrapper/dists/gradle-8.5.LIFERAY-PATCHED-1-bin/el9hh4x2u8blgfqq2ywaprhf1/gradle-8.5/lib/plugins/gradle-plugins-version-catalog-8.5.jar
7f1889567000-7f1889568000 r--s 00001000 fd:01 2760500544                 /home/me/dev/projects/liferay-portal/.gradle/wrapper/dists/gradle-8.5.LIFERAY-PATCHED-1-bin/el9hh4x2u8blgfqq2ywaprhf1/gradle-8.5/lib/plugins/gradle-plugins-test-report-aggregation-8.5.jar
7f1889568000-7f188956a000 r--s 00000000 fd:01 2760540030                 /home/me/dev/projects/liferay-portal/.gradle/wrapper/dists/gradle-8.5.LIFERAY-PATCHED-1-bin/el9hh4x2u8blgfqq2ywaprhf1/gradle-8.5/lib/plugins/gradle-plugins-jvm-test-fixtures-8.5.jar
7f188956a000-7f1889576000 r--s 00055000 fd:01 2760540018                 /home/me/dev/projects/liferay-portal/.gradle/wrapper/dists/gradle-8.5.LIFERAY-PATCHED-1-bin/el9hh4x2u8blgfqq2ywaprhf1/gradle-8.5/lib/plugins/gradle-language-native-8.5.jar
7f1889576000-7f1889577000 r--s 00001000 fd:01 2760540012                 /home/me/dev/projects/liferay-portal/.gradle/wrapper/dists/gradle-8.5.LIFERAY-PATCHED-1-bin/el9hh4x2u8blgfqq2ywaprhf1/gradle-8.5/lib/plugins/gradle-java-platform-8.5.jar
7f1889577000-7f1889579000 r--s 0000f000 fd:01 2760540003                 /home/me/dev/projects/liferay-portal/.gradle/wrapper/dists/gradle-8.5.LIFERAY-PATCHED-1-bin/el9hh4x2u8blgfqq2ywaprhf1/gradle-8.5/lib/plugins/gradle-jacoco-8.5.jar
7f1889579000-7f188957d000 r--s 00027000 fd:01 2760540000                 /home/me/dev/projects/liferay-portal/.gradle/wrapper/dists/gradle-8.5.LIFERAY-PATCHED-1-bin/el9hh4x2u8blgfqq2ywaprhf1/gradle-8.5/lib/plugins/gradle-ide-plugins-8.5.jar
7f188957d000-7f188957f000 r--s 00011000 fd:01 2760539979                 /home/me/dev/projects/liferay-portal/.gradle/wrapper/dists/gradle-8.5.LIFERAY-PATCHED-1-bin/el9hh4x2u8blgfqq2ywaprhf1/gradle-8.5/lib/plugins/dd-plist-1.21.jar
7f188957f000-7f1889585000 r--s 00035000 fd:01 2760539999                 /home/me/dev/projects/liferay-portal/.gradle/wrapper/dists/gradle-8.5.LIFERAY-PATCHED-1-bin/el9hh4x2u8blgfqq2ywaprhf1/gradle-8.5/lib/plugins/gradle-ide-native-8.5.jar
7f1889585000-7f188958c000 r--s 0003f000 fd:01 2760539998                 /home/me/dev/projects/liferay-portal/.gradle/wrapper/dists/gradle-8.5.LIFERAY-PATCHED-1-bin/el9hh4x2u8blgfqq2ywaprhf1/gradle-8.5/lib/plugins/gradle-ide-8.5.jar
7f188958c000-7f1889590000 r--s 0000e000 fd:01 2760539997                 /home/me/dev/projects/liferay-portal/.gradle/wrapper/dists/gradle-8.5.LIFERAY-PATCHED-1-bin/el9hh4x2u8blgfqq2ywaprhf1/gradle-8.5/lib/plugins/gradle-enterprise-8.5.jar
7f1889590000-7f1889591000 r--s 00007000 fd:01 2760539996                 /home/me/dev/projects/liferay-portal/.gradle/wrapper/dists/gradle-8.5.LIFERAY-PATCHED-1-bin/el9hh4x2u8blgfqq2ywaprhf1/gradle-8.5/lib/plugins/gradle-ear-8.5.jar
7f1889591000-7f1889594000 r--s 00012000 fd:01 2760539992                 /home/me/dev/projects/liferay-portal/.gradle/wrapper/dists/gradle-8.5.LIFERAY-PATCHED-1-bin/el9hh4x2u8blgfqq2ywaprhf1/gradle-8.5/lib/plugins/gradle-composite-builds-8.5.jar
7f1889594000-7f1889597000 r--s 0001d000 fd:01 2760539991                 /home/me/dev/projects/liferay-portal/.gradle/wrapper/dists/gradle-8.5.LIFERAY-PATCHED-1-bin/el9hh4x2u8blgfqq2ywaprhf1/gradle-8.5/lib/plugins/gradle-code-quality-8.5.jar
7f1889597000-7f18895a1000 r--s 00041000 fd:01 2760539989                 /home/me/dev/projects/liferay-portal/.gradle/wrapper/dists/gradle-8.5.LIFERAY-PATCHED-1-bin/el9hh4x2u8blgfqq2ywaprhf1/gradle-8.5/lib/plugins/gradle-build-init-8.5.jar
7f18895a1000-7f18895a2000 r--s 00003000 fd:01 2760539988                 /home/me/dev/projects/liferay-portal/.gradle/wrapper/dists/gradle-8.5.LIFERAY-PATCHED-1-bin/el9hh4x2u8blgfqq2ywaprhf1/gradle-8.5/lib/plugins/gradle-build-cache-http-8.5.jar
7f18895a2000-7f18895a3000 r--s 00003000 fd:01 2760539987                 /home/me/dev/projects/liferay-portal/.gradle/wrapper/dists/gradle-8.5.LIFERAY-PATCHED-1-bin/el9hh4x2u8blgfqq2ywaprhf1/gradle-8.5/lib/plugins/gradle-base-ide-plugins-8.5.jar
7f18895a3000-7f18895a5000 r--s 00008000 fd:01 2760539986                 /home/me/dev/projects/liferay-portal/.gradle/wrapper/dists/gradle-8.5.LIFERAY-PATCHED-1-bin/el9hh4x2u8blgfqq2ywaprhf1/gradle-8.5/lib/plugins/gradle-antlr-8.5.jar
7f18895a5000-7f18895a8000 r--s 0001e000 fd:01 2760540014                 /home/me/dev/projects/liferay-portal/.gradle/wrapper/dists/gradle-8.5.LIFERAY-PATCHED-1-bin/el9hh4x2u8blgfqq2ywaprhf1/gradle-8.5/lib/plugins/gradle-kotlin-dsl-tooling-builders-8.5.jar
7f18895a8000-7f18895aa000 r--s 00007000 fd:01 2760540031                 /home/me/dev/projects/liferay-portal/.gradle/wrapper/dists/gradle-8.5.LIFERAY-PATCHED-1-bin/el9hh4x2u8blgfqq2ywaprhf1/gradle-8.5/lib/plugins/gradle-plugins-jvm-test-suite-8.5.jar
7f18895aa000-7f18895ac000 r--s 0000c000 fd:01 2760540029                 /home/me/dev/projects/liferay-portal/.gradle/wrapper/dists/gradle-8.5.LIFERAY-PATCHED-1-bin/el9hh4x2u8blgfqq2ywaprhf1/gradle-8.5/lib/plugins/gradle-plugins-java-base-8.5.jar
7f18895ac000-7f18895ad000 r--s 00002000 fd:01 2760540028                 /home/me/dev/projects/liferay-portal/.gradle/wrapper/dists/gradle-8.5.LIFERAY-PATCHED-1-bin/el9hh4x2u8blgfqq2ywaprhf1/gradle-8.5/lib/plugins/gradle-plugins-java-8.5.jar
7f18895ad000-7f18895af000 r--s 00004000 fd:01 2760540027                 /home/me/dev/projects/liferay-portal/.gradle/wrapper/dists/gradle-8.5.LIFERAY-PATCHED-1-bin/el9hh4x2u8blgfqq2ywaprhf1/gradle-8.5/lib/plugins/gradle-plugins-groovy-8.5.jar
7f18895af000-7f18895b1000 r--s 00001000 fd:01 2760540026                 /home/me/dev/projects/liferay-portal/.gradle/wrapper/dists/gradle-8.5.LIFERAY-PATCHED-1-bin/el9hh4x2u8blgfqq2ywaprhf1/gradle-8.5/lib/plugins/gradle-plugins-distribution-8.5.jar
7f18895b1000-7f18895b4000 r--s 0000f000 fd:01 2760540025                 /home/me/dev/projects/liferay-portal/.gradle/wrapper/dists/gradle-8.5.LIFERAY-PATCHED-1-bin/el9hh4x2u8blgfqq2ywaprhf1/gradle-8.5/lib/plugins/gradle-plugins-8.5.jar
7f18895b4000-7f18895b7000 r--s 00017000 fd:01 2760540023                 /home/me/dev/projects/liferay-portal/.gradle/wrapper/dists/gradle-8.5.LIFERAY-PATCHED-1-bin/el9hh4x2u8blgfqq2ywaprhf1/gradle-8.5/lib/plugins/gradle-plugin-development-8.5.jar
7f18895b7000-7f18895b8000 r--s 00006000 fd:01 2760500604                 /home/me/dev/projects/liferay-portal/.gradle/wrapper/dists/gradle-8.5.LIFERAY-PATCHED-1-bin/el9hh4x2u8blgfqq2ywaprhf1/gradle-8.5/lib/plugins/maven-repository-metadata-3.9.5.jar
7f18895b8000-7f18895bc000 r--s 00032000 fd:01 2760500603                 /home/me/dev/projects/liferay-portal/.gradle/wrapper/dists/gradle-8.5.LIFERAY-PATCHED-1-bin/el9hh4x2u8blgfqq2ywaprhf1/gradle-8.5/lib/plugins/maven-model-3.9.5.jar
7f18895bc000-7f18895c0000 r--s 0001f000 fd:01 2760540019                 /home/me/dev/projects/liferay-portal/.gradle/wrapper/dists/gradle-8.5.LIFERAY-PATCHED-1-bin/el9hh4x2u8blgfqq2ywaprhf1/gradle-8.5/lib/plugins/gradle-maven-8.5.jar
7f18895c0000-7f18895c4000 r--s 00015000 fd:01 2760500572                 /home/me/dev/projects/liferay-portal/.gradle/wrapper/dists/gradle-8.5.LIFERAY-PATCHED-1-bin/el9hh4x2u8blgfqq2ywaprhf1/gradle-8.5/lib/plugins/gradle-toolchains-jvm-8.5.jar
7f18895c4000-7f18895cd000 r--s 00089000 fd:01 2760450700                 /home/me/dev/projects/liferay-portal/.gradle/wrapper/dists/gradle-8.5.LIFERAY-PATCHED-1-bin/el9hh4x2u8blgfqq2ywaprhf1/gradle-8.5/lib/plugins/testng-6.3.1.jar
7f18895cd000-7f18895d4000 r--s 0004b000 fd:01 2760450699                 /home/me/dev/projects/liferay-portal/.gradle/wrapper/dists/gradle-8.5.LIFERAY-PATCHED-1-bin/el9hh4x2u8blgfqq2ywaprhf1/gradle-8.5/lib/plugins/snakeyaml-2.0.jar
7f18895d4000-7f18895d7000 r--s 00012000 fd:01 2760500593                 /home/me/dev/projects/liferay-portal/.gradle/wrapper/dists/gradle-8.5.LIFERAY-PATCHED-1-bin/el9hh4x2u8blgfqq2ywaprhf1/gradle-8.5/lib/plugins/jcommander-1.78.jar
7f18895d7000-7f18895dc000 r--s 0005a000 fd:01 2760539976                 /home/me/dev/projects/liferay-portal/.gradle/wrapper/dists/gradle-8.5.LIFERAY-PATCHED-1-bin/el9hh4x2u8blgfqq2ywaprhf1/gradle-8.5/lib/plugins/bsh-2.0b6.jar
7f18895dc000-7f18895df000 r--s 0000c000 fd:01 2760500570                 /home/me/dev/projects/liferay-portal/.gradle/wrapper/dists/gradle-8.5.LIFERAY-PATCHED-1-bin/el9hh4x2u8blgfqq2ywaprhf1/gradle-8.5/lib/plugins/gradle-testing-jvm-infrastructure-8.5.jar
7f18895df000-7f18895e2000 r--s 00013000 fd:01 2760500569                 /home/me/dev/projects/liferay-portal/.gradle/wrapper/dists/gradle-8.5.LIFERAY-PATCHED-1-bin/el9hh4x2u8blgfqq2ywaprhf1/gradle-8.5/lib/plugins/gradle-testing-jvm-8.5.jar
7f18895e2000-7f18895ea000 r--s 0003b000 fd:01 2760500567                 /home/me/dev/projects/liferay-portal/.gradle/wrapper/dists/gradle-8.5.LIFERAY-PATCHED-1-bin/el9hh4x2u8blgfqq2ywaprhf1/gradle-8.5/lib/plugins/gradle-testing-base-8.5.jar
7f18895ea000-7f18895eb000 r--s 00002000 fd:01 2760500566                 /home/me/dev/projects/liferay-portal/.gradle/wrapper/dists/gradle-8.5.LIFERAY-PATCHED-1-bin/el9hh4x2u8blgfqq2ywaprhf1/gradle-8.5/lib/plugins/gradle-test-suites-base-8.5.jar
7f18895eb000-7f18895ee000 r--s 0000d000 fd:01 2760540021                 /home/me/dev/projects/liferay-portal/.gradle/wrapper/dists/gradle-8.5.LIFERAY-PATCHED-1-bin/el9hh4x2u8blgfqq2ywaprhf1/gradle-8.5/lib/plugins/gradle-platform-jvm-8.5.jar
7f18895ee000-7f18895f0000 r--s 00007000 fd:01 2760540017                 /home/me/dev/projects/liferay-portal/.gradle/wrapper/dists/gradle-8.5.LIFERAY-PATCHED-1-bin/el9hh4x2u8blgfqq2ywaprhf1/gradle-8.5/lib/plugins/gradle-language-jvm-8.5.jar
7f18895f0000-7f18895f9000 r--s 00049000 fd:01 2760540016                 /home/me/dev/projects/liferay-portal/.gradle/wrapper/dists/gradle-8.5.LIFERAY-PATCHED-1-bin/el9hh4x2u8blgfqq2ywaprhf1/gradle-8.5/lib/plugins/gradle-language-java-8.5.jar
7f18895f9000-7f18895fb000 r--s 00010000 fd:01 2760540015                 /home/me/dev/projects/liferay-portal/.gradle/wrapper/dists/gradle-8.5.LIFERAY-PATCHED-1-bin/el9hh4x2u8blgfqq2ywaprhf1/gradle-8.5/lib/plugins/gradle-language-groovy-8.5.jar
7f18895fb000-7f18895fc000 ---p 00000000 00:00 0 
7f18895fc000-7f18896fc000 rw-p 00000000 00:00 0 
7f18896fc000-7f18896ff000 ---p 00000000 00:00 0 
7f18896ff000-7f18897fc000 rw-p 00000000 00:00 0 
7f18897fc000-7f18897fd000 ---p 00000000 00:00 0 
7f18897fd000-7f1889800000 ---p 00000000 00:00 0 
7f1889800000-7f18898fd000 rw-p 00000000 00:00 0 
7f18898fd000-7f18898fe000 ---p 00000000 00:00 0 
7f18898fe000-7f1889901000 ---p 00000000 00:00 0 
7f1889901000-7f18899fe000 rw-p 00000000 00:00 0 
7f18899fe000-7f18899ff000 ---p 00000000 00:00 0 
7f18899ff000-7f1889a02000 ---p 00000000 00:00 0 
7f1889a02000-7f1889aff000 rw-p 00000000 00:00 0 
7f1889aff000-7f1889b00000 ---p 00000000 00:00 0 
7f1889b00000-7f1889b03000 ---p 00000000 00:00 0 
7f1889b03000-7f1889c00000 rw-p 00000000 00:00 0 
7f1889c00000-7f1889e78000 r--p 00000000 fd:01 202065928                  /usr/lib/locale/en_US.utf8/LC_COLLATE
7f1889e78000-7f1889e7a000 r--s 00002000 fd:01 2760540011                 /home/me/dev/projects/liferay-portal/.gradle/wrapper/dists/gradle-8.5.LIFERAY-PATCHED-1-bin/el9hh4x2u8blgfqq2ywaprhf1/gradle-8.5/lib/plugins/gradle-java-compiler-plugin-8.5.jar
7f1889e7a000-7f1889e7e000 r--s 0001b000 fd:01 2760500546                 /home/me/dev/projects/liferay-portal/.gradle/wrapper/dists/gradle-8.5.LIFERAY-PATCHED-1-bin/el9hh4x2u8blgfqq2ywaprhf1/gradle-8.5/lib/plugins/gradle-publish-8.5.jar
7f1889e7e000-7f1889e82000 r--s 00019000 fd:01 2760540002                 /home/me/dev/projects/liferay-portal/.gradle/wrapper/dists/gradle-8.5.LIFERAY-PATCHED-1-bin/el9hh4x2u8blgfqq2ywaprhf1/gradle-8.5/lib/plugins/gradle-ivy-8.5.jar
7f1889e82000-7f1889e84000 r--s 00010000 fd:01 2760500547                 /home/me/dev/projects/liferay-portal/.gradle/wrapper/dists/gradle-8.5.LIFERAY-PATCHED-1-bin/el9hh4x2u8blgfqq2ywaprhf1/gradle-8.5/lib/plugins/gradle-reporting-8.5.jar
7f1889e84000-7f1889e8c000 r--s 00029000 fd:01 2760540020                 /home/me/dev/projects/liferay-portal/.gradle/wrapper/dists/gradle-8.5.LIFERAY-PATCHED-1-bin/el9hh4x2u8blgfqq2ywaprhf1/gradle-8.5/lib/plugins/gradle-platform-base-8.5.jar
7f1889e8c000-7f1889e8e000 r--s 00006000 fd:01 2760500589                 /home/me/dev/projects/liferay-portal/.gradle/wrapper/dists/gradle-8.5.LIFERAY-PATCHED-1-bin/el9hh4x2u8blgfqq2ywaprhf1/gradle-8.5/lib/plugins/jatl-0.2.3.jar
7f1889e8e000-7f1889e96000 r--s 00047000 fd:01 2760539995                 /home/me/dev/projects/liferay-portal/.gradle/wrapper/dists/gradle-8.5.LIFERAY-PATCHED-1-bin/el9hh4x2u8blgfqq2ywaprhf1/gradle-8.5/lib/plugins/gradle-diagnostics-8.5.jar
7f1889e96000-7f1889e9c000 r--s 0002f000 fd:01 2760540013                 /home/me/dev/projects/liferay-portal/.gradle/wrapper/dists/gradle-8.5.LIFERAY-PATCHED-1-bin/el9hh4x2u8blgfqq2ywaprhf1/gradle-8.5/lib/plugins/gradle-kotlin-dsl-provider-plugins-8.5.jar
7f1889e9c000-7f1889e9d000 r--s 00000000 fd:01 2760540001                 /home/me/dev/projects/liferay-portal/.gradle/wrapper/dists/gradle-8.5.LIFERAY-PATCHED-1-bin/el9hh4x2u8blgfqq2ywaprhf1/gradle-8.5/lib/plugins/gradle-instrumentation-declarations-8.5.jar
7f1889e9d000-7f1889ea0000 r--s 0000e000 fd:01 2760540024                 /home/me/dev/projects/liferay-portal/.gradle/wrapper/dists/gradle-8.5.LIFERAY-PATCHED-1-bin/el9hh4x2u8blgfqq2ywaprhf1/gradle-8.5/lib/plugins/gradle-plugin-use-8.5.jar
7f1889ea0000-7f1889ea6000 r--s 00065000 fd:01 2760500597                 /home/me/dev/projects/liferay-portal/.gradle/wrapper/dists/gradle-8.5.LIFERAY-PATCHED-1-bin/el9hh4x2u8blgfqq2ywaprhf1/gradle-8.5/lib/plugins/jsoup-1.15.3.jar
7f1889ea6000-7f1889ead000 r--s 0005c000 fd:01 2760500592                 /home/me/dev/projects/liferay-portal/.gradle/wrapper/dists/gradle-8.5.LIFERAY-PATCHED-1-bin/el9hh4x2u8blgfqq2ywaprhf1/gradle-8.5/lib/plugins/jcifs-1.3.17.jar
7f1889ead000-7f1889eba000 r--s 000b2000 fd:01 2760500580                 /home/me/dev/projects/liferay-portal/.gradle/wrapper/dists/gradle-8.5.LIFERAY-PATCHED-1-bin/el9hh4x2u8blgfqq2ywaprhf1/gradle-8.5/lib/plugins/httpclient-4.5.13.jar
7f1889eba000-7f1889ec1000 r--s 00050000 fd:01 2760539978                 /home/me/dev/projects/liferay-portal/.gradle/wrapper/dists/gradle-8.5.LIFERAY-PATCHED-1-bin/el9hh4x2u8blgfqq2ywaprhf1/gradle-8.5/lib/plugins/commons-codec-1.15.jar
7f1889ec1000-7f1889ec4000 r--s 00010000 fd:01 2760500549                 /home/me/dev/projects/liferay-portal/.gradle/wrapper/dists/gradle-8.5.LIFERAY-PATCHED-1-bin/el9hh4x2u8blgfqq2ywaprhf1/gradle-8.5/lib/plugins/gradle-resources-http-8.5.jar
7f1889ec4000-7f1889ec8000 r--s 0003e000 fd:01 2760450698                 /home/me/dev/projects/liferay-portal/.gradle/wrapper/dists/gradle-8.5.LIFERAY-PATCHED-1-bin/el9hh4x2u8blgfqq2ywaprhf1/gradle-8.5/lib/plugins/plexus-utils-3.5.1.jar
7f1889ec8000-7f1889ecb000 r--s 00012000 fd:01 2760450693                 /home/me/dev/projects/liferay-portal/.gradle/wrapper/dists/gradle-8.5.LIFERAY-PATCHED-1-bin/el9hh4x2u8blgfqq2ywaprhf1/gradle-8.5/lib/plugins/plexus-interpolation-1.26.jar
7f1889ecb000-7f1889ee2000 r--s 00141000 fd:01 2760500583                 /home/me/dev/projects/liferay-portal/.gradle/wrapper/dists/gradle-8.5.LIFERAY-PATCHED-1-bin/el9hh4x2u8blgfqq2ywaprhf1/gradle-8.5/lib/plugins/ivy-2.5.2.jar
7f1889ee2000-7f1889ee5000 ---p 00000000 00:00 0 
7f1889ee5000-7f1889fe2000 rw-p 00000000 00:00 0 
7f1889fe2000-7f1889fe5000 ---p 00000000 00:00 0 
7f1889fe5000-7f188a0e2000 rw-p 00000000 00:00 0 
7f188a0e2000-7f188a0e5000 ---p 00000000 00:00 0 
7f188a0e5000-7f188a1e2000 rw-p 00000000 00:00 0 
7f188a1e2000-7f188a1e3000 ---p 00000000 00:00 0 
7f188a1e3000-7f188a2e3000 rw-p 00000000 00:00 0 
7f188a2e3000-7f188c02e000 rw-p 00000000 00:00 0 
7f188c02e000-7f1890000000 ---p 00000000 00:00 0 
7f1890000000-7f1890001000 r--s 00005000 fd:01 2760450697                 /home/me/dev/projects/liferay-portal/.gradle/wrapper/dists/gradle-8.5.LIFERAY-PATCHED-1-bin/el9hh4x2u8blgfqq2ywaprhf1/gradle-8.5/lib/plugins/plexus-sec-dispatcher-2.0.jar
7f1890001000-7f1890003000 r--s 00002000 fd:01 2760481660                 /home/me/dev/projects/liferay-portal/.gradle/wrapper/dists/gradle-8.5.LIFERAY-PATCHED-1-bin/el9hh4x2u8blgfqq2ywaprhf1/gradle-8.5/lib/plugins/plexus-cipher-2.0.jar
7f1890003000-7f1890005000 r--s 00009000 fd:01 2760500606                 /home/me/dev/projects/liferay-portal/.gradle/wrapper/dists/gradle-8.5.LIFERAY-PATCHED-1-bin/el9hh4x2u8blgfqq2ywaprhf1/gradle-8.5/lib/plugins/maven-settings-builder-3.9.5.jar
7f1890005000-7f1890006000 r--s 0000a000 fd:01 2760500605                 /home/me/dev/projects/liferay-portal/.gradle/wrapper/dists/gradle-8.5.LIFERAY-PATCHED-1-bin/el9hh4x2u8blgfqq2ywaprhf1/gradle-8.5/lib/plugins/maven-settings-3.9.5.jar
7f1890006000-7f189000e000 r--s 00049000 fd:01 2760500581                 /home/me/dev/projects/liferay-portal/.gradle/wrapper/dists/gradle-8.5.LIFERAY-PATCHED-1-bin/el9hh4x2u8blgfqq2ywaprhf1/gradle-8.5/lib/plugins/httpcore-4.4.14.jar
7f189000e000-7f1890050000 r--s 002a0000 fd:01 2760539994                 /home/me/dev/projects/liferay-portal/.gradle/wrapper/dists/gradle-8.5.LIFERAY-PATCHED-1-bin/el9hh4x2u8blgfqq2ywaprhf1/gradle-8.5/lib/plugins/gradle-dependency-management-8.5.jar
7f1890050000-7f18900ca000 r--s 00536000 fd:01 2760539975                 /home/me/dev/projects/liferay-portal/.gradle/wrapper/dists/gradle-8.5.LIFERAY-PATCHED-1-bin/el9hh4x2u8blgfqq2ywaprhf1/gradle-8.5/lib/plugins/bcprov-jdk15on-1.68.jar
7f18900ca000-7f18900cd000 r--p 00000000 fd:01 67644598                   /usr/lib64/libgcc_s-13-20240316.so.1
7f18900cd000-7f18900e8000 r-xp 00003000 fd:01 67644598                   /usr/lib64/libgcc_s-13-20240316.so.1
7f18900e8000-7f18900ec000 r--p 0001e000 fd:01 67644598                   /usr/lib64/libgcc_s-13-20240316.so.1
7f18900ec000-7f18900ed000 r--p 00021000 fd:01 67644598                   /usr/lib64/libgcc_s-13-20240316.so.1
7f18900ed000-7f18900ee000 rw-p 00000000 00:00 0 
7f18900ee000-7f18900ef000 r--s 00003000 fd:01 2760500602                 /home/me/dev/projects/liferay-portal/.gradle/wrapper/dists/gradle-8.5.LIFERAY-PATCHED-1-bin/el9hh4x2u8blgfqq2ywaprhf1/gradle-8.5/lib/plugins/maven-builder-support-3.9.5.jar
7f18900ef000-7f18900f8000 r--s 0004b000 fd:01 2760539973                 /home/me/dev/projects/liferay-portal/.gradle/wrapper/dists/gradle-8.5.LIFERAY-PATCHED-1-bin/el9hh4x2u8blgfqq2ywaprhf1/gradle-8.5/lib/plugins/bcpg-jdk15on-1.68.jar
7f18900f8000-7f18900fb000 r--s 0000a000 fd:01 2760500563                 /home/me/dev/projects/liferay-portal/.gradle/wrapper/dists/gradle-8.5.LIFERAY-PATCHED-1-bin/el9hh4x2u8blgfqq2ywaprhf1/gradle-8.5/lib/plugins/gradle-security-8.5.jar
7f18900fb000-7f18900ff000 r--s 0001c000 fd:01 2760500577                 /home/me/dev/projects/liferay-portal/.gradle/wrapper/dists/gradle-8.5.LIFERAY-PATCHED-1-bin/el9hh4x2u8blgfqq2ywaprhf1/gradle-8.5/lib/plugins/gradle-workers-8.5.jar
7f18900ff000-7f18909c0000 rw-p 00000000 00:00 0 
7f18909c0000-7f1893601000 rw-p 00000000 00:00 0 
7f1893601000-7f1893603000 r--s 00002000 fd:01 2626012087                 /home/me/dev/projects/liferay-portal/.gradle/wrapper/dists/gradle-8.5.LIFERAY-PATCHED-1-bin/el9hh4x2u8blgfqq2ywaprhf1/gradle-8.5/lib/gradle-problems-8.5.jar
7f1893603000-7f1893615000 r--s 00058000 fd:01 2626012093                 /home/me/dev/projects/liferay-portal/.gradle/wrapper/dists/gradle-8.5.LIFERAY-PATCHED-1-bin/el9hh4x2u8blgfqq2ywaprhf1/gradle-8.5/lib/gradle-tooling-api-8.5.jar
7f1893615000-7f1893620000 r--s 00081000 fd:01 2624898583                 /home/me/dev/projects/liferay-portal/.gradle/wrapper/dists/gradle-8.5.LIFERAY-PATCHED-1-bin/el9hh4x2u8blgfqq2ywaprhf1/gradle-8.5/lib/trove4j-1.0.20200330.jar
7f1893620000-7f1893631000 r--s 000f3000 fd:01 2624902521                 /home/me/dev/projects/liferay-portal/.gradle/wrapper/dists/gradle-8.5.LIFERAY-PATCHED-1-bin/el9hh4x2u8blgfqq2ywaprhf1/gradle-8.5/lib/kotlinx-metadata-jvm-0.5.0.jar
7f1893631000-7f1893634000 r--s 0001b000 fd:01 2624902519                 /home/me/dev/projects/liferay-portal/.gradle/wrapper/dists/gradle-8.5.LIFERAY-PATCHED-1-bin/el9hh4x2u8blgfqq2ywaprhf1/gradle-8.5/lib/kotlin-scripting-jvm-host-1.9.20.jar
7f1893634000-7f1893639000 r--s 0002d000 fd:01 2624902518                 /home/me/dev/projects/liferay-portal/.gradle/wrapper/dists/gradle-8.5.LIFERAY-PATCHED-1-bin/el9hh4x2u8blgfqq2ywaprhf1/gradle-8.5/lib/kotlin-scripting-jvm-1.9.20.jar
7f1893639000-7f1893640000 r--s 00048000 fd:01 2624916648                 /home/me/dev/projects/liferay-portal/.gradle/wrapper/dists/gradle-8.5.LIFERAY-PATCHED-1-bin/el9hh4x2u8blgfqq2ywaprhf1/gradle-8.5/lib/kotlin-scripting-compiler-impl-embeddable-1.9.20.jar
7f1893640000-7f1893649000 r--s 00064000 fd:01 2624916647                 /home/me/dev/projects/liferay-portal/.gradle/wrapper/dists/gradle-8.5.LIFERAY-PATCHED-1-bin/el9hh4x2u8blgfqq2ywaprhf1/gradle-8.5/lib/kotlin-scripting-compiler-embeddable-1.9.20.jar
7f1893649000-7f189364e000 r--s 00033000 fd:01 2624916646                 /home/me/dev/projects/liferay-portal/.gradle/wrapper/dists/gradle-8.5.LIFERAY-PATCHED-1-bin/el9hh4x2u8blgfqq2ywaprhf1/gradle-8.5/lib/kotlin-scripting-common-1.9.20.jar
7f189364e000-7f1893650000 r--s 00009000 fd:01 2624916643                 /home/me/dev/projects/liferay-portal/.gradle/wrapper/dists/gradle-8.5.LIFERAY-PATCHED-1-bin/el9hh4x2u8blgfqq2ywaprhf1/gradle-8.5/lib/kotlin-script-runtime-1.9.20.jar
7f1893650000-7f1893652000 r--s 00003000 fd:01 2624916642                 /home/me/dev/projects/liferay-portal/.gradle/wrapper/dists/gradle-8.5.LIFERAY-PATCHED-1-bin/el9hh4x2u8blgfqq2ywaprhf1/gradle-8.5/lib/kotlin-sam-with-receiver-compiler-plugin-1.9.20.jar
7f1893652000-7f1893692000 r--s 002d3000 fd:01 2624916641                 /home/me/dev/projects/liferay-portal/.gradle/wrapper/dists/gradle-8.5.LIFERAY-PATCHED-1-bin/el9hh4x2u8blgfqq2ywaprhf1/gradle-8.5/lib/kotlin-reflect-1.9.20.jar
7f1893692000-7f1893699000 r--s 0005b000 fd:01 2624916640                 /home/me/dev/projects/liferay-portal/.gradle/wrapper/dists/gradle-8.5.LIFERAY-PATCHED-1-bin/el9hh4x2u8blgfqq2ywaprhf1/gradle-8.5/lib/kotlin-daemon-embeddable-1.9.20.jar
7f1893699000-7f189369b000 r--s 0000b000 fd:01 2624916638                 /home/me/dev/projects/liferay-portal/.gradle/wrapper/dists/gradle-8.5.LIFERAY-PATCHED-1-bin/el9hh4x2u8blgfqq2ywaprhf1/gradle-8.5/lib/kotlin-assignment-compiler-plugin-embeddable-1.9.20.jar
7f189369b000-7f189369f000 r--s 00022000 fd:01 2626029374                 /home/me/dev/projects/liferay-portal/.gradle/wrapper/dists/gradle-8.5.LIFERAY-PATCHED-1-bin/el9hh4x2u8blgfqq2ywaprhf1/gradle-8.5/lib/gradle-kotlin-dsl-shared-runtime-8.5.jar
7f189369f000-7f18936bb000 r--s 0015d000 fd:01 2626029372                 /home/me/dev/projects/liferay-portal/.gradle/wrapper/dists/gradle-8.5.LIFERAY-PATCHED-1-bin/el9hh4x2u8blgfqq2ywaprhf1/gradle-8.5/lib/gradle-kotlin-dsl-8.5.jar
7f18936bb000-7f18936bd000 r--s 00007000 fd:01 2626011019                 /home/me/dev/projects/liferay-portal/.gradle/wrapper/dists/gradle-8.5.LIFERAY-PATCHED-1-bin/el9hh4x2u8blgfqq2ywaprhf1/gradle-8.5/lib/gradle-wrapper-shared-8.5.jar
7f18936bd000-7f18936bf000 r--s 00006000 fd:01 2626012094                 /home/me/dev/projects/liferay-portal/.gradle/wrapper/dists/gradle-8.5.LIFERAY-PATCHED-1-bin/el9hh4x2u8blgfqq2ywaprhf1/gradle-8.5/lib/gradle-worker-processes-8.5.jar
7f18936bf000-7f18936c2000 r--s 00014000 fd:01 2626014122                 /home/me/dev/projects/liferay-portal/.gradle/wrapper/dists/gradle-8.5.LIFERAY-PATCHED-1-bin/el9hh4x2u8blgfqq2ywaprhf1/gradle-8.5/lib/gradle-normalization-java-8.5.jar
7f18936c2000-7f18936c4000 r--s 00007000 fd:01 2626014120                 /home/me/dev/projects/liferay-portal/.gradle/wrapper/dists/gradle-8.5.LIFERAY-PATCHED-1-bin/el9hh4x2u8blgfqq2ywaprhf1/gradle-8.5/lib/gradle-model-groovy-8.5.jar
7f18936c4000-7f18936c6000 r--s 0000f000 fd:01 2626029371                 /home/me/dev/projects/liferay-portal/.gradle/wrapper/dists/gradle-8.5.LIFERAY-PATCHED-1-bin/el9hh4x2u8blgfqq2ywaprhf1/gradle-8.5/lib/gradle-jvm-services-8.5.jar
7f18936c6000-7f18936ca000 r--s 00017000 fd:01 2626029365                 /home/me/dev/projects/liferay-portal/.gradle/wrapper/dists/gradle-8.5.LIFERAY-PATCHED-1-bin/el9hh4x2u8blgfqq2ywaprhf1/gradle-8.5/lib/gradle-file-watching-8.5.jar
7f18936ca000-7f18936e1000 r--s 0018d000 fd:01 2624902520                 /home/me/dev/projects/liferay-portal/.gradle/wrapper/dists/gradle-8.5.LIFERAY-PATCHED-1-bin/el9hh4x2u8blgfqq2ywaprhf1/gradle-8.5/lib/kotlin-stdlib-1.9.20.jar
7f18936e1000-7f18936ff000 r--s 00127000 fd:01 2626014119                 /home/me/dev/projects/liferay-portal/.gradle/wrapper/dists/gradle-8.5.LIFERAY-PATCHED-1-bin/el9hh4x2u8blgfqq2ywaprhf1/gradle-8.5/lib/gradle-model-core-8.5.jar
7f18936ff000-7f1893800000 rw-p 00000000 00:00 0 
7f1893800000-7f189ac30000 rwxp 00000000 00:00 0 
7f189ac30000-7f18a2800000 ---p 00000000 00:00 0 
7f18a2800000-7f18a281b000 r-xp 00000000 fd:01 1811992143                 /opt/java/jdk1.8.0_221/jre/lib/amd64/libzip.so
7f18a281b000-7f18a2a1a000 ---p 0001b000 fd:01 1811992143                 /opt/java/jdk1.8.0_221/jre/lib/amd64/libzip.so
7f18a2a1a000-7f18a2a1b000 r--p 0001a000 fd:01 1811992143                 /opt/java/jdk1.8.0_221/jre/lib/amd64/libzip.so
7f18a2a1b000-7f18a2a1c000 rw-p 0001b000 fd:01 1811992143                 /opt/java/jdk1.8.0_221/jre/lib/amd64/libzip.so
7f18a2a1c000-7f18a2a1d000 r--s 00003000 fd:01 2626012091                 /home/me/dev/projects/liferay-portal/.gradle/wrapper/dists/gradle-8.5.LIFERAY-PATCHED-1-bin/el9hh4x2u8blgfqq2ywaprhf1/gradle-8.5/lib/gradle-runtime-api-info-8.5.jar
7f18a2a1d000-7f18a2a1f000 r--s 00003000 fd:01 2626029370                 /home/me/dev/projects/liferay-portal/.gradle/wrapper/dists/gradle-8.5.LIFERAY-PATCHED-1-bin/el9hh4x2u8blgfqq2ywaprhf1/gradle-8.5/lib/gradle-internal-instrumentation-api-8.5.jar
7f18a2a1f000-7f18a2a24000 r--s 00029000 fd:01 2626029363                 /home/me/dev/projects/liferay-portal/.gradle/wrapper/dists/gradle-8.5.LIFERAY-PATCHED-1-bin/el9hh4x2u8blgfqq2ywaprhf1/gradle-8.5/lib/gradle-file-collections-8.5.jar
7f18a2a24000-7f18a2c26000 rw-p 00000000 00:00 0 
7f18a2c26000-7f18a2e00000 r--s 03d88000 fd:01 71030822                   /opt/java/jdk1.8.0_221/jre/lib/rt.jar
7f18a2e00000-7f18a2e0a000 r-xp 00000000 fd:01 1811992145                 /opt/java/jdk1.8.0_221/jre/lib/amd64/libinstrument.so
7f18a2e0a000-7f18a3009000 ---p 0000a000 fd:01 1811992145                 /opt/java/jdk1.8.0_221/jre/lib/amd64/libinstrument.so
7f18a3009000-7f18a300a000 r--p 00009000 fd:01 1811992145                 /opt/java/jdk1.8.0_221/jre/lib/amd64/libinstrument.so
7f18a300a000-7f18a300b000 rw-p 0000a000 fd:01 1811992145                 /opt/java/jdk1.8.0_221/jre/lib/amd64/libinstrument.so
7f18a300b000-7f18a300c000 r--s 00000000 fd:01 2626029375                 /home/me/dev/projects/liferay-portal/.gradle/wrapper/dists/gradle-8.5.LIFERAY-PATCHED-1-bin/el9hh4x2u8blgfqq2ywaprhf1/gradle-8.5/lib/gradle-kotlin-dsl-tooling-models-8.5.jar
7f18a300c000-7f18a3016000 r--s 0004c000 fd:01 2626029362                 /home/me/dev/projects/liferay-portal/.gradle/wrapper/dists/gradle-8.5.LIFERAY-PATCHED-1-bin/el9hh4x2u8blgfqq2ywaprhf1/gradle-8.5/lib/gradle-execution-8.5.jar
7f18a3016000-7f18a301f000 r--s 0002d000 fd:01 2624898584                 /home/me/dev/projects/liferay-portal/.gradle/wrapper/dists/gradle-8.5.LIFERAY-PATCHED-1-bin/el9hh4x2u8blgfqq2ywaprhf1/gradle-8.5/lib/xml-apis-1.4.01.jar
7f18a301f000-7f18a3022000 r--s 00024000 fd:01 2624898582                 /home/me/dev/projects/liferay-portal/.gradle/wrapper/dists/gradle-8.5.LIFERAY-PATCHED-1-bin/el9hh4x2u8blgfqq2ywaprhf1/gradle-8.5/lib/tomlj-1.0.0.jar
7f18a3022000-7f18a3026000 r--s 00028000 fd:01 2624898580                 /home/me/dev/projects/liferay-portal/.gradle/wrapper/dists/gradle-8.5.LIFERAY-PATCHED-1-bin/el9hh4x2u8blgfqq2ywaprhf1/gradle-8.5/lib/qdox-1.12.1.jar
7f18a3026000-7f18a302f000 r--s 00055000 fd:01 2624916636                 /home/me/dev/projects/liferay-portal/.gradle/wrapper/dists/gradle-8.5.LIFERAY-PATCHED-1-bin/el9hh4x2u8blgfqq2ywaprhf1/gradle-8.5/lib/junit-4.13.2.jar
7f18a302f000-7f18a303f000 r--s 00116000 fd:01 2626660572                 /home/me/dev/projects/liferay-portal/.gradle/wrapper/dists/gradle-8.5.LIFERAY-PATCHED-1-bin/el9hh4x2u8blgfqq2ywaprhf1/gradle-8.5/lib/javaparser-core-3.17.0.jar
7f18a303f000-7f18a3041000 r--s 00009000 fd:01 2626660570                 /home/me/dev/projects/liferay-portal/.gradle/wrapper/dists/gradle-8.5.LIFERAY-PATCHED-1-bin/el9hh4x2u8blgfqq2ywaprhf1/gradle-8.5/lib/hamcrest-core-1.3.jar
7f18a3041000-7f18a3047000 r--s 00042000 fd:01 2625997784                 /home/me/dev/projects/liferay-portal/.gradle/wrapper/dists/gradle-8.5.LIFERAY-PATCHED-1-bin/el9hh4x2u8blgfqq2ywaprhf1/gradle-8.5/lib/groovy-xml-3.0.17.jar
7f18a3047000-7f18a3049000 r--s 0001b000 fd:01 2625997783                 /home/me/dev/projects/liferay-portal/.gradle/wrapper/dists/gradle-8.5.LIFERAY-PATCHED-1-bin/el9hh4x2u8blgfqq2ywaprhf1/gradle-8.5/lib/groovy-test-3.0.17.jar
7f18a3049000-7f18a304b000 r--s 00015000 fd:01 2625997782                 /home/me/dev/projects/liferay-portal/.gradle/wrapper/dists/gradle-8.5.LIFERAY-PATCHED-1-bin/el9hh4x2u8blgfqq2ywaprhf1/gradle-8.5/lib/groovy-templates-3.0.17.jar
7f18a304b000-7f18a3052000 r--s 00062000 fd:01 2625997781                 /home/me/dev/projects/liferay-portal/.gradle/wrapper/dists/gradle-8.5.LIFERAY-PATCHED-1-bin/el9hh4x2u8blgfqq2ywaprhf1/gradle-8.5/lib/groovy-swing-3.0.17.jar
7f18a3052000-7f18a3055000 r--s 00011000 fd:01 2625997780                 /home/me/dev/projects/liferay-portal/.gradle/wrapper/dists/gradle-8.5.LIFERAY-PATCHED-1-bin/el9hh4x2u8blgfqq2ywaprhf1/gradle-8.5/lib/groovy-sql-3.0.17.jar
7f18a3055000-7f18a3057000 r--s 00006000 fd:01 2625997779                 /home/me/dev/projects/liferay-portal/.gradle/wrapper/dists/gradle-8.5.LIFERAY-PATCHED-1-bin/el9hh4x2u8blgfqq2ywaprhf1/gradle-8.5/lib/groovy-nio-3.0.17.jar
7f18a3057000-7f18a305a000 r--s 0001d000 fd:01 2625997778                 /home/me/dev/projects/liferay-portal/.gradle/wrapper/dists/gradle-8.5.LIFERAY-PATCHED-1-bin/el9hh4x2u8blgfqq2ywaprhf1/gradle-8.5/lib/groovy-json-3.0.17.jar
7f18a305a000-7f18a305c000 r--s 0001c000 fd:01 2626010064                 /home/me/dev/projects/liferay-portal/.gradle/wrapper/dists/gradle-8.5.LIFERAY-PATCHED-1-bin/el9hh4x2u8blgfqq2ywaprhf1/gradle-8.5/lib/groovy-docgenerator-3.0.17.jar
7f18a305c000-7f18a305d000 r--s 00001000 fd:01 2626010063                 /home/me/dev/projects/liferay-portal/.gradle/wrapper/dists/gradle-8.5.LIFERAY-PATCHED-1-bin/el9hh4x2u8blgfqq2ywaprhf1/gradle-8.5/lib/groovy-dateutil-3.0.17.jar
7f18a305d000-7f18a305e000 r--s 00003000 fd:01 2626010062                 /home/me/dev/projects/liferay-portal/.gradle/wrapper/dists/gradle-8.5.LIFERAY-PATCHED-1-bin/el9hh4x2u8blgfqq2ywaprhf1/gradle-8.5/lib/groovy-datetime-3.0.17.jar
7f18a305e000-7f18a3077000 r--s 00164000 fd:01 2626010061                 /home/me/dev/projects/liferay-portal/.gradle/wrapper/dists/gradle-8.5.LIFERAY-PATCHED-1-bin/el9hh4x2u8blgfqq2ywaprhf1/gradle-8.5/lib/groovy-console-3.0.17.jar
7f18a3077000-7f18a3078000 r--s 00001000 fd:01 2626010060                 /home/me/dev/projects/liferay-portal/.gradle/wrapper/dists/gradle-8.5.LIFERAY-PATCHED-1-bin/el9hh4x2u8blgfqq2ywaprhf1/gradle-8.5/lib/groovy-astbuilder-3.0.17.jar
7f18a3078000-7f18a307a000 r--s 0000b000 fd:01 2626029322                 /home/me/dev/projects/liferay-portal/.gradle/wrapper/dists/gradle-8.5.LIFERAY-PATCHED-1-bin/el9hh4x2u8blgfqq2ywaprhf1/gradle-8.5/lib/asm-tree-9.5.jar
7f18a307a000-7f18a307c000 r--s 00010000 fd:01 2626029321                 /home/me/dev/projects/liferay-portal/.gradle/wrapper/dists/gradle-8.5.LIFERAY-PATCHED-1-bin/el9hh4x2u8blgfqq2ywaprhf1/gradle-8.5/lib/asm-commons-9.5.jar
7f18a307c000-7f18a3082000 r--s 0004d000 fd:01 2626029319                 /home/me/dev/projects/liferay-portal/.gradle/wrapper/dists/gradle-8.5.LIFERAY-PATCHED-1-bin/el9hh4x2u8blgfqq2ywaprhf1/gradle-8.5/lib/antlr4-runtime-4.7.2.jar
7f18a3082000-7f18a3085000 r--s 0000c000 fd:01 2626029345                 /home/me/dev/projects/liferay-portal/.gradle/wrapper/dists/gradle-8.5.LIFERAY-PATCHED-1-bin/el9hh4x2u8blgfqq2ywaprhf1/gradle-8.5/lib/gradle-build-events-8.5.jar
7f18a3085000-7f18a3087000 r--s 00008000 fd:01 2626012089                 /home/me/dev/projects/liferay-portal/.gradle/wrapper/dists/gradle-8.5.LIFERAY-PATCHED-1-bin/el9hh4x2u8blgfqq2ywaprhf1/gradle-8.5/lib/gradle-process-services-8.5.jar
7f18a3087000-7f18a308b000 r--s 00012000 fd:01 2626012090                 /home/me/dev/projects/liferay-portal/.gradle/wrapper/dists/gradle-8.5.LIFERAY-PATCHED-1-bin/el9hh4x2u8blgfqq2ywaprhf1/gradle-8.5/lib/gradle-resources-8.5.jar
7f18a308b000-7f18a308e000 r--s 00007000 fd:01 2626012088                 /home/me/dev/projects/liferay-portal/.gradle/wrapper/dists/gradle-8.5.LIFERAY-PATCHED-1-bin/el9hh4x2u8blgfqq2ywaprhf1/gradle-8.5/lib/gradle-problems-api-8.5.jar
7f18a308e000-7f18a308f000 r--s 0000f000 fd:01 2624898578                 /home/me/dev/projects/liferay-portal/.gradle/wrapper/dists/gradle-8.5.LIFERAY-PATCHED-1-bin/el9hh4x2u8blgfqq2ywaprhf1/gradle-8.5/lib/native-platform-windows-i386-min-0.22-milestone-25.jar
7f18a308f000-7f18a3090000 r--s 0000f000 fd:01 2624898577                 /home/me/dev/projects/liferay-portal/.gradle/wrapper/dists/gradle-8.5.LIFERAY-PATCHED-1-bin/el9hh4x2u8blgfqq2ywaprhf1/gradle-8.5/lib/native-platform-windows-i386-0.22-milestone-25.jar
7f18a3090000-7f18a3091000 r--s 00011000 fd:01 2624898576                 /home/me/dev/projects/liferay-portal/.gradle/wrapper/dists/gradle-8.5.LIFERAY-PATCHED-1-bin/el9hh4x2u8blgfqq2ywaprhf1/gradle-8.5/lib/native-platform-windows-amd64-min-0.22-milestone-25.jar
7f18a3091000-7f18a3092000 r--s 00011000 fd:01 2624898575                 /home/me/dev/projects/liferay-portal/.gradle/wrapper/dists/gradle-8.5.LIFERAY-PATCHED-1-bin/el9hh4x2u8blgfqq2ywaprhf1/gradle-8.5/lib/native-platform-windows-amd64-0.22-milestone-25.jar
7f18a3092000-7f18a3093000 r--s 00003000 fd:01 2624898574                 /home/me/dev/projects/liferay-portal/.gradle/wrapper/dists/gradle-8.5.LIFERAY-PATCHED-1-bin/el9hh4x2u8blgfqq2ywaprhf1/gradle-8.5/lib/native-platform-osx-amd64-0.22-milestone-25.jar
7f18a3093000-7f18a3094000 r--s 00003000 fd:01 2624898573                 /home/me/dev/projects/liferay-portal/.gradle/wrapper/dists/gradle-8.5.LIFERAY-PATCHED-1-bin/el9hh4x2u8blgfqq2ywaprhf1/gradle-8.5/lib/native-platform-osx-aarch64-0.22-milestone-25.jar
7f18a3094000-7f18a3095000 r--s 00001000 fd:01 2624898572                 /home/me/dev/projects/liferay-portal/.gradle/wrapper/dists/gradle-8.5.LIFERAY-PATCHED-1-bin/el9hh4x2u8blgfqq2ywaprhf1/gradle-8.5/lib/native-platform-linux-amd64-ncurses6-0.22-milestone-25.jar
7f18a3095000-7f18a3097000 r--s 00001000 fd:01 2624898571                 /home/me/dev/projects/liferay-portal/.gradle/wrapper/dists/gradle-8.5.LIFERAY-PATCHED-1-bin/el9hh4x2u8blgfqq2ywaprhf1/gradle-8.5/lib/native-platform-linux-amd64-ncurses5-0.22-milestone-25.jar
7f18a3097000-7f18a3098000 r--s 00002000 fd:01 2624898566                 /home/me/dev/projects/liferay-portal/.gradle/wrapper/dists/gradle-8.5.LIFERAY-PATCHED-1-bin/el9hh4x2u8blgfqq2ywaprhf1/gradle-8.5/lib/native-platform-linux-amd64-0.22-milestone-25.jar
7f18a3098000-7f18a3099000 r--s 00002000 fd:01 2624898565                 /home/me/dev/projects/liferay-portal/.gradle/wrapper/dists/gradle-8.5.LIFERAY-PATCHED-1-bin/el9hh4x2u8blgfqq2ywaprhf1/gradle-8.5/lib/native-platform-linux-aarch64-ncurses6-0.22-milestone-25.jar
7f18a3099000-7f18a309b000 r--s 00001000 fd:01 2624898563                 /home/me/dev/projects/liferay-portal/.gradle/wrapper/dists/gradle-8.5.LIFERAY-PATCHED-1-bin/el9hh4x2u8blgfqq2ywaprhf1/gradle-8.5/lib/native-platform-linux-aarch64-ncurses5-0.22-milestone-25.jar
7f18a309b000-7f18a309c000 r--s 00002000 fd:01 2624902527                 /home/me/dev/projects/liferay-portal/.gradle/wrapper/dists/gradle-8.5.LIFERAY-PATCHED-1-bin/el9hh4x2u8blgfqq2ywaprhf1/gradle-8.5/lib/native-platform-linux-aarch64-0.22-milestone-25.jar
7f18a309c000-7f18a309d000 r--s 00004000 fd:01 2624902526                 /home/me/dev/projects/liferay-portal/.gradle/wrapper/dists/gradle-8.5.LIFERAY-PATCHED-1-bin/el9hh4x2u8blgfqq2ywaprhf1/gradle-8.5/lib/native-platform-freebsd-amd64-libcpp-0.22-milestone-25.jar
7f18a309d000-7f18a30a2000 r--s 0001a000 fd:01 2624902525                 /home/me/dev/projects/liferay-portal/.gradle/wrapper/dists/gradle-8.5.LIFERAY-PATCHED-1-bin/el9hh4x2u8blgfqq2ywaprhf1/gradle-8.5/lib/native-platform-0.22-milestone-25.jar
7f18a30a2000-7f18a30a3000 r--s 00050000 fd:01 2626029336                 /home/me/dev/projects/liferay-portal/.gradle/wrapper/dists/gradle-8.5.LIFERAY-PATCHED-1-bin/el9hh4x2u8blgfqq2ywaprhf1/gradle-8.5/lib/file-events-windows-i386-min-0.22-milestone-25.jar
7f18a30a3000-7f18a30a4000 r--s 00050000 fd:01 2626029335                 /home/me/dev/projects/liferay-portal/.gradle/wrapper/dists/gradle-8.5.LIFERAY-PATCHED-1-bin/el9hh4x2u8blgfqq2ywaprhf1/gradle-8.5/lib/file-events-windows-i386-0.22-milestone-25.jar
7f18a30a4000-7f18a30a5000 r--s 00063000 fd:01 2626029334                 /home/me/dev/projects/liferay-portal/.gradle/wrapper/dists/gradle-8.5.LIFERAY-PATCHED-1-bin/el9hh4x2u8blgfqq2ywaprhf1/gradle-8.5/lib/file-events-windows-amd64-min-0.22-milestone-25.jar
7f18a30a5000-7f18a30a6000 r--s 00063000 fd:01 2626029333                 /home/me/dev/projects/liferay-portal/.gradle/wrapper/dists/gradle-8.5.LIFERAY-PATCHED-1-bin/el9hh4x2u8blgfqq2ywaprhf1/gradle-8.5/lib/file-events-windows-amd64-0.22-milestone-25.jar
7f18a30a6000-7f18a30a7000 r--s 00013000 fd:01 2626029332                 /home/me/dev/projects/liferay-portal/.gradle/wrapper/dists/gradle-8.5.LIFERAY-PATCHED-1-bin/el9hh4x2u8blgfqq2ywaprhf1/gradle-8.5/lib/file-events-osx-amd64-0.22-milestone-25.jar
7f18a30a7000-7f18a30a8000 r--s 00014000 fd:01 2626029331                 /home/me/dev/projects/liferay-portal/.gradle/wrapper/dists/gradle-8.5.LIFERAY-PATCHED-1-bin/el9hh4x2u8blgfqq2ywaprhf1/gradle-8.5/lib/file-events-osx-aarch64-0.22-milestone-25.jar
7f18a30a8000-7f18a30a9000 r--s 0005b000 fd:01 2626029330                 /home/me/dev/projects/liferay-portal/.gradle/wrapper/dists/gradle-8.5.LIFERAY-PATCHED-1-bin/el9hh4x2u8blgfqq2ywaprhf1/gradle-8.5/lib/file-events-linux-amd64-0.22-milestone-25.jar
7f18a30a9000-7f18a30aa000 r--s 00059000 fd:01 2626029329                 /home/me/dev/projects/liferay-portal/.gradle/wrapper/dists/gradle-8.5.LIFERAY-PATCHED-1-bin/el9hh4x2u8blgfqq2ywaprhf1/gradle-8.5/lib/file-events-linux-aarch64-0.22-milestone-25.jar
7f18a30aa000-7f18a30ac000 r--s 00007000 fd:01 2626029328                 /home/me/dev/projects/liferay-portal/.gradle/wrapper/dists/gradle-8.5.LIFERAY-PATCHED-1-bin/el9hh4x2u8blgfqq2ywaprhf1/gradle-8.5/lib/file-events-0.22-milestone-25.jar
7f18a30ac000-7f18a30af000 r--s 0000f000 fd:01 2626014121                 /home/me/dev/projects/liferay-portal/.gradle/wrapper/dists/gradle-8.5.LIFERAY-PATCHED-1-bin/el9hh4x2u8blgfqq2ywaprhf1/gradle-8.5/lib/gradle-native-8.5.jar
7f18a30af000-7f18a30b1000 r--s 00004000 fd:01 2624902523                 /home/me/dev/projects/liferay-portal/.gradle/wrapper/dists/gradle-8.5.LIFERAY-PATCHED-1-bin/el9hh4x2u8blgfqq2ywaprhf1/gradle-8.5/lib/log4j-over-slf4j-1.7.30.jar
7f18a30b1000-7f18a30b3000 r--s 00000000 fd:01 2624916635                 /home/me/dev/projects/liferay-portal/.gradle/wrapper/dists/gradle-8.5.LIFERAY-PATCHED-1-bin/el9hh4x2u8blgfqq2ywaprhf1/gradle-8.5/lib/jul-to-slf4j-1.7.30.jar
7f18a30b3000-7f18a30b5000 r--s 00003000 fd:01 2626660574                 /home/me/dev/projects/liferay-portal/.gradle/wrapper/dists/gradle-8.5.LIFERAY-PATCHED-1-bin/el9hh4x2u8blgfqq2ywaprhf1/gradle-8.5/lib/jcl-over-slf4j-1.7.30.jar
7f18a30b5000-7f18a30b9000 r--s 00043000 fd:01 2626660571                 /home/me/dev/projects/liferay-portal/.gradle/wrapper/dists/gradle-8.5.LIFERAY-PATCHED-1-bin/el9hh4x2u8blgfqq2ywaprhf1/gradle-8.5/lib/jansi-1.18.jar
7f18a30b9000-7f18a30c2000 r--s 00047000 fd:01 2626014116                 /home/me/dev/projects/liferay-portal/.gradle/wrapper/dists/gradle-8.5.LIFERAY-PATCHED-1-bin/el9hh4x2u8blgfqq2ywaprhf1/gradle-8.5/lib/gradle-logging-8.5.jar
7f18a30c2000-7f18a30c3000 r--s 00001000 fd:01 2626029364                 /home/me/dev/projects/liferay-portal/.gradle/wrapper/dists/gradle-8.5.LIFERAY-PATCHED-1-bin/el9hh4x2u8blgfqq2ywaprhf1/gradle-8.5/lib/gradle-file-temp-8.5.jar
7f18a30c3000-7f18a30c5000 r--s 00000000 fd:01 2626029361                 /home/me/dev/projects/liferay-portal/.gradle/wrapper/dists/gradle-8.5.LIFERAY-PATCHED-1-bin/el9hh4x2u8blgfqq2ywaprhf1/gradle-8.5/lib/gradle-enterprise-workers-8.5.jar
7f18a30c5000-7f18a30cc000 r--s 00010000 fd:01 2626029360                 /home/me/dev/projects/liferay-portal/.gradle/wrapper/dists/gradle-8.5.LIFERAY-PATCHED-1-bin/el9hh4x2u8blgfqq2ywaprhf1/gradle-8.5/lib/gradle-enterprise-operations-8.5.jar
7f18a30cc000-7f18a30cd000 r--s 00001000 fd:01 2626014117                 /home/me/dev/projects/liferay-portal/.gradle/wrapper/dists/gradle-8.5.LIFERAY-PATCHED-1-bin/el9hh4x2u8blgfqq2ywaprhf1/gradle-8.5/lib/gradle-logging-api-8.5.jar
7f18a30cd000-7f18a30cf000 r--s 00000000 fd:01 2626029359                 /home/me/dev/projects/liferay-portal/.gradle/wrapper/dists/gradle-8.5.LIFERAY-PATCHED-1-bin/el9hh4x2u8blgfqq2ywaprhf1/gradle-8.5/lib/gradle-enterprise-logging-8.5.jar
7f18a30cf000-7f18a30d3000 r--s 00024000 fd:01 2625998963                 /home/me/dev/projects/liferay-portal/.gradle/wrapper/dists/gradle-8.5.LIFERAY-PATCHED-1-bin/el9hh4x2u8blgfqq2ywaprhf1/gradle-8.5/lib/groovy-groovydoc-3.0.17.jar
7f18a30d3000-7f18a30d5000 r--s 00013000 fd:01 2626010059                 /home/me/dev/projects/liferay-portal/.gradle/wrapper/dists/gradle-8.5.LIFERAY-PATCHED-1-bin/el9hh4x2u8blgfqq2ywaprhf1/gradle-8.5/lib/groovy-ant-3.0.17.jar
7f18a30d5000-7f18a30d8000 r--s 00020000 fd:01 2626029317                 /home/me/dev/projects/liferay-portal/.gradle/wrapper/dists/gradle-8.5.LIFERAY-PATCHED-1-bin/el9hh4x2u8blgfqq2ywaprhf1/gradle-8.5/lib/ant-junit-1.10.12.jar
7f18a30d8000-7f18a30d9000 r--s 00002000 fd:01 2626029316                 /home/me/dev/projects/liferay-portal/.gradle/wrapper/dists/gradle-8.5.LIFERAY-PATCHED-1-bin/el9hh4x2u8blgfqq2ywaprhf1/gradle-8.5/lib/ant-antlr-1.10.12.jar
7f18a30d9000-7f18a30df000 r--s 0004d000 fd:01 2624902522                 /home/me/dev/projects/liferay-portal/.gradle/wrapper/dists/gradle-8.5.LIFERAY-PATCHED-1-bin/el9hh4x2u8blgfqq2ywaprhf1/gradle-8.5/lib/kryo-2.24.0.jar
7f18a30df000-7f18a30f6000 r--s 001a3000 fd:01 2626029327                 /home/me/dev/projects/liferay-portal/.gradle/wrapper/dists/gradle-8.5.LIFERAY-PATCHED-1-bin/el9hh4x2u8blgfqq2ywaprhf1/gradle-8.5/lib/fastutil-8.5.2-min.jar
7f18a30f6000-7f18a30fd000 r--s 00034000 fd:01 2626014118                 /home/me/dev/projects/liferay-portal/.gradle/wrapper/dists/gradle-8.5.LIFERAY-PATCHED-1-bin/el9hh4x2u8blgfqq2ywaprhf1/gradle-8.5/lib/gradle-messaging-8.5.jar
7f18a30fd000-7f18a30fe000 ---p 00000000 00:00 0 
7f18a30fe000-7f18a31fe000 rw-p 00000000 00:00 0 
7f18a31fe000-7f18a31ff000 ---p 00000000 00:00 0 
7f18a31ff000-7f18a32ff000 rw-p 00000000 00:00 0 
7f18a32ff000-7f18a3300000 ---p 00000000 00:00 0 
7f18a3300000-7f18a3400000 rw-p 00000000 00:00 0 
7f18a3400000-7f18a342c000 r-xp 00000000 fd:01 1811992138                 /opt/java/jdk1.8.0_221/jre/lib/amd64/libjava.so
7f18a342c000-7f18a362c000 ---p 0002c000 fd:01 1811992138                 /opt/java/jdk1.8.0_221/jre/lib/amd64/libjava.so
7f18a362c000-7f18a362d000 r--p 0002c000 fd:01 1811992138                 /opt/java/jdk1.8.0_221/jre/lib/amd64/libjava.so
7f18a362d000-7f18a362f000 rw-p 0002d000 fd:01 1811992138                 /opt/java/jdk1.8.0_221/jre/lib/amd64/libjava.so
7f18a362f000-7f18a3631000 r--s 0000c000 fd:01 2624898579                 /home/me/dev/projects/liferay-portal/.gradle/wrapper/dists/gradle-8.5.LIFERAY-PATCHED-1-bin/el9hh4x2u8blgfqq2ywaprhf1/gradle-8.5/lib/objenesis-2.6.jar
7f18a3631000-7f18a3633000 r--s 00000000 fd:01 2624902524                 /home/me/dev/projects/liferay-portal/.gradle/wrapper/dists/gradle-8.5.LIFERAY-PATCHED-1-bin/el9hh4x2u8blgfqq2ywaprhf1/gradle-8.5/lib/minlog-1.2.jar
7f18a3633000-7f18a3634000 r--s 00006000 fd:01 2626029356                 /home/me/dev/projects/liferay-portal/.gradle/wrapper/dists/gradle-8.5.LIFERAY-PATCHED-1-bin/el9hh4x2u8blgfqq2ywaprhf1/gradle-8.5/lib/gradle-cli-8.5.jar
7f18a3634000-7f18a3635000 r--s 00007000 fd:01 2626029347                 /home/me/dev/projects/liferay-portal/.gradle/wrapper/dists/gradle-8.5.LIFERAY-PATCHED-1-bin/el9hh4x2u8blgfqq2ywaprhf1/gradle-8.5/lib/gradle-build-option-8.5.jar
7f18a3635000-7f18a363b000 r--s 00028000 fd:01 2626012092                 /home/me/dev/projects/liferay-portal/.gradle/wrapper/dists/gradle-8.5.LIFERAY-PATCHED-1-bin/el9hh4x2u8blgfqq2ywaprhf1/gradle-8.5/lib/gradle-snapshots-8.5.jar
7f18a363b000-7f18a364c000 r--s 000e8000 fd:01 2626029323                 /home/me/dev/projects/liferay-portal/.gradle/wrapper/dists/gradle-8.5.LIFERAY-PATCHED-1-bin/el9hh4x2u8blgfqq2ywaprhf1/gradle-8.5/lib/commons-compress-1.21.jar
7f18a364c000-7f18a364d000 r--s 00005000 fd:01 2626029344                 /home/me/dev/projects/liferay-portal/.gradle/wrapper/dists/gradle-8.5.LIFERAY-PATCHED-1-bin/el9hh4x2u8blgfqq2ywaprhf1/gradle-8.5/lib/gradle-build-cache-packaging-8.5.jar
7f18a364d000-7f18a364f000 r--s 00008000 fd:01 2626029367                 /home/me/dev/projects/liferay-portal/.gradle/wrapper/dists/gradle-8.5.LIFERAY-PATCHED-1-bin/el9hh4x2u8blgfqq2ywaprhf1/gradle-8.5/lib/gradle-functional-8.5.jar
7f18a364f000-7f18a3652000 r--s 0000e000 fd:01 2626029366                 /home/me/dev/projects/liferay-portal/.gradle/wrapper/dists/gradle-8.5.LIFERAY-PATCHED-1-bin/el9hh4x2u8blgfqq2ywaprhf1/gradle-8.5/lib/gradle-files-8.5.jar
7f18a3652000-7f18a3686000 r--s 002b3000 fd:01 2625997789                 /home/me/dev/projects/liferay-portal/.gradle/wrapper/dists/gradle-8.5.LIFERAY-PATCHED-1-bin/el9hh4x2u8blgfqq2ywaprhf1/gradle-8.5/lib/guava-32.1.2-jre.jar
7f18a3686000-7f18a36fd000 r--s 00734000 fd:01 2626011022                 /home/me/dev/projects/liferay-portal/.gradle/wrapper/dists/gradle-8.5.LIFERAY-PATCHED-1-bin/el9hh4x2u8blgfqq2ywaprhf1/gradle-8.5/lib/groovy-3.0.17.jar
7f18a36fd000-7f18a36fe000 ---p 00000000 00:00 0 
7f18a36fe000-7f18a37fe000 rw-p 00000000 00:00 0 
7f18a37fe000-7f18a37ff000 ---p 00000000 00:00 0 
7f18a37ff000-7f18a38ff000 rw-p 00000000 00:00 0 
7f18a38ff000-7f18a3900000 ---p 00000000 00:00 0 
7f18a3900000-7f18a3a00000 rw-p 00000000 00:00 0 
7f18a3a00000-7f18a3a0d000 r-xp 00000000 fd:01 1811992129                 /opt/java/jdk1.8.0_221/jre/lib/amd64/libverify.so
7f18a3a0d000-7f18a3c0c000 ---p 0000d000 fd:01 1811992129                 /opt/java/jdk1.8.0_221/jre/lib/amd64/libverify.so
7f18a3c0c000-7f18a3c0e000 r--p 0000c000 fd:01 1811992129                 /opt/java/jdk1.8.0_221/jre/lib/amd64/libverify.so
7f18a3c0e000-7f18a3c0f000 rw-p 0000e000 fd:01 1811992129                 /opt/java/jdk1.8.0_221/jre/lib/amd64/libverify.so
7f18a3c0f000-7f18a3c10000 r--s 00001000 fd:01 2626029343                 /home/me/dev/projects/liferay-portal/.gradle/wrapper/dists/gradle-8.5.LIFERAY-PATCHED-1-bin/el9hh4x2u8blgfqq2ywaprhf1/gradle-8.5/lib/gradle-build-cache-base-8.5.jar
7f18a3c10000-7f18a3c55000 r--s 002b2000 fd:01 2626029357                 /home/me/dev/projects/liferay-portal/.gradle/wrapper/dists/gradle-8.5.LIFERAY-PATCHED-1-bin/el9hh4x2u8blgfqq2ywaprhf1/gradle-8.5/lib/gradle-core-8.5.jar
7f18a3c55000-7f18a3cad000 r--p 00000000 fd:01 134638625                  /usr/lib/locale/C.utf8/LC_CTYPE
7f18a3cad000-7f18a3cfd000 rw-p 00000000 00:00 0 
7f18a3cfd000-7f18a3cfe000 ---p 00000000 00:00 0 
7f18a3cfe000-7f18a3dfe000 rw-p 00000000 00:00 0 
7f18a3dfe000-7f18a3dff000 ---p 00000000 00:00 0 
7f18a3dff000-7f18a3eff000 rw-p 00000000 00:00 0 
7f18a3eff000-7f18a3f00000 ---p 00000000 00:00 0 
7f18a3f00000-7f18a4000000 rw-p 00000000 00:00 0 
7f18a4000000-7f18a58ea000 rw-p 00000000 00:00 0 
7f18a58ea000-7f18a8000000 ---p 00000000 00:00 0 
7f18a8000000-7f18a8017000 r--s 00266000 fd:01 2625997790                 /home/me/dev/projects/liferay-portal/.gradle/wrapper/dists/gradle-8.5.LIFERAY-PATCHED-1-bin/el9hh4x2u8blgfqq2ywaprhf1/gradle-8.5/lib/h2-2.2.220.jar
7f18a8017000-7f18a801d000 r--s 0003a000 fd:01 2625997785                 /home/me/dev/projects/liferay-portal/.gradle/wrapper/dists/gradle-8.5.LIFERAY-PATCHED-1-bin/el9hh4x2u8blgfqq2ywaprhf1/gradle-8.5/lib/gson-2.8.9.jar
7f18a801d000-7f18a8020000 r--s 00024000 fd:01 2626029313                 /home/me/dev/projects/liferay-portal/.gradle/wrapper/dists/gradle-8.5.LIFERAY-PATCHED-1-bin/el9hh4x2u8blgfqq2ywaprhf1/gradle-8.5/lib/HikariCP-4.0.3.jar
7f18a8020000-7f18a8023000 r--s 0000e000 fd:01 2626029342                 /home/me/dev/projects/liferay-portal/.gradle/wrapper/dists/gradle-8.5.LIFERAY-PATCHED-1-bin/el9hh4x2u8blgfqq2ywaprhf1/gradle-8.5/lib/gradle-build-cache-8.5.jar
7f18a8023000-7f18a8025000 r--s 00006000 fd:01 2626029340                 /home/me/dev/projects/liferay-portal/.gradle/wrapper/dists/gradle-8.5.LIFERAY-PATCHED-1-bin/el9hh4x2u8blgfqq2ywaprhf1/gradle-8.5/lib/gradle-base-services-groovy-8.5.jar
7f18a8025000-7f18a8027000 r--s 00004000 fd:01 2626029368                 /home/me/dev/projects/liferay-portal/.gradle/wrapper/dists/gradle-8.5.LIFERAY-PATCHED-1-bin/el9hh4x2u8blgfqq2ywaprhf1/gradle-8.5/lib/gradle-hashing-8.5.jar
7f18a8027000-7f18a8029000 r--s 00009000 fd:01 2626029346                 /home/me/dev/projects/liferay-portal/.gradle/wrapper/dists/gradle-8.5.LIFERAY-PATCHED-1-bin/el9hh4x2u8blgfqq2ywaprhf1/gradle-8.5/lib/gradle-build-operations-8.5.jar
7f18a8029000-7f18a802b000 r--s 00003000 fd:01 2624916634                 /home/me/dev/projects/liferay-portal/.gradle/wrapper/dists/gradle-8.5.LIFERAY-PATCHED-1-bin/el9hh4x2u8blgfqq2ywaprhf1/gradle-8.5/lib/jsr305-3.0.2.jar
7f18a802b000-7f18a802e000 r--s 00005000 fd:01 2626029314                 /home/me/dev/projects/liferay-portal/.gradle/wrapper/dists/gradle-8.5.LIFERAY-PATCHED-1-bin/el9hh4x2u8blgfqq2ywaprhf1/gradle-8.5/lib/annotations-24.0.1.jar
7f18a802e000-7f18a80ff000 rw-p 00000000 00:00 0 
7f18a80ff000-7f18a8100000 ---p 00000000 00:00 0 
7f18a8100000-7f18a8200000 rw-p 00000000 00:00 0 
7f18a8200000-7f18a83d1000 rw-p 00000000 00:00 0 
7f18a83d1000-7f18a85c0000 ---p 00000000 00:00 0 
7f18a85c0000-7f18a85c2000 r--s 00001000 fd:01 2626029338                 /home/me/dev/projects/liferay-portal/.gradle/wrapper/dists/gradle-8.5.LIFERAY-PATCHED-1-bin/el9hh4x2u8blgfqq2ywaprhf1/gradle-8.5/lib/gradle-base-annotations-8.5.jar
7f18a85c2000-7f18a85c4000 r--s 00009000 fd:01 2624898581                 /home/me/dev/projects/liferay-portal/.gradle/wrapper/dists/gradle-8.5.LIFERAY-PATCHED-1-bin/el9hh4x2u8blgfqq2ywaprhf1/gradle-8.5/lib/slf4j-api-1.7.30.jar
7f18a85c4000-7f18a85c9000 r--s 00041000 fd:01 2626029325                 /home/me/dev/projects/liferay-portal/.gradle/wrapper/dists/gradle-8.5.LIFERAY-PATCHED-1-bin/el9hh4x2u8blgfqq2ywaprhf1/gradle-8.5/lib/commons-lang-2.6.jar
7f18a85c9000-7f18a85cf000 r--s 0004a000 fd:01 2626029324                 /home/me/dev/projects/liferay-portal/.gradle/wrapper/dists/gradle-8.5.LIFERAY-PATCHED-1-bin/el9hh4x2u8blgfqq2ywaprhf1/gradle-8.5/lib/commons-io-2.11.0.jar
7f18a85cf000-7f18a85ee000 r--s 00213000 fd:01 2626029315                 /home/me/dev/projects/liferay-portal/.gradle/wrapper/dists/gradle-8.5.LIFERAY-PATCHED-1-bin/el9hh4x2u8blgfqq2ywaprhf1/gradle-8.5/lib/ant-1.10.13.jar
7f18a85ee000-7f18a8600000 r--s 0005a000 fd:01 2626029358                 /home/me/dev/projects/liferay-portal/.gradle/wrapper/dists/gradle-8.5.LIFERAY-PATCHED-1-bin/el9hh4x2u8blgfqq2ywaprhf1/gradle-8.5/lib/gradle-core-api-8.5.jar
7f18a8600000-7f18a92e8000 r-xp 00000000 fd:01 1879077101                 /opt/java/jdk1.8.0_221/jre/lib/amd64/server/libjvm.so
7f18a92e8000-7f18a94e7000 ---p 00ce8000 fd:01 1879077101                 /opt/java/jdk1.8.0_221/jre/lib/amd64/server/libjvm.so
7f18a94e7000-7f18a957d000 r--p 00ce7000 fd:01 1879077101                 /opt/java/jdk1.8.0_221/jre/lib/amd64/server/libjvm.so
7f18a957d000-7f18a95ae000 rw-p 00d7d000 fd:01 1879077101                 /opt/java/jdk1.8.0_221/jre/lib/amd64/server/libjvm.so
7f18a95ae000-7f18a95e9000 rw-p 00000000 00:00 0 
7f18a95e9000-7f18a95ea000 r--s 00000000 fd:01 2626660573                 /home/me/dev/projects/liferay-portal/.gradle/wrapper/dists/gradle-8.5.LIFERAY-PATCHED-1-bin/el9hh4x2u8blgfqq2ywaprhf1/gradle-8.5/lib/javax.inject-1.jar
7f18a95ea000-7f18a95ec000 r--s 00000000 fd:01 2626029326                 /home/me/dev/projects/liferay-portal/.gradle/wrapper/dists/gradle-8.5.LIFERAY-PATCHED-1-bin/el9hh4x2u8blgfqq2ywaprhf1/gradle-8.5/lib/failureaccess-1.0.1.jar
7f18a95ec000-7f18a95ee000 r--s 0001c000 fd:01 2626029320                 /home/me/dev/projects/liferay-portal/.gradle/wrapper/dists/gradle-8.5.LIFERAY-PATCHED-1-bin/el9hh4x2u8blgfqq2ywaprhf1/gradle-8.5/lib/asm-9.5.jar
7f18a95ee000-7f18a95f0000 r--s 00004000 fd:01 2626029318                 /home/me/dev/projects/liferay-portal/.gradle/wrapper/dists/gradle-8.5.LIFERAY-PATCHED-1-bin/el9hh4x2u8blgfqq2ywaprhf1/gradle-8.5/lib/ant-launcher-1.10.13.jar
7f18a95f0000-7f18a95f1000 r--s 00000000 fd:01 2684354757                 /home/me/dev/projects/liferay-portal/.gradle/wrapper/dists/gradle-8.5.LIFERAY-PATCHED-1-bin/el9hh4x2u8blgfqq2ywaprhf1/gradle-8.5/lib/agents/gradle-instrumentation-agent-8.5.jar
7f18a95f1000-7f18a95f8000 r--s 0003c000 fd:01 2626014123                 /home/me/dev/projects/liferay-portal/.gradle/wrapper/dists/gradle-8.5.LIFERAY-PATCHED-1-bin/el9hh4x2u8blgfqq2ywaprhf1/gradle-8.5/lib/gradle-persistent-cache-8.5.jar
7f18a95f8000-7f18a95f9000 r--s 00000000 fd:01 2626011016                 /home/me/dev/projects/liferay-portal/.gradle/wrapper/dists/gradle-8.5.LIFERAY-PATCHED-1-bin/el9hh4x2u8blgfqq2ywaprhf1/gradle-8.5/lib/gradle-worker-services-8.5.jar
7f18a95f9000-7f18a9606000 r--s 0006a000 fd:01 2626029339                 /home/me/dev/projects/liferay-portal/.gradle/wrapper/dists/gradle-8.5.LIFERAY-PATCHED-1-bin/el9hh4x2u8blgfqq2ywaprhf1/gradle-8.5/lib/gradle-base-services-8.5.jar
7f18a9606000-7f18a9607000 r--s 00000000 fd:01 2626029341                 /home/me/dev/projects/liferay-portal/.gradle/wrapper/dists/gradle-8.5.LIFERAY-PATCHED-1-bin/el9hh4x2u8blgfqq2ywaprhf1/gradle-8.5/lib/gradle-bootstrap-8.5.jar
7f18a9607000-7f18a9615000 r--s 00079000 fd:01 2626014115                 /home/me/dev/projects/liferay-portal/.gradle/wrapper/dists/gradle-8.5.LIFERAY-PATCHED-1-bin/el9hh4x2u8blgfqq2ywaprhf1/gradle-8.5/lib/gradle-launcher-8.5.jar
7f18a9615000-7f18a9616000 r--p 00000000 fd:01 202065931                  /usr/lib/locale/en_US.utf8/LC_NUMERIC
7f18a9616000-7f18a9617000 r--p 00000000 fd:01 492917                     /usr/lib/locale/en_US.utf8/LC_TIME
7f18a9617000-7f18a961e000 r--s 00000000 fd:01 67113923                   /usr/lib64/gconv/gconv-modules.cache
7f18a961e000-7f18a961f000 ---p 00000000 00:00 0 
7f18a961f000-7f18a9622000 ---p 00000000 00:00 0 
7f18a9622000-7f18a971f000 rw-p 00000000 00:00 0 
7f18a971f000-7f18a972f000 r--p 00000000 fd:01 67114119                   /usr/lib64/libm.so.6
7f18a972f000-7f18a97a4000 r-xp 00010000 fd:01 67114119                   /usr/lib64/libm.so.6
7f18a97a4000-7f18a97fe000 r--p 00085000 fd:01 67114119                   /usr/lib64/libm.so.6
7f18a97fe000-7f18a97ff000 r--p 000de000 fd:01 67114119                   /usr/lib64/libm.so.6
7f18a97ff000-7f18a9800000 rw-p 000df000 fd:01 67114119                   /usr/lib64/libm.so.6
7f18a9800000-7f18a9817000 r-xp 00000000 fd:01 1946604609                 /opt/java/jdk1.8.0_221/lib/amd64/jli/libjli.so
7f18a9817000-7f18a9a16000 ---p 00017000 fd:01 1946604609                 /opt/java/jdk1.8.0_221/lib/amd64/jli/libjli.so
7f18a9a16000-7f18a9a17000 r--p 00016000 fd:01 1946604609                 /opt/java/jdk1.8.0_221/lib/amd64/jli/libjli.so
7f18a9a17000-7f18a9a18000 rw-p 00017000 fd:01 1946604609                 /opt/java/jdk1.8.0_221/lib/amd64/jli/libjli.so
7f18a9a18000-7f18a9a19000 r--p 00000000 fd:01 492915                     /usr/lib/locale/en_US.utf8/LC_MONETARY
7f18a9a19000-7f18a9ab9000 rw-p 00000000 00:00 0 
7f18a9ab9000-7f18a9aba000 r--p 00000000 fd:01 67114127                   /usr/lib64/librt.so.1
7f18a9aba000-7f18a9abb000 r-xp 00001000 fd:01 67114127                   /usr/lib64/librt.so.1
7f18a9abb000-7f18a9abc000 r--p 00002000 fd:01 67114127                   /usr/lib64/librt.so.1
7f18a9abc000-7f18a9abd000 r--p 00002000 fd:01 67114127                   /usr/lib64/librt.so.1
7f18a9abd000-7f18a9abe000 rw-p 00003000 fd:01 67114127                   /usr/lib64/librt.so.1
7f18a9abe000-7f18a9ac0000 rw-p 00000000 00:00 0 
7f18a9ac0000-7f18a9ae6000 r--p 00000000 fd:01 67114116                   /usr/lib64/libc.so.6
7f18a9ae6000-7f18a9c43000 r-xp 00026000 fd:01 67114116                   /usr/lib64/libc.so.6
7f18a9c43000-7f18a9c90000 r--p 00183000 fd:01 67114116                   /usr/lib64/libc.so.6
7f18a9c90000-7f18a9c94000 r--p 001d0000 fd:01 67114116                   /usr/lib64/libc.so.6
7f18a9c94000-7f18a9c96000 rw-p 001d4000 fd:01 67114116                   /usr/lib64/libc.so.6
7f18a9c96000-7f18a9c9e000 rw-p 00000000 00:00 0 
7f18a9c9e000-7f18a9c9f000 r--p 00000000 fd:01 67114118                   /usr/lib64/libdl.so.2
7f18a9c9f000-7f18a9ca0000 r-xp 00001000 fd:01 67114118                   /usr/lib64/libdl.so.2
7f18a9ca0000-7f18a9ca1000 r--p 00002000 fd:01 67114118                   /usr/lib64/libdl.so.2
7f18a9ca1000-7f18a9ca2000 r--p 00002000 fd:01 67114118                   /usr/lib64/libdl.so.2
7f18a9ca2000-7f18a9ca3000 rw-p 00003000 fd:01 67114118                   /usr/lib64/libdl.so.2
7f18a9ca3000-7f18a9ca4000 r--p 00000000 fd:01 67114125                   /usr/lib64/libpthread.so.0
7f18a9ca4000-7f18a9ca5000 r-xp 00001000 fd:01 67114125                   /usr/lib64/libpthread.so.0
7f18a9ca5000-7f18a9ca6000 r--p 00002000 fd:01 67114125                   /usr/lib64/libpthread.so.0
7f18a9ca6000-7f18a9ca7000 r--p 00002000 fd:01 67114125                   /usr/lib64/libpthread.so.0
7f18a9ca7000-7f18a9ca8000 rw-p 00003000 fd:01 67114125                   /usr/lib64/libpthread.so.0
7f18a9ca8000-7f18a9ca9000 r--p 00000000 fd:01 492925                     /usr/lib/locale/en_US.utf8/LC_MESSAGES/SYS_LC_MESSAGES
7f18a9ca9000-7f18a9caa000 r--p 00000000 fd:01 135088862                  /usr/lib/locale/en_US.utf8/LC_PAPER
7f18a9caa000-7f18a9cab000 r--p 00000000 fd:01 202065930                  /usr/lib/locale/en_US.utf8/LC_NAME
7f18a9cab000-7f18a9cac000 r--p 00000000 fd:01 492911                     /usr/lib/locale/en_US.utf8/LC_ADDRESS
7f18a9cac000-7f18a9cad000 r--p 00000000 fd:01 492916                     /usr/lib/locale/en_US.utf8/LC_TELEPHONE
7f18a9cad000-7f18a9cae000 r--p 00000000 fd:01 492914                     /usr/lib/locale/en_US.utf8/LC_MEASUREMENT
7f18a9cae000-7f18a9caf000 r--p 00000000 fd:01 492913                     /usr/lib/locale/en_US.utf8/LC_IDENTIFICATION
7f18a9caf000-7f18a9cb7000 rw-s 00000000 00:28 273                        /tmp/hsperfdata_me/21102
7f18a9cb7000-7f18a9cb8000 rw-p 00000000 00:00 0 
7f18a9cb8000-7f18a9cb9000 r--p 00000000 00:00 0 
7f18a9cb9000-7f18a9cbb000 rw-p 00000000 00:00 0 
7f18a9cbb000-7f18a9cbc000 r--p 00000000 fd:01 67114113                   /usr/lib64/ld-linux-x86-64.so.2
7f18a9cbc000-7f18a9ce3000 r-xp 00001000 fd:01 67114113                   /usr/lib64/ld-linux-x86-64.so.2
7f18a9ce3000-7f18a9ced000 r--p 00028000 fd:01 67114113                   /usr/lib64/ld-linux-x86-64.so.2
7f18a9ced000-7f18a9cef000 r--p 00031000 fd:01 67114113                   /usr/lib64/ld-linux-x86-64.so.2
7f18a9cef000-7f18a9cf1000 rw-p 00033000 fd:01 67114113                   /usr/lib64/ld-linux-x86-64.so.2
7fff0a52c000-7fff0a54e000 rw-p 00000000 00:00 0                          [stack]
7fff0a55b000-7fff0a55f000 r--p 00000000 00:00 0                          [vvar]
7fff0a55f000-7fff0a561000 r-xp 00000000 00:00 0                          [vdso]
ffffffffff600000-ffffffffff601000 --xp 00000000 00:00 0                  [vsyscall]

VM Arguments:
jvm_args: -XX:+HeapDumpOnOutOfMemoryError -XX:MaxMetaspaceSize=512m -XX:MaxNewSize=2g -XX:MetaspaceSize=512m -XX:NewSize=2g -XX:SurvivorRatio=14 -XX:TargetSurvivorRatio=14 -Xms8g -Xmx8g -Dfile.encoding=UTF-8 -Duser.country=US -Duser.language=en -Duser.variant -javaagent:/home/me/dev/projects/liferay-portal/.gradle/wrapper/dists/gradle-8.5.LIFERAY-PATCHED-1-bin/el9hh4x2u8blgfqq2ywaprhf1/gradle-8.5/lib/agents/gradle-instrumentation-agent-8.5.jar 
java_command: org.gradle.launcher.daemon.bootstrap.GradleDaemon 8.5
java_class_path (initial): /home/me/dev/projects/liferay-portal/.gradle/wrapper/dists/gradle-8.5.LIFERAY-PATCHED-1-bin/el9hh4x2u8blgfqq2ywaprhf1/gradle-8.5/lib/gradle-launcher-8.5.jar:/home/me/dev/projects/liferay-portal/.gradle/wrapper/dists/gradle-8.5.LIFERAY-PATCHED-1-bin/el9hh4x2u8blgfqq2ywaprhf1/gradle-8.5/lib/agents/gradle-instrumentation-agent-8.5.jar
Launcher Type: SUN_STANDARD

Environment Variables:
JAVA_HOME=/opt/java/jdk
PATH=/opt/java/ant/bin:/opt/java/jdk/bin:/home/me/.npm-global/bin:/opt/java/maven/bin:~/jpm/bin:/opt/java/ant/bin:/opt/java/jdk/bin:/home/me/.npm-global/bin:/opt/java/maven/bin:~/jpm/bin:/home/me/.local/bin:/home/me/bin:/usr/local/bin:/bin:/usr/bin:/usr/local/sbin:/usr/sbin:/sbin:/home/me/jpm/bin:/home/me/jpm/bin:/home/me/jpm/bin
SHELL=/bin/bash
DISPLAY=:0

Signal Handlers:
SIGSEGV: [libjvm.so+0xad3d90], sa_mask[0]=11111111011111111101111111111110, sa_flags=SA_RESTART|SA_SIGINFO
SIGBUS: [libjvm.so+0xad3d90], sa_mask[0]=11111111011111111101111111111110, sa_flags=SA_RESTART|SA_SIGINFO
SIGFPE: [libjvm.so+0x90b8b0], sa_mask[0]=11111111011111111101111111111110, sa_flags=SA_RESTART|SA_SIGINFO
SIGPIPE: [libjvm.so+0x90b8b0], sa_mask[0]=11111111011111111101111111111110, sa_flags=SA_RESTART|SA_SIGINFO
SIGXFSZ: [libjvm.so+0x90b8b0], sa_mask[0]=11111111011111111101111111111110, sa_flags=SA_RESTART|SA_SIGINFO
SIGILL: [libjvm.so+0x90b8b0], sa_mask[0]=11111111011111111101111111111110, sa_flags=SA_RESTART|SA_SIGINFO
SIGUSR1: SIG_DFL, sa_mask[0]=00000000000000000000000000000000, sa_flags=none
SIGUSR2: [libjvm.so+0x90b780], sa_mask[0]=00100000000000000000000000000000, sa_flags=SA_RESTART|SA_SIGINFO
SIGHUP: [libjvm.so+0x90bda0], sa_mask[0]=11111111011111111101111111111110, sa_flags=SA_RESTART|SA_SIGINFO
SIGINT: [libjvm.so+0x90bda0], sa_mask[0]=11111111011111111101111111111110, sa_flags=SA_RESTART|SA_SIGINFO
SIGTERM: [libjvm.so+0x90bda0], sa_mask[0]=11111111011111111101111111111110, sa_flags=SA_RESTART|SA_SIGINFO
SIGQUIT: [libjvm.so+0x90bda0], sa_mask[0]=11111111011111111101111111111110, sa_flags=SA_RESTART|SA_SIGINFO


---------------  S Y S T E M  ---------------

OS:Fedora release 38 (Thirty Eight)

uname:Linux 6.8.9-100.fc38.x86_64 #1 SMP PREEMPT_DYNAMIC Thu May  2 18:50:49 UTC 2024 x86_64
libc:glibc 2.37 NPTL 2.37 
rlimit: STACK 8192k, CORE infinity, NPROC 126570, NOFILE 100000, AS infinity
load average:7.83 7.76 3.94

/proc/meminfo:
MemTotal:       32451972 kB
MemFree:         2824996 kB
MemAvailable:    9889196 kB
Buffers:             432 kB
Cached:          5509836 kB
SwapCached:         1412 kB
Active:          6282832 kB
Inactive:       16820084 kB
Active(anon):    5405084 kB
Inactive(anon): 12454636 kB
Active(file):     877748 kB
Inactive(file):  4365448 kB
Unevictable:       38552 kB
Mlocked:              16 kB
SwapTotal:       8388604 kB
SwapFree:        7966204 kB
Zswap:                 0 kB
Zswapped:              0 kB
Dirty:            237568 kB
Writeback:             0 kB
AnonPages:      17631136 kB
Mapped:           708212 kB
Shmem:            266984 kB
KReclaimable:    2346464 kB
Slab:            2911080 kB
SReclaimable:    2346464 kB
SUnreclaim:       564616 kB
KernelStack:       24528 kB
PageTables:        83752 kB
SecPageTables:         0 kB
NFS_Unstable:          0 kB
Bounce:                0 kB
WritebackTmp:          0 kB
CommitLimit:    24614588 kB
Committed_AS:   36777060 kB
VmallocTotal:   34359738367 kB
VmallocUsed:      428912 kB
VmallocChunk:          0 kB
Percpu:             9504 kB
HardwareCorrupted:     0 kB
AnonHugePages:         0 kB
ShmemHugePages:        0 kB
ShmemPmdMapped:        0 kB
FileHugePages:     12288 kB
FilePmdMapped:         0 kB
CmaTotal:              0 kB
CmaFree:               0 kB
Unaccepted:            0 kB
HugePages_Total:       0
HugePages_Free:        0
HugePages_Rsvd:        0
HugePages_Surp:        0
Hugepagesize:       2048 kB
Hugetlb:               0 kB
DirectMap4k:      284920 kB
DirectMap2M:     9793536 kB
DirectMap1G:    23068672 kB


CPU:total 12 (initial active 12) (6 cores per cpu, 2 threads per core) family 6 model 165 stepping 2, cmov, cx8, fxsr, mmx, sse, sse2, sse3, ssse3, sse4.1, sse4.2, popcnt, avx, avx2, aes, clmul, erms, 3dnowpref, lzcnt, ht, tsc, tscinvbit, bmi1, bmi2, adx

/proc/cpuinfo:
processor	: 0
vendor_id	: GenuineIntel
cpu family	: 6
model		: 165
model name	: Intel(R) Core(TM) i7-10850H CPU @ 2.70GHz
stepping	: 2
microcode	: 0xf8
cpu MHz		: 2999.961
cache size	: 12288 KB
physical id	: 0
siblings	: 12
core id		: 0
cpu cores	: 6
apicid		: 0
initial apicid	: 0
fpu		: yes
fpu_exception	: yes
cpuid level	: 22
wp		: yes
flags		: fpu vme de pse tsc msr pae mce cx8 apic sep mtrr pge mca cmov pat pse36 clflush dts acpi mmx fxsr sse sse2 ss ht tm pbe syscall nx pdpe1gb rdtscp lm constant_tsc art arch_perfmon pebs bts rep_good nopl xtopology nonstop_tsc cpuid aperfmperf pni pclmulqdq dtes64 monitor ds_cpl vmx smx est tm2 ssse3 sdbg fma cx16 xtpr pdcm pcid sse4_1 sse4_2 x2apic movbe popcnt tsc_deadline_timer aes xsave avx f16c rdrand lahf_lm abm 3dnowprefetch cpuid_fault epb ssbd ibrs ibpb stibp ibrs_enhanced tpr_shadow flexpriority ept vpid ept_ad fsgsbase tsc_adjust bmi1 avx2 smep bmi2 erms invpcid mpx rdseed adx smap clflushopt intel_pt xsaveopt xsavec xgetbv1 xsaves dtherm ida arat pln pts hwp hwp_notify hwp_act_window hwp_epp vnmi pku ospke md_clear flush_l1d arch_capabilities
vmx flags	: vnmi preemption_timer posted_intr invvpid ept_x_only ept_ad ept_1gb flexpriority apicv tsc_offset vtpr mtf vapic ept vpid unrestricted_guest vapic_reg vid ple shadow_vmcs pml ept_mode_based_exec
bugs		: spectre_v1 spectre_v2 spec_store_bypass swapgs itlb_multihit srbds mmio_stale_data retbleed eibrs_pbrsb gds bhi
bogomips	: 5399.81
clflush size	: 64
cache_alignment	: 64
address sizes	: 39 bits physical, 48 bits virtual
power management:

processor	: 1
vendor_id	: GenuineIntel
cpu family	: 6
model		: 165
model name	: Intel(R) Core(TM) i7-10850H CPU @ 2.70GHz
stepping	: 2
microcode	: 0xf8
cpu MHz		: 2999.972
cache size	: 12288 KB
physical id	: 0
siblings	: 12
core id		: 1
cpu cores	: 6
apicid		: 2
initial apicid	: 2
fpu		: yes
fpu_exception	: yes
cpuid level	: 22
wp		: yes
flags		: fpu vme de pse tsc msr pae mce cx8 apic sep mtrr pge mca cmov pat pse36 clflush dts acpi mmx fxsr sse sse2 ss ht tm pbe syscall nx pdpe1gb rdtscp lm constant_tsc art arch_perfmon pebs bts rep_good nopl xtopology nonstop_tsc cpuid aperfmperf pni pclmulqdq dtes64 monitor ds_cpl vmx smx est tm2 ssse3 sdbg fma cx16 xtpr pdcm pcid sse4_1 sse4_2 x2apic movbe popcnt tsc_deadline_timer aes xsave avx f16c rdrand lahf_lm abm 3dnowprefetch cpuid_fault epb ssbd ibrs ibpb stibp ibrs_enhanced tpr_shadow flexpriority ept vpid ept_ad fsgsbase tsc_adjust bmi1 avx2 smep bmi2 erms invpcid mpx rdseed adx smap clflushopt intel_pt xsaveopt xsavec xgetbv1 xsaves dtherm ida arat pln pts hwp hwp_notify hwp_act_window hwp_epp vnmi pku ospke md_clear flush_l1d arch_capabilities
vmx flags	: vnmi preemption_timer posted_intr invvpid ept_x_only ept_ad ept_1gb flexpriority apicv tsc_offset vtpr mtf vapic ept vpid unrestricted_guest vapic_reg vid ple shadow_vmcs pml ept_mode_based_exec
bugs		: spectre_v1 spectre_v2 spec_store_bypass swapgs itlb_multihit srbds mmio_stale_data retbleed eibrs_pbrsb gds bhi
bogomips	: 5399.81
clflush size	: 64
cache_alignment	: 64
address sizes	: 39 bits physical, 48 bits virtual
power management:

processor	: 2
vendor_id	: GenuineIntel
cpu family	: 6
model		: 165
model name	: Intel(R) Core(TM) i7-10850H CPU @ 2.70GHz
stepping	: 2
microcode	: 0xf8
cpu MHz		: 3000.051
cache size	: 12288 KB
physical id	: 0
siblings	: 12
core id		: 2
cpu cores	: 6
apicid		: 4
initial apicid	: 4
fpu		: yes
fpu_exception	: yes
cpuid level	: 22
wp		: yes
flags		: fpu vme de pse tsc msr pae mce cx8 apic sep mtrr pge mca cmov pat pse36 clflush dts acpi mmx fxsr sse sse2 ss ht tm pbe syscall nx pdpe1gb rdtscp lm constant_tsc art arch_perfmon pebs bts rep_good nopl xtopology nonstop_tsc cpuid aperfmperf pni pclmulqdq dtes64 monitor ds_cpl vmx smx est tm2 ssse3 sdbg fma cx16 xtpr pdcm pcid sse4_1 sse4_2 x2apic movbe popcnt tsc_deadline_timer aes xsave avx f16c rdrand lahf_lm abm 3dnowprefetch cpuid_fault epb ssbd ibrs ibpb stibp ibrs_enhanced tpr_shadow flexpriority ept vpid ept_ad fsgsbase tsc_adjust bmi1 avx2 smep bmi2 erms invpcid mpx rdseed adx smap clflushopt intel_pt xsaveopt xsavec xgetbv1 xsaves dtherm ida arat pln pts hwp hwp_notify hwp_act_window hwp_epp vnmi pku ospke md_clear flush_l1d arch_capabilities
vmx flags	: vnmi preemption_timer posted_intr invvpid ept_x_only ept_ad ept_1gb flexpriority apicv tsc_offset vtpr mtf vapic ept vpid unrestricted_guest vapic_reg vid ple shadow_vmcs pml ept_mode_based_exec
bugs		: spectre_v1 spectre_v2 spec_store_bypass swapgs itlb_multihit srbds mmio_stale_data retbleed eibrs_pbrsb gds bhi
bogomips	: 5399.81
clflush size	: 64
cache_alignment	: 64
address sizes	: 39 bits physical, 48 bits virtual
power management:

processor	: 3
vendor_id	: GenuineIntel
cpu family	: 6
model		: 165
model name	: Intel(R) Core(TM) i7-10850H CPU @ 2.70GHz
stepping	: 2
microcode	: 0xf8
cpu MHz		: 3000.039
cache size	: 12288 KB
physical id	: 0
siblings	: 12
core id		: 3
cpu cores	: 6
apicid		: 6
initial apicid	: 6
fpu		: yes
fpu_exception	: yes
cpuid level	: 22
wp		: yes
flags		: fpu vme de pse tsc msr pae mce cx8 apic sep mtrr pge mca cmov pat pse36 clflush dts acpi mmx fxsr sse sse2 ss ht tm pbe syscall nx pdpe1gb rdtscp lm constant_tsc art arch_perfmon pebs bts rep_good nopl xtopology nonstop_tsc cpuid aperfmperf pni pclmulqdq dtes64 monitor ds_cpl vmx smx est tm2 ssse3 sdbg fma cx16 xtpr pdcm pcid sse4_1 sse4_2 x2apic movbe popcnt tsc_deadline_timer aes xsave avx f16c rdrand lahf_lm abm 3dnowprefetch cpuid_fault epb ssbd ibrs ibpb stibp ibrs_enhanced tpr_shadow flexpriority ept vpid ept_ad fsgsbase tsc_adjust bmi1 avx2 smep bmi2 erms invpcid mpx rdseed adx smap clflushopt intel_pt xsaveopt xsavec xgetbv1 xsaves dtherm ida arat pln pts hwp hwp_notify hwp_act_window hwp_epp vnmi pku ospke md_clear flush_l1d arch_capabilities
vmx flags	: vnmi preemption_timer posted_intr invvpid ept_x_only ept_ad ept_1gb flexpriority apicv tsc_offset vtpr mtf vapic ept vpid unrestricted_guest vapic_reg vid ple shadow_vmcs pml ept_mode_based_exec
bugs		: spectre_v1 spectre_v2 spec_store_bypass swapgs itlb_multihit srbds mmio_stale_data retbleed eibrs_pbrsb gds bhi
bogomips	: 5399.81
clflush size	: 64
cache_alignment	: 64
address sizes	: 39 bits physical, 48 bits virtual
power management:

processor	: 4
vendor_id	: GenuineIntel
cpu family	: 6
model		: 165
model name	: Intel(R) Core(TM) i7-10850H CPU @ 2.70GHz
stepping	: 2
microcode	: 0xf8
cpu MHz		: 2999.847
cache size	: 12288 KB
physical id	: 0
siblings	: 12
core id		: 4
cpu cores	: 6
apicid		: 8
initial apicid	: 8
fpu		: yes
fpu_exception	: yes
cpuid level	: 22
wp		: yes
flags		: fpu vme de pse tsc msr pae mce cx8 apic sep mtrr pge mca cmov pat pse36 clflush dts acpi mmx fxsr sse sse2 ss ht tm pbe syscall nx pdpe1gb rdtscp lm constant_tsc art arch_perfmon pebs bts rep_good nopl xtopology nonstop_tsc cpuid aperfmperf pni pclmulqdq dtes64 monitor ds_cpl vmx smx est tm2 ssse3 sdbg fma cx16 xtpr pdcm pcid sse4_1 sse4_2 x2apic movbe popcnt tsc_deadline_timer aes xsave avx f16c rdrand lahf_lm abm 3dnowprefetch cpuid_fault epb ssbd ibrs ibpb stibp ibrs_enhanced tpr_shadow flexpriority ept vpid ept_ad fsgsbase tsc_adjust bmi1 avx2 smep bmi2 erms invpcid mpx rdseed adx smap clflushopt intel_pt xsaveopt xsavec xgetbv1 xsaves dtherm ida arat pln pts hwp hwp_notify hwp_act_window hwp_epp vnmi pku ospke md_clear flush_l1d arch_capabilities
vmx flags	: vnmi preemption_timer posted_intr invvpid ept_x_only ept_ad ept_1gb flexpriority apicv tsc_offset vtpr mtf vapic ept vpid unrestricted_guest vapic_reg vid ple shadow_vmcs pml ept_mode_based_exec
bugs		: spectre_v1 spectre_v2 spec_store_bypass swapgs itlb_multihit srbds mmio_stale_data retbleed eibrs_pbrsb gds bhi
bogomips	: 5399.81
clflush size	: 64
cache_alignment	: 64
address sizes	: 39 bits physical, 48 bits virtual
power management:

processor	: 5
vendor_id	: GenuineIntel
cpu family	: 6
model		: 165
model name	: Intel(R) Core(TM) i7-10850H CPU @ 2.70GHz
stepping	: 2
microcode	: 0xf8
cpu MHz		: 3000.143
cache size	: 12288 KB
physical id	: 0
siblings	: 12
core id		: 5
cpu cores	: 6
apicid		: 10
initial apicid	: 10
fpu		: yes
fpu_exception	: yes
cpuid level	: 22
wp		: yes
flags		: fpu vme de pse tsc msr pae mce cx8 apic sep mtrr pge mca cmov pat pse36 clflush dts acpi mmx fxsr sse sse2 ss ht tm pbe syscall nx pdpe1gb rdtscp lm constant_tsc art arch_perfmon pebs bts rep_good nopl xtopology nonstop_tsc cpuid aperfmperf pni pclmulqdq dtes64 monitor ds_cpl vmx smx est tm2 ssse3 sdbg fma cx16 xtpr pdcm pcid sse4_1 sse4_2 x2apic movbe popcnt tsc_deadline_timer aes xsave avx f16c rdrand lahf_lm abm 3dnowprefetch cpuid_fault epb ssbd ibrs ibpb stibp ibrs_enhanced tpr_shadow flexpriority ept vpid ept_ad fsgsbase tsc_adjust bmi1 avx2 smep bmi2 erms invpcid mpx rdseed adx smap clflushopt intel_pt xsaveopt xsavec xgetbv1 xsaves dtherm ida arat pln pts hwp hwp_notify hwp_act_window hwp_epp vnmi pku ospke md_clear flush_l1d arch_capabilities
vmx flags	: vnmi preemption_timer posted_intr invvpid ept_x_only ept_ad ept_1gb flexpriority apicv tsc_offset vtpr mtf vapic ept vpid unrestricted_guest vapic_reg vid ple shadow_vmcs pml ept_mode_based_exec
bugs		: spectre_v1 spectre_v2 spec_store_bypass swapgs itlb_multihit srbds mmio_stale_data retbleed eibrs_pbrsb gds bhi
bogomips	: 5399.81
clflush size	: 64
cache_alignment	: 64
address sizes	: 39 bits physical, 48 bits virtual
power management:

processor	: 6
vendor_id	: GenuineIntel
cpu family	: 6
model		: 165
model name	: Intel(R) Core(TM) i7-10850H CPU @ 2.70GHz
stepping	: 2
microcode	: 0xf8
cpu MHz		: 3000.022
cache size	: 12288 KB
physical id	: 0
siblings	: 12
core id		: 0
cpu cores	: 6
apicid		: 1
initial apicid	: 1
fpu		: yes
fpu_exception	: yes
cpuid level	: 22
wp		: yes
flags		: fpu vme de pse tsc msr pae mce cx8 apic sep mtrr pge mca cmov pat pse36 clflush dts acpi mmx fxsr sse sse2 ss ht tm pbe syscall nx pdpe1gb rdtscp lm constant_tsc art arch_perfmon pebs bts rep_good nopl xtopology nonstop_tsc cpuid aperfmperf pni pclmulqdq dtes64 monitor ds_cpl vmx smx est tm2 ssse3 sdbg fma cx16 xtpr pdcm pcid sse4_1 sse4_2 x2apic movbe popcnt tsc_deadline_timer aes xsave avx f16c rdrand lahf_lm abm 3dnowprefetch cpuid_fault epb ssbd ibrs ibpb stibp ibrs_enhanced tpr_shadow flexpriority ept vpid ept_ad fsgsbase tsc_adjust bmi1 avx2 smep bmi2 erms invpcid mpx rdseed adx smap clflushopt intel_pt xsaveopt xsavec xgetbv1 xsaves dtherm ida arat pln pts hwp hwp_notify hwp_act_window hwp_epp vnmi pku ospke md_clear flush_l1d arch_capabilities
vmx flags	: vnmi preemption_timer posted_intr invvpid ept_x_only ept_ad ept_1gb flexpriority apicv tsc_offset vtpr mtf vapic ept vpid unrestricted_guest vapic_reg vid ple shadow_vmcs pml ept_mode_based_exec
bugs		: spectre_v1 spectre_v2 spec_store_bypass swapgs itlb_multihit srbds mmio_stale_data retbleed eibrs_pbrsb gds bhi
bogomips	: 5399.81
clflush size	: 64
cache_alignment	: 64
address sizes	: 39 bits physical, 48 bits virtual
power management:

processor	: 7
vendor_id	: GenuineIntel
cpu family	: 6
model		: 165
model name	: Intel(R) Core(TM) i7-10850H CPU @ 2.70GHz
stepping	: 2
microcode	: 0xf8
cpu MHz		: 3000.034
cache size	: 12288 KB
physical id	: 0
siblings	: 12
core id		: 1
cpu cores	: 6
apicid		: 3
initial apicid	: 3
fpu		: yes
fpu_exception	: yes
cpuid level	: 22
wp		: yes
flags		: fpu vme de pse tsc msr pae mce cx8 apic sep mtrr pge mca cmov pat pse36 clflush dts acpi mmx fxsr sse sse2 ss ht tm pbe syscall nx pdpe1gb rdtscp lm constant_tsc art arch_perfmon pebs bts rep_good nopl xtopology nonstop_tsc cpuid aperfmperf pni pclmulqdq dtes64 monitor ds_cpl vmx smx est tm2 ssse3 sdbg fma cx16 xtpr pdcm pcid sse4_1 sse4_2 x2apic movbe popcnt tsc_deadline_timer aes xsave avx f16c rdrand lahf_lm abm 3dnowprefetch cpuid_fault epb ssbd ibrs ibpb stibp ibrs_enhanced tpr_shadow flexpriority ept vpid ept_ad fsgsbase tsc_adjust bmi1 avx2 smep bmi2 erms invpcid mpx rdseed adx smap clflushopt intel_pt xsaveopt xsavec xgetbv1 xsaves dtherm ida arat pln pts hwp hwp_notify hwp_act_window hwp_epp vnmi pku ospke md_clear flush_l1d arch_capabilities
vmx flags	: vnmi preemption_timer posted_intr invvpid ept_x_only ept_ad ept_1gb flexpriority apicv tsc_offset vtpr mtf vapic ept vpid unrestricted_guest vapic_reg vid ple shadow_vmcs pml ept_mode_based_exec
bugs		: spectre_v1 spectre_v2 spec_store_bypass swapgs itlb_multihit srbds mmio_stale_data retbleed eibrs_pbrsb gds bhi
bogomips	: 5399.81
clflush size	: 64
cache_alignment	: 64
address sizes	: 39 bits physical, 48 bits virtual
power management:

processor	: 8
vendor_id	: GenuineIntel
cpu family	: 6
model		: 165
model name	: Intel(R) Core(TM) i7-10850H CPU @ 2.70GHz
stepping	: 2
microcode	: 0xf8
cpu MHz		: 3000.078
cache size	: 12288 KB
physical id	: 0
siblings	: 12
core id		: 2
cpu cores	: 6
apicid		: 5
initial apicid	: 5
fpu		: yes
fpu_exception	: yes
cpuid level	: 22
wp		: yes
flags		: fpu vme de pse tsc msr pae mce cx8 apic sep mtrr pge mca cmov pat pse36 clflush dts acpi mmx fxsr sse sse2 ss ht tm pbe syscall nx pdpe1gb rdtscp lm constant_tsc art arch_perfmon pebs bts rep_good nopl xtopology nonstop_tsc cpuid aperfmperf pni pclmulqdq dtes64 monitor ds_cpl vmx smx est tm2 ssse3 sdbg fma cx16 xtpr pdcm pcid sse4_1 sse4_2 x2apic movbe popcnt tsc_deadline_timer aes xsave avx f16c rdrand lahf_lm abm 3dnowprefetch cpuid_fault epb ssbd ibrs ibpb stibp ibrs_enhanced tpr_shadow flexpriority ept vpid ept_ad fsgsbase tsc_adjust bmi1 avx2 smep bmi2 erms invpcid mpx rdseed adx smap clflushopt intel_pt xsaveopt xsavec xgetbv1 xsaves dtherm ida arat pln pts hwp hwp_notify hwp_act_window hwp_epp vnmi pku ospke md_clear flush_l1d arch_capabilities
vmx flags	: vnmi preemption_timer posted_intr invvpid ept_x_only ept_ad ept_1gb flexpriority apicv tsc_offset vtpr mtf vapic ept vpid unrestricted_guest vapic_reg vid ple shadow_vmcs pml ept_mode_based_exec
bugs		: spectre_v1 spectre_v2 spec_store_bypass swapgs itlb_multihit srbds mmio_stale_data retbleed eibrs_pbrsb gds bhi
bogomips	: 5399.81
clflush size	: 64
cache_alignment	: 64
address sizes	: 39 bits physical, 48 bits virtual
power management:

processor	: 9
vendor_id	: GenuineIntel
cpu family	: 6
model		: 165
model name	: Intel(R) Core(TM) i7-10850H CPU @ 2.70GHz
stepping	: 2
microcode	: 0xf8
cpu MHz		: 3000.028
cache size	: 12288 KB
physical id	: 0
siblings	: 12
core id		: 3
cpu cores	: 6
apicid		: 7
initial apicid	: 7
fpu		: yes
fpu_exception	: yes
cpuid level	: 22
wp		: yes
flags		: fpu vme de pse tsc msr pae mce cx8 apic sep mtrr pge mca cmov pat pse36 clflush dts acpi mmx fxsr sse sse2 ss ht tm pbe syscall nx pdpe1gb rdtscp lm constant_tsc art arch_perfmon pebs bts rep_good nopl xtopology nonstop_tsc cpuid aperfmperf pni pclmulqdq dtes64 monitor ds_cpl vmx smx est tm2 ssse3 sdbg fma cx16 xtpr pdcm pcid sse4_1 sse4_2 x2apic movbe popcnt tsc_deadline_timer aes xsave avx f16c rdrand lahf_lm abm 3dnowprefetch cpuid_fault epb ssbd ibrs ibpb stibp ibrs_enhanced tpr_shadow flexpriority ept vpid ept_ad fsgsbase tsc_adjust bmi1 avx2 smep bmi2 erms invpcid mpx rdseed adx smap clflushopt intel_pt xsaveopt xsavec xgetbv1 xsaves dtherm ida arat pln pts hwp hwp_notify hwp_act_window hwp_epp vnmi pku ospke md_clear flush_l1d arch_capabilities
vmx flags	: vnmi preemption_timer posted_intr invvpid ept_x_only ept_ad ept_1gb flexpriority apicv tsc_offset vtpr mtf vapic ept vpid unrestricted_guest vapic_reg vid ple shadow_vmcs pml ept_mode_based_exec
bugs		: spectre_v1 spectre_v2 spec_store_bypass swapgs itlb_multihit srbds mmio_stale_data retbleed eibrs_pbrsb gds bhi
bogomips	: 5399.81
clflush size	: 64
cache_alignment	: 64
address sizes	: 39 bits physical, 48 bits virtual
power management:

processor	: 10
vendor_id	: GenuineIntel
cpu family	: 6
model		: 165
model name	: Intel(R) Core(TM) i7-10850H CPU @ 2.70GHz
stepping	: 2
microcode	: 0xf8
cpu MHz		: 3000.008
cache size	: 12288 KB
physical id	: 0
siblings	: 12
core id		: 4
cpu cores	: 6
apicid		: 9
initial apicid	: 9
fpu		: yes
fpu_exception	: yes
cpuid level	: 22
wp		: yes
flags		: fpu vme de pse tsc msr pae mce cx8 apic sep mtrr pge mca cmov pat pse36 clflush dts acpi mmx fxsr sse sse2 ss ht tm pbe syscall nx pdpe1gb rdtscp lm constant_tsc art arch_perfmon pebs bts rep_good nopl xtopology nonstop_tsc cpuid aperfmperf pni pclmulqdq dtes64 monitor ds_cpl vmx smx est tm2 ssse3 sdbg fma cx16 xtpr pdcm pcid sse4_1 sse4_2 x2apic movbe popcnt tsc_deadline_timer aes xsave avx f16c rdrand lahf_lm abm 3dnowprefetch cpuid_fault epb ssbd ibrs ibpb stibp ibrs_enhanced tpr_shadow flexpriority ept vpid ept_ad fsgsbase tsc_adjust bmi1 avx2 smep bmi2 erms invpcid mpx rdseed adx smap clflushopt intel_pt xsaveopt xsavec xgetbv1 xsaves dtherm ida arat pln pts hwp hwp_notify hwp_act_window hwp_epp vnmi pku ospke md_clear flush_l1d arch_capabilities
vmx flags	: vnmi preemption_timer posted_intr invvpid ept_x_only ept_ad ept_1gb flexpriority apicv tsc_offset vtpr mtf vapic ept vpid unrestricted_guest vapic_reg vid ple shadow_vmcs pml ept_mode_based_exec
bugs		: spectre_v1 spectre_v2 spec_store_bypass swapgs itlb_multihit srbds mmio_stale_data retbleed eibrs_pbrsb gds bhi
bogomips	: 5399.81
clflush size	: 64
cache_alignment	: 64
address sizes	: 39 bits physical, 48 bits virtual
power management:

processor	: 11
vendor_id	: GenuineIntel
cpu family	: 6
model		: 165
model name	: Intel(R) Core(TM) i7-10850H CPU @ 2.70GHz
stepping	: 2
microcode	: 0xf8
cpu MHz		: 3000.015
cache size	: 12288 KB
physical id	: 0
siblings	: 12
core id		: 5
cpu cores	: 6
apicid		: 11
initial apicid	: 11
fpu		: yes
fpu_exception	: yes
cpuid level	: 22
wp		: yes
flags		: fpu vme de pse tsc msr pae mce cx8 apic sep mtrr pge mca cmov pat pse36 clflush dts acpi mmx fxsr sse sse2 ss ht tm pbe syscall nx pdpe1gb rdtscp lm constant_tsc art arch_perfmon pebs bts rep_good nopl xtopology nonstop_tsc cpuid aperfmperf pni pclmulqdq dtes64 monitor ds_cpl vmx smx est tm2 ssse3 sdbg fma cx16 xtpr pdcm pcid sse4_1 sse4_2 x2apic movbe popcnt tsc_deadline_timer aes xsave avx f16c rdrand lahf_lm abm 3dnowprefetch cpuid_fault epb ssbd ibrs ibpb stibp ibrs_enhanced tpr_shadow flexpriority ept vpid ept_ad fsgsbase tsc_adjust bmi1 avx2 smep bmi2 erms invpcid mpx rdseed adx smap clflushopt intel_pt xsaveopt xsavec xgetbv1 xsaves dtherm ida arat pln pts hwp hwp_notify hwp_act_window hwp_epp vnmi pku ospke md_clear flush_l1d arch_capabilities
vmx flags	: vnmi preemption_timer posted_intr invvpid ept_x_only ept_ad ept_1gb flexpriority apicv tsc_offset vtpr mtf vapic ept vpid unrestricted_guest vapic_reg vid ple shadow_vmcs pml ept_mode_based_exec
bugs		: spectre_v1 spectre_v2 spec_store_bypass swapgs itlb_multihit srbds mmio_stale_data retbleed eibrs_pbrsb gds bhi
bogomips	: 5399.81
clflush size	: 64
cache_alignment	: 64
address sizes	: 39 bits physical, 48 bits virtual
power management:



Memory: 4k page, physical 32451972k(2824996k free), swap 8388604k(7966204k free)

vm_info: Java HotSpot(TM) 64-Bit Server VM (25.221-b11) for linux-amd64 JRE (1.8.0_221-b11), built on Jul  4 2019 04:27:00 by "java_re" with gcc 7.3.0

time: Thu Jan  2 09:58:38 2025
timezone: -03
elapsed time: 387 seconds (0d 0h 6m 27s)

